Cod_setor;Cod_Grandes Regiões;Nome_Grande_Regiao;Cod_UF;Nome_da_UF ;Cod_meso;Nome_da_meso;Cod_micro;Nome_da_micro;Cod_RM;Nome_da_RM;Cod_municipio;Nome_do_municipio;Cod_distrito;Nome_do_distrito;Cod_subdistrito;Nome_do_subdistrito;Cod_bairro;Nome_do_bairro;Situacao_setor;Domicilios_Particulares_Permanentes;Moradores_Domicilios_Particulares;Media_Moradores_por_Domicilio;Variancia_Moradores;Renda_Media_Mensal_Pessoas_10_Anos_ou_Mais;Variancia_Renda_Pessoas;Renda_Media_Mensal_Domicilios;Variancia_Renda_Domicilios;Renda_Media_Mensal_Pessoas_Com_Rendimento;Variancia_Renda_Pessoas_Com_Rendimento;Renda_Media_Mensal_Domicilios_Com_Rendimento;Variancia_Renda_Domicilios_Com_Rendimento
350950205000001;3;Região Sudeste;35;São Paulo;3507;Campinas;35032;Campinas;22;RM Campinas;3509502;CAMPINAS;350950205;CAMPINAS;35095020500;CAMPINAS;3509502000;CAMPINAS (todos os setores);1;174.0;377.0;2.17;1.54;1641.1;3425639.64;2147.0;3395263.26;1365.62;2774392.33;1897.89;2845838.48
350950205000002;3;Região Sudeste;35;São Paulo;3507;Campinas;35032;Campinas;22;RM Campinas;3509502;CAMPINAS;350950205;CAMPINAS;35095020500;CAMPINAS;3509502000;CAMPINAS (todos os setores);1;290.0;654.0;2.26;2.34;2003.61;3534077.33;2168.09;3467342.2;1350.39;2496501.71;1752.09;2535404.6
350950205000003;3;Região Sudeste;35;São Paulo;3507;Campinas;35032;Campinas;22;RM Campinas;3509502;CAMPINAS;350950205;CAMPINAS;35095020500;CAMPINAS;3509502000;CAMPINAS (todos os setores);1;252.0;449.0;1.78;0.98;1188.4;1572346.72;1592.97;1462573.33;972.59;1256122.08;1448.4;1181209.56
350950205000004;3;Região Sudeste;35;São Paulo;3507;Campinas;35032;Campinas;22;RM Campinas;3509502;CAMPINAS;350950205;CAMPINAS;35095020500;CAMPINAS;3509502000;CAMPINAS (todos os setores);1;307.0;656.0;2.14;1.28;2786.26;9867950.34;2889.81;9935672.47;2017.53;7113537.86;2440.62;7573593.39
350950205000005;3;Região Sudeste;35;São Paulo;3507;Campinas;35032;Campinas;22;RM Campinas;3509502;CAMPINAS;350950205;CAMPINAS;35095020500;CAMPINAS;3509502000;CAMPINAS (todos os setores);1;202.0;380.0;1.88;1.02;2290.45;3923497.81;2584.75;3665493.62;1908.33;3439116.94;2400.17;3143976.18
350950205000006;3;Região Sudeste;35;São Paulo;3507;Campinas;35032;Campinas;22;RM Campinas;3509502;CAMPINAS;350950205;CAMPINAS;35095020500;CAMPINAS;3509502000;CAMPINAS (todos os setores);1;201.0;347.0;1.73;0.97;1680.13;2201326.51;1805.91;2138639.38;1442.51;2134693.78;1716.27;2069731.47
350950205000007;3;Região Sudeste;35;São Paulo;3507;Campinas;35032;Campinas;22;RM Campinas;3509502;CAMPINAS;350950205;CAMPINAS;35095020500;CAMPINAS;3509502000;CAMPINAS (todos os setores);1;202.0;414.0;2.05;1.43;2735.69;8623444.61;2939.41;8667027.05;1999.18;6385725.55;2492.64;6733010.48
350950205000008;3;Região Sudeste;35;São Paulo;3507;Campinas;35032;Campinas;22;RM Campinas;3509502;CAMPINAS;350950205;CAMPINAS;35095020500;CAMPINAS;3509502000;CAMPINAS (todos os setores);1;217.0;455.0;2.1;1.21;2922.15;7774147.29;3139.14;7669751.2;2104.36;6088112.19;2662.66;6217140.83
350950205000009;3;Região Sudeste;35;São Paulo;3507;Campinas;35032;Campinas;22;RM Campinas;3509502;CAMPINAS;350950205;CAMPINAS;35095020500;CAMPINAS;3509502000;CAMPINAS (todos os setores);1;289.0;705.0;2.44;1.86;2273.05;4121647.36;2371.52;4066476.4;1612.53;3351957.32;1973.96;3389882.57
350950205000010;3;Região Sudeste;35;São Paulo;3507;Campinas;35032;Campinas;22;RM Campinas;3509502;CAMPINAS;350950205;CAMPINAS;35095020500;CAMPINAS;3509502000;CAMPINAS (todos os setores);1;147.0;303.0;2.06;1.37;1785.17;3444015.55;2168.76;3351370.95;1305.47;2454188.35;1783.53;2500492.99
350950205000011;3;Região Sudeste;35;São Paulo;3507;Campinas;35032;Campinas;22;RM Campinas;3509502;CAMPINAS;350950205;CAMPINAS;35095020500;CAMPINAS;3509502000;CAMPINAS (todos os setores);1;211.0;479.0;2.27;1.63;1809.7;3708092.13;1909.23;3722075.11;1388.7;3621527.18;1697.74;3903611.49
350950205000012;3;Região Sudeste;35;São Paulo;3507;Campinas;35032;Campinas;22;RM Campinas;3509502;CAMPINAS;350950205;CAMPINAS;35095020500;CAMPINAS;3509502000;CAMPINAS (todos os setores);1;153.0;404.0;2.64;1.88;2301.01;5242623.29;2411.34;5227856.11;1531.75;3364888.87;1819.23;3473742.35
350950205000013;3;Região Sudeste;35;São Paulo;3507;Campinas;35032;Campinas;22;RM Campinas;3509502;CAMPINAS;350950205;CAMPINAS;35095020500;CAMPINAS;3509502000;CAMPINAS (todos os setores);1;159.0;350.0;2.2;1.45;2014.42;4820618.46;2135.29;4851982.64;1457.97;3487738.92;1760.67;3679557.8
350950205000014;3;Região Sudeste;35;São Paulo;3507;Campinas;35032;Campinas;22;RM Campinas;3509502;CAMPINAS;350950205;CAMPINAS;35095020500;CAMPINAS;3509502000;CAMPINAS (todos os setores);1;288.0;611.0;2.12;1.28;2994.56;5294928.21;3026.08;5255137.78;2100.24;4322889.71;2610.42;4040628.36
350950205000015;3;Região Sudeste;35;São Paulo;3507;Campinas;35032;Campinas;22;RM Campinas;3509502;CAMPINAS;350950205;CAMPINAS;35095020500;CAMPINAS;3509502000;CAMPINAS (todos os setores);1;239.0;483.0;2.02;1.16;4560.02;32263854.56;4909.21;33023684.37;3466.73;27822074.58;4312.5;30970824.49
350950205000016;3;Região Sudeste;35;São Paulo;3507;Campinas;35032;Campinas;22;RM Campinas;3509502;CAMPINAS;350950205;CAMPINAS;35095020500;CAMPINAS;3509502000;CAMPINAS (todos os setores);1;297.0;555.0;1.87;0.91;3065.12;8381723.87;3183.01;8328670.39;2571.46;32894755.95;3011.46;37207940.86
350950205000017;3;Região Sudeste;35;São Paulo;3507;Campinas;35032;Campinas;22;RM Campinas;3509502;CAMPINAS;350950205;CAMPINAS;35095020500;CAMPINAS;3509502000;CAMPINAS (todos os setores);1;249.0;485.0;1.95;1.15;2270.65;8985270.21;2512.85;9336642.9;2015.56;7880355.21;2414.53;8478438.94
350950205000018;3;Região Sudeste;35;São Paulo;3507;Campinas;35032;Campinas;22;RM Campinas;3509502;CAMPINAS;350950205;CAMPINAS;35095020500;CAMPINAS;3509502000;CAMPINAS (todos os setores);1;205.0;392.0;1.91;0.87;2705.41;6331932.79;3205.84;5896362.81;2258.35;6804150.44;3113.54;6717755.28
350950205000019;3;Região Sudeste;35;São Paulo;3507;Campinas;35032;Campinas;22;RM Campinas;3509502;CAMPINAS;350950205;CAMPINAS;35095020500;CAMPINAS;3509502000;CAMPINAS (todos os setores);1;108.0;264.0;2.44;1.37;3967.9;14363373.91;4982.94;12963544.48;2689.56;10596684.66;4001.13;10515929.18
350950205000020;3;Região Sudeste;35;São Paulo;3507;Campinas;35032;Campinas;22;RM Campinas;3509502;CAMPINAS;350950205;CAMPINAS;35095020500;CAMPINAS;3509502000;CAMPINAS (todos os setores);1;227.0;366.0;1.61;0.65;2545.02;3066609.18;2804.47;2649598.49;1938.96;3894551.17;2699.33;3367251.13
350950205000021;3;Região Sudeste;35;São Paulo;3507;Campinas;35032;Campinas;22;RM Campinas;3509502;CAMPINAS;350950205;CAMPINAS;35095020500;CAMPINAS;3509502000;CAMPINAS (todos os setores);1;224.0;420.0;1.88;1.1;2993.72;6965220.86;3178.17;6807404.43;2345.8;5742697.42;2786.95;5592753.78
350950205000022;3;Região Sudeste;35;São Paulo;3507;Campinas;35032;Campinas;22;RM Campinas;3509502;CAMPINAS;350950205;CAMPINAS;35095020500;CAMPINAS;3509502000;CAMPINAS (todos os setores);1;216.0;451.0;2.09;1.56;1978.99;2521703.36;2025.88;2486286.98;1548.2;2126698.84;1771.14;2037846.75
350950205000023;3;Região Sudeste;35;São Paulo;3507;Campinas;35032;Campinas;22;RM Campinas;3509502;CAMPINAS;350950205;CAMPINAS;35095020500;CAMPINAS;3509502000;CAMPINAS (todos os setores);1;230.0;422.0;1.83;0.92;2783.93;7794823.32;3108.28;7694325.8;2257.61;7028898.73;2944.39;7145372.92
350950205000024;3;Região Sudeste;35;São Paulo;3507;Campinas;35032;Campinas;22;RM Campinas;3509502;CAMPINAS;350950205;CAMPINAS;35095020500;CAMPINAS;3509502000;CAMPINAS (todos os setores);1;152.0;243.0;1.6;0.68;2018.32;3961664.9;2289.44;3872454.77;1727.78;3247259.99;2045.83;3194077.75
350950205000025;3;Região Sudeste;35;São Paulo;3507;Campinas;35032;Campinas;22;RM Campinas;3509502;CAMPINAS;350950205;CAMPINAS;35095020500;CAMPINAS;3509502000;CAMPINAS (todos os setores);1;161.0;351.0;2.18;1.25;2371.06;2968595.75;2462.84;2856741.24;1740.14;3113211.03;2134.74;2976293.3
350950205000026;3;Região Sudeste;35;São Paulo;3507;Campinas;35032;Campinas;22;RM Campinas;3509502;CAMPINAS;350950205;CAMPINAS;35095020500;CAMPINAS;3509502000;CAMPINAS (todos os setores);1;178.0;494.0;2.78;1.61;3120.34;6451345.32;3286.51;6247577.28;1757.7;4485480.94;2342.01;4608460.45
350950205000027;3;Região Sudeste;35;São Paulo;3507;Campinas;35032;Campinas;22;RM Campinas;3509502;CAMPINAS;350950205;CAMPINAS;35095020500;CAMPINAS;3509502000;CAMPINAS (todos os setores);1;168.0;385.0;2.29;1.92;2125.32;5496645.26;2349.04;5550068.45;1781.87;10327366.68;2231.97;11936988.28
350950205000028;3;Região Sudeste;35;São Paulo;3507;Campinas;35032;Campinas;22;RM Campinas;3509502;CAMPINAS;350950205;CAMPINAS;35095020500;CAMPINAS;3509502000;CAMPINAS (todos os setores);1;175.0;455.0;2.6;2.26;1925.83;4780249.74;2324.28;4843602.42;1298.29;3290243.92;1895.41;3673064.16
350950205000029;3;Região Sudeste;35;São Paulo;3507;Campinas;35032;Campinas;22;RM Campinas;3509502;CAMPINAS;350950205;CAMPINAS;35095020500;CAMPINAS;3509502000;CAMPINAS (todos os setores);1;168.0;510.0;3.04;2.86;1177.18;1917461.64;1533.08;1951814.09;849.17;1294604.16;1368.6;1375887.65
350950205000030;3;Região Sudeste;35;São Paulo;3507;Campinas;35032;Campinas;22;RM Campinas;3509502;CAMPINAS;350950205;CAMPINAS;35095020500;CAMPINAS;3509502000;CAMPINAS (todos os setores);1;113.0;248.0;2.19;2.21;2314.96;6510137.03;2491.34;6567272.92;1587.82;3816390.51;1931.34;3979385.99
350950205000031;3;Região Sudeste;35;São Paulo;3507;Campinas;35032;Campinas;22;RM Campinas;3509502;CAMPINAS;350950205;CAMPINAS;35095020500;CAMPINAS;3509502000;CAMPINAS (todos os setores);1;233.0;555.0;2.38;2.58;1890.1;3416751.31;2077.33;3366031.16;1188.05;1858845.31;1454.53;1888235.68
350950205000032;3;Região Sudeste;35;São Paulo;3507;Campinas;35032;Campinas;22;RM Campinas;3509502;CAMPINAS;350950205;CAMPINAS;35095020500;CAMPINAS;3509502000;CAMPINAS (todos os setores);1;222.0;518.0;2.33;2.8;1714.8;10101729.09;2175.34;11822754.84;1185.64;5511535.73;1793.76;7253213.36
350950205000033;3;Região Sudeste;35;São Paulo;3507;Campinas;35032;Campinas;22;RM Campinas;3509502;CAMPINAS;350950205;CAMPINAS;35095020500;CAMPINAS;3509502000;CAMPINAS (todos os setores);1;197.0;456.0;2.31;1.45;2117.05;4591868.98;2383.19;4534536.21;1366.69;3015070.58;1949.29;3165177.61
350950205000034;3;Região Sudeste;35;São Paulo;3507;Campinas;35032;Campinas;22;RM Campinas;3509502;CAMPINAS;350950205;CAMPINAS;35095020500;CAMPINAS;3509502000;CAMPINAS (todos os setores);1;124.0;251.0;2.02;1.45;1610.89;3186447.17;2147.85;3094290.98;1228.41;2790188.22;1918.89;3035178.36
350950205000035;3;Região Sudeste;35;São Paulo;3507;Campinas;35032;Campinas;22;RM Campinas;3509502;CAMPINAS;350950205;CAMPINAS;35095020500;CAMPINAS;3509502000;CAMPINAS (todos os setores);1;236.0;432.0;1.83;0.97;2331.42;5086904.47;2571.1;4993182.0;1894.24;4284825.84;2280.82;4277540.82
350950205000036;3;Região Sudeste;35;São Paulo;3507;Campinas;35032;Campinas;22;RM Campinas;3509502;CAMPINAS;350950205;CAMPINAS;35095020500;CAMPINAS;3509502000;CAMPINAS (todos os setores);1;236.0;431.0;1.83;1.22;1746.55;4696113.31;2302.72;4912042.23;1363.63;3536401.33;2033.23;3912818.31
350950205000037;3;Região Sudeste;35;São Paulo;3507;Campinas;35032;Campinas;22;RM Campinas;3509502;CAMPINAS;350950205;CAMPINAS;35095020500;CAMPINAS;3509502000;CAMPINAS (todos os setores);1;253.0;426.0;1.68;0.8;3643.13;9768244.32;3746.8;9657334.19;2967.42;8874557.97;3404.29;8693355.08
350950205000038;3;Região Sudeste;35;São Paulo;3507;Campinas;35032;Campinas;22;RM Campinas;3509502;CAMPINAS;350950205;CAMPINAS;35095020500;CAMPINAS;3509502000;CAMPINAS (todos os setores);1;262.0;552.0;2.11;1.23;3418.27;22182863.41;3655.46;22857813.59;2407.28;13920854.86;3036.27;15652490.34
350950205000039;3;Região Sudeste;35;São Paulo;3507;Campinas;35032;Campinas;22;RM Campinas;3509502;CAMPINAS;350950205;CAMPINAS;35095020500;CAMPINAS;3509502000;CAMPINAS (todos os setores);1;196.0;417.0;2.13;1.41;3053.55;15256470.2;4099.29;16200982.66;2717.09;16240322.12;4118.09;18855009.45
350950205000040;3;Região Sudeste;35;São Paulo;3507;Campinas;35032;Campinas;22;RM Campinas;3509502;CAMPINAS;350950205;CAMPINAS;35095020500;CAMPINAS;3509502000;CAMPINAS (todos os setores);1;148.0;372.0;2.51;1.94;2909.63;12911839.89;3312.5;13368634.67;2190.86;8313926.8;2773.54;8911119.91
350950205000041;3;Região Sudeste;35;São Paulo;3507;Campinas;35032;Campinas;22;RM Campinas;3509502;CAMPINAS;350950205;CAMPINAS;35095020500;CAMPINAS;3509502000;CAMPINAS (todos os setores);1;333.0;755.0;2.27;1.46;2959.24;9608389.09;3284.76;9596028.43;2530.98;8571104.25;3213.12;8689575.44
350950205000042;3;Região Sudeste;35;São Paulo;3507;Campinas;35032;Campinas;22;RM Campinas;3509502;CAMPINAS;350950205;CAMPINAS;35095020500;CAMPINAS;3509502000;CAMPINAS (todos os setores);1;258.0;583.0;2.26;1.18;3819.72;11590599.48;3941.96;11479223.17;2510.2;8573076.19;3140.64;8746628.4
350950205000043;3;Região Sudeste;35;São Paulo;3507;Campinas;35032;Campinas;22;RM Campinas;3509502;CAMPINAS;350950205;CAMPINAS;35095020500;CAMPINAS;3509502000;CAMPINAS (todos os setores);1;140.0;342.0;2.44;1.85;2545.94;6277488.82;2620.82;6265785.76;1638.06;4573875.28;2131.45;4901228.72
350950205000044;3;Região Sudeste;35;São Paulo;3507;Campinas;35032;Campinas;22;RM Campinas;3509502;CAMPINAS;350950205;CAMPINAS;35095020500;CAMPINAS;3509502000;CAMPINAS (todos os setores);1;359.0;903.0;2.52;1.31;2692.19;13011955.54;4202.16;13968995.17;2139.18;9783039.14;3669.13;11169285.74
350950205000045;3;Região Sudeste;35;São Paulo;3507;Campinas;35032;Campinas;22;RM Campinas;3509502;CAMPINAS;350950205;CAMPINAS;35095020500;CAMPINAS;3509502000;CAMPINAS (todos os setores);1;176.0;569.0;3.23;2.34;882.08;1642410.94;1687.46;1784509.46;761.18;1365707.36;1556.95;1555221.93
350950205000046;3;Região Sudeste;35;São Paulo;3507;Campinas;35032;Campinas;22;RM Campinas;3509502;CAMPINAS;350950205;CAMPINAS;35095020500;CAMPINAS;3509502000;CAMPINAS (todos os setores);1;325.0;844.0;2.6;1.31;3427.92;10254373.16;3922.79;9791836.26;2516.36;9645080.71;3431.4;10013190.47
350950205000047;3;Região Sudeste;35;São Paulo;3507;Campinas;35032;Campinas;22;RM Campinas;3509502;CAMPINAS;350950205;CAMPINAS;35095020500;CAMPINAS;3509502000;CAMPINAS (todos os setores);1;184.0;504.0;2.74;2.96;3532.83;80595431.28;4392.17;96533057.03;1904.1;30882708.39;2635.32;40840984.81
350950205000048;3;Região Sudeste;35;São Paulo;3507;Campinas;35032;Campinas;22;RM Campinas;3509502;CAMPINAS;350950205;CAMPINAS;35095020500;CAMPINAS;3509502000;CAMPINAS (todos os setores);1;114.0;200.0;1.75;1.3;1952.71;3085798.47;2393.65;2723252.27;1430.94;3188829.92;2068.94;3291276.56
350950205000049;3;Região Sudeste;35;São Paulo;3507;Campinas;35032;Campinas;22;RM Campinas;3509502;CAMPINAS;350950205;CAMPINAS;35095020500;CAMPINAS;3509502000;CAMPINAS (todos os setores);1;148.0;245.0;1.66;0.7;1816.38;1576538.47;2006.15;1358918.71;1551.44;1626471.47;1828.48;1409235.32
350950205000050;3;Região Sudeste;35;São Paulo;3507;Campinas;35032;Campinas;22;RM Campinas;3509502;CAMPINAS;350950205;CAMPINAS;35095020500;CAMPINAS;3509502000;CAMPINAS (todos os setores);1;198.0;349.0;1.76;0.92;2036.04;2330590.28;2132.99;2234258.06;1618.89;2396022.03;1950.97;2239057.76
350950205000051;3;Região Sudeste;35;São Paulo;3507;Campinas;35032;Campinas;22;RM Campinas;3509502;CAMPINAS;350950205;CAMPINAS;35095020500;CAMPINAS;3509502000;CAMPINAS (todos os setores);1;246.0;432.0;1.76;0.9;2311.53;3967009.07;2451.02;3864063.2;1925.98;3525813.72;2246.97;3391793.83
350950205000052;3;Região Sudeste;35;São Paulo;3507;Campinas;35032;Campinas;22;RM Campinas;3509502;CAMPINAS;350950205;CAMPINAS;35095020500;CAMPINAS;3509502000;CAMPINAS (todos os setores);1;169.0;281.0;1.66;1.38;2068.65;3054019.26;2226.76;2934605.51;1531.54;2544429.48;1849.29;2484465.82
350950205000053;3;Região Sudeste;35;São Paulo;3507;Campinas;35032;Campinas;22;RM Campinas;3509502;CAMPINAS;350950205;CAMPINAS;35095020500;CAMPINAS;3509502000;CAMPINAS (todos os setores);1;251.0;455.0;1.81;0.98;2903.11;5883579.9;3154.46;5598870.9;2239.08;5260232.33;2800.42;5006273.55
350950205000054;3;Região Sudeste;35;São Paulo;3507;Campinas;35032;Campinas;22;RM Campinas;3509502;CAMPINAS;350950205;CAMPINAS;35095020500;CAMPINAS;3509502000;CAMPINAS (todos os setores);1;194.0;354.0;1.82;0.93;2844.89;4652920.92;3049.22;4362458.83;2216.67;4046158.86;2600.47;3747604.02
350950205000055;3;Região Sudeste;35;São Paulo;3507;Campinas;35032;Campinas;22;RM Campinas;3509502;CAMPINAS;350950205;CAMPINAS;35095020500;CAMPINAS;3509502000;CAMPINAS (todos os setores);1;128.0;223.0;1.74;0.89;2278.9;7321316.9;2390.98;7414169.46;1722.47;5284195.62;2032.12;5606714.12
350950205000056;3;Região Sudeste;35;São Paulo;3507;Campinas;35032;Campinas;22;RM Campinas;3509502;CAMPINAS;350950205;CAMPINAS;35095020500;CAMPINAS;3509502000;CAMPINAS (todos os setores);1;233.0;415.0;1.78;1.01;2927.62;29256028.79;3114.78;30549239.63;2111.71;18500976.21;2682.8;21983209.96
350950205000057;3;Região Sudeste;35;São Paulo;3507;Campinas;35032;Campinas;22;RM Campinas;3509502;CAMPINAS;350950205;CAMPINAS;35095020500;CAMPINAS;3509502000;CAMPINAS (todos os setores);1;295.0;553.0;1.87;1.27;2179.86;4353388.09;2321.51;4307268.24;1882.22;5152197.0;2152.26;5310517.95
350950205000058;3;Região Sudeste;35;São Paulo;3507;Campinas;35032;Campinas;22;RM Campinas;3509502;CAMPINAS;350950205;CAMPINAS;35095020500;CAMPINAS;3509502000;CAMPINAS (todos os setores);1;195.0;297.0;1.52;0.56;2357.83;4910850.78;2657.67;4737474.59;2072.91;4375710.56;2403.25;4278747.0
350950205000059;3;Região Sudeste;35;São Paulo;3507;Campinas;35032;Campinas;22;RM Campinas;3509502;CAMPINAS;350950205;CAMPINAS;35095020500;CAMPINAS;3509502000;CAMPINAS (todos os setores);1;217.0;368.0;1.7;0.71;2392.86;8123000.13;2557.88;8261777.17;2225.56;8449296.9;2479.28;8784600.79
350950205000060;3;Região Sudeste;35;São Paulo;3507;Campinas;35032;Campinas;22;RM Campinas;3509502;CAMPINAS;350950205;CAMPINAS;35095020500;CAMPINAS;3509502000;CAMPINAS (todos os setores);1;134.0;221.0;1.65;0.73;2850.6;8256416.18;2938.31;8252710.29;2345.35;7250617.45;2629.26;7382541.25
350950205000061;3;Região Sudeste;35;São Paulo;3507;Campinas;35032;Campinas;22;RM Campinas;3509502;CAMPINAS;350950205;CAMPINAS;35095020500;CAMPINAS;3509502000;CAMPINAS (todos os setores);1;282.0;551.0;1.95;1.02;4407.01;20524201.38;4637.23;20528808.12;3307.02;15704780.7;4021.64;16225713.85
350950205000062;3;Região Sudeste;35;São Paulo;3507;Campinas;35032;Campinas;22;RM Campinas;3509502;CAMPINAS;350950205;CAMPINAS;35095020500;CAMPINAS;3509502000;CAMPINAS (todos os setores);1;300.0;564.0;1.88;1.01;5242.9;22343984.39;5957.84;21126781.95;4246.73;21706463.53;5584.04;21072800.32
350950205000063;3;Região Sudeste;35;São Paulo;3507;Campinas;35032;Campinas;22;RM Campinas;3509502;CAMPINAS;350950205;CAMPINAS;35095020500;CAMPINAS;3509502000;CAMPINAS (todos os setores);1;252.0;513.0;2.04;0.96;4993.89;22190017.93;5200.25;22033192.88;3519.88;16598112.18;4259.05;16936382.53
350950205000064;3;Região Sudeste;35;São Paulo;3507;Campinas;35032;Campinas;22;RM Campinas;3509502;CAMPINAS;350950205;CAMPINAS;35095020500;CAMPINAS;3509502000;CAMPINAS (todos os setores);1;178.0;348.0;1.96;1.09;7741.83;51264669.11;7874.54;51097450.65;5251.66;41102918.95;6190.11;42644011.55
350950205000065;3;Região Sudeste;35;São Paulo;3507;Campinas;35032;Campinas;22;RM Campinas;3509502;CAMPINAS;350950205;CAMPINAS;35095020500;CAMPINAS;3509502000;CAMPINAS (todos os setores);1;168.0;272.0;1.62;0.67;3793.92;14432520.1;4249.19;14228529.28;2869.91;11373506.2;3574.57;11648461.64
350950205000066;3;Região Sudeste;35;São Paulo;3507;Campinas;35032;Campinas;22;RM Campinas;3509502;CAMPINAS;350950205;CAMPINAS;35095020500;CAMPINAS;3509502000;CAMPINAS (todos os setores);1;282.0;593.0;2.1;1.13;4411.94;24222187.33;4822.35;24497324.25;3552.97;22068148.89;4423.41;23627775.09
350950205000067;3;Região Sudeste;35;São Paulo;3507;Campinas;35032;Campinas;22;RM Campinas;3509502;CAMPINAS;350950205;CAMPINAS;35095020500;CAMPINAS;3509502000;CAMPINAS (todos os setores);1;128.0;282.0;2.2;1.27;3495.04;15831987.2;3791.23;16052627.75;2806.75;13750631.4;3709.91;14830033.2
350950205000068;3;Região Sudeste;35;São Paulo;3507;Campinas;35032;Campinas;22;RM Campinas;3509502;CAMPINAS;350950205;CAMPINAS;35095020500;CAMPINAS;3509502000;CAMPINAS (todos os setores);1;237.0;410.0;1.73;0.92;4229.49;16634331.42;4265.49;16622310.11;3197.43;13087645.84;3710.14;13284601.55
350950205000069;3;Região Sudeste;35;São Paulo;3507;Campinas;35032;Campinas;22;RM Campinas;3509502;CAMPINAS;350950205;CAMPINAS;35095020500;CAMPINAS;3509502000;CAMPINAS (todos os setores);1;95.0;168.0;1.77;0.75;3464.19;10043190.94;3782.74;9758454.01;2735.19;8297797.73;3167.07;8239825.97
350950205000070;3;Região Sudeste;35;São Paulo;3507;Campinas;35032;Campinas;22;RM Campinas;3509502;CAMPINAS;350950205;CAMPINAS;35095020500;CAMPINAS;3509502000;CAMPINAS (todos os setores);1;226.0;593.0;2.62;2.01;2740.49;10527253.54;4242.12;9921334.08;2182.53;9894856.91;3943.1;10938072.8
350950205000071;3;Região Sudeste;35;São Paulo;3507;Campinas;35032;Campinas;22;RM Campinas;3509502;CAMPINAS;350950205;CAMPINAS;35095020500;CAMPINAS;3509502000;CAMPINAS (todos os setores);1;175.0;334.0;1.91;1.04;1981.6;7117222.52;2865.95;7764347.35;1600.85;5212398.22;2349.4;5894199.94
350950205000072;3;Região Sudeste;35;São Paulo;3507;Campinas;35032;Campinas;22;RM Campinas;3509502;CAMPINAS;350950205;CAMPINAS;35095020500;CAMPINAS;3509502000;CAMPINAS (todos os setores);1;256.0;665.0;2.6;1.9;3084.87;7659665.52;3210.27;7568089.57;2015.61;5482397.95;2513.73;5585324.45
350950205000073;3;Região Sudeste;35;São Paulo;3507;Campinas;35032;Campinas;22;RM Campinas;3509502;CAMPINAS;350950205;CAMPINAS;35095020500;CAMPINAS;3509502000;CAMPINAS (todos os setores);1;262.0;599.0;2.29;1.69;2716.56;6761217.27;2928.97;6667353.9;1963.93;5866202.81;2549.98;6122886.99
350950205000074;3;Região Sudeste;35;São Paulo;3507;Campinas;35032;Campinas;22;RM Campinas;3509502;CAMPINAS;350950205;CAMPINAS;35095020500;CAMPINAS;3509502000;CAMPINAS (todos os setores);1;147.0;433.0;2.95;3.11;1988.96;2420088.82;2149.83;2268872.47;1367.51;2396677.86;1770.75;2389329.61
350950205000075;3;Região Sudeste;35;São Paulo;3507;Campinas;35032;Campinas;22;RM Campinas;3509502;CAMPINAS;350950205;CAMPINAS;35095020500;CAMPINAS;3509502000;CAMPINAS (todos os setores);1;150.0;433.0;2.89;1.39;3321.49;9032228.44;3533.5;8858384.89;1912.54;6747025.36;2661.78;7398110.45
350950205000076;3;Região Sudeste;35;São Paulo;3507;Campinas;35032;Campinas;22;RM Campinas;3509502;CAMPINAS;350950205;CAMPINAS;35095020500;CAMPINAS;3509502000;CAMPINAS (todos os setores);1;130.0;385.0;2.96;2.02;2994.62;5880169.23;3114.4;5741207.1;1918.53;5264328.09;2656.43;5329151.2
350950205000077;3;Região Sudeste;35;São Paulo;3507;Campinas;35032;Campinas;22;RM Campinas;3509502;CAMPINAS;350950205;CAMPINAS;35095020500;CAMPINAS;3509502000;CAMPINAS (todos os setores);1;284.0;800.0;2.82;1.99;1663.85;6907043.83;2796.05;8450531.77;1013.07;3458161.76;2015.48;4863282.97
350950205000078;3;Região Sudeste;35;São Paulo;3507;Campinas;35032;Campinas;22;RM Campinas;3509502;CAMPINAS;350950205;CAMPINAS;35095020500;CAMPINAS;3509502000;CAMPINAS (todos os setores);1;337.0;892.0;2.65;1.44;2568.55;3578526.02;2663.39;3457691.52;1704.42;2911959.68;2195.75;2672152.54
350950205000079;3;Região Sudeste;35;São Paulo;3507;Campinas;35032;Campinas;22;RM Campinas;3509502;CAMPINAS;350950205;CAMPINAS;35095020500;CAMPINAS;3509502000;CAMPINAS (todos os setores);1;219.0;627.0;2.86;1.7;1380.29;2928382.41;1799.31;3064222.42;1096.87;3041257.43;1595.19;3629515.93
350950205000080;3;Região Sudeste;35;São Paulo;3507;Campinas;35032;Campinas;22;RM Campinas;3509502;CAMPINAS;350950205;CAMPINAS;35095020500;CAMPINAS;3509502000;CAMPINAS (todos os setores);1;218.0;610.0;2.8;2.63;1447.98;2721678.8;1627.11;2767148.04;950.87;1594434.48;1383.75;1721622.89
350950205000081;3;Região Sudeste;35;São Paulo;3507;Campinas;35032;Campinas;22;RM Campinas;3509502;CAMPINAS;350950205;CAMPINAS;35095020500;CAMPINAS;3509502000;CAMPINAS (todos os setores);1;248.0;631.0;2.54;2.1;1951.7;2776630.26;2008.39;2743288.92;1262.27;2150033.28;1655.85;2168751.08
350950205000082;3;Região Sudeste;35;São Paulo;3507;Campinas;35032;Campinas;22;RM Campinas;3509502;CAMPINAS;350950205;CAMPINAS;35095020500;CAMPINAS;3509502000;CAMPINAS (todos os setores);1;190.0;546.0;2.87;1.51;2996.74;9189508.87;3536.52;8934215.33;1894.76;6250300.86;2768.82;6714863.76
350950205000083;3;Região Sudeste;35;São Paulo;3507;Campinas;35032;Campinas;22;RM Campinas;3509502;CAMPINAS;350950205;CAMPINAS;35095020500;CAMPINAS;3509502000;CAMPINAS (todos os setores);1;247.0;653.0;2.64;1.26;3337.39;8201182.06;3478.21;8056819.95;2005.65;5900571.2;2702.25;6067955.27
350950205000084;3;Região Sudeste;35;São Paulo;3507;Campinas;35032;Campinas;22;RM Campinas;3509502;CAMPINAS;350950205;CAMPINAS;35095020500;CAMPINAS;3509502000;CAMPINAS (todos os setores);1;158.0;359.0;2.27;2.77;2136.07;4954730.05;2376.75;4940865.55;1439.26;3347400.13;1895.21;3544472.54
350950205000085;3;Região Sudeste;35;São Paulo;3507;Campinas;35032;Campinas;22;RM Campinas;3509502;CAMPINAS;350950205;CAMPINAS;35095020500;CAMPINAS;3509502000;CAMPINAS (todos os setores);1;172.0;336.0;1.95;1.73;1794.52;1587395.67;1905.29;1473626.68;1361.0;1452652.54;1632.23;1298889.68
350950205000086;3;Região Sudeste;35;São Paulo;3507;Campinas;35032;Campinas;22;RM Campinas;3509502;CAMPINAS;350950205;CAMPINAS;35095020500;CAMPINAS;3509502000;CAMPINAS (todos os setores);1;191.0;310.0;1.62;0.78;2375.5;11727582.23;3065.68;13027833.66;1981.08;8753506.57;2653.39;9945644.01
350950205000087;3;Região Sudeste;35;São Paulo;3507;Campinas;35032;Campinas;22;RM Campinas;3509502;CAMPINAS;350950205;CAMPINAS;35095020500;CAMPINAS;3509502000;CAMPINAS (todos os setores);1;202.0;519.0;2.57;1.86;4376.74;69250727.17;4628.8;72087087.56;2608.75;33085403.39;3550.8;41711850.25
350950205000088;3;Região Sudeste;35;São Paulo;3507;Campinas;35032;Campinas;22;RM Campinas;3509502;CAMPINAS;350950205;CAMPINAS;35095020500;CAMPINAS;3509502000;CAMPINAS (todos os setores);1;186.0;259.0;1.39;0.42;2758.55;4198853.77;3128.6;3600728.08;2399.65;4047376.28;2852.42;3517058.96
350950205000089;3;Região Sudeste;35;São Paulo;3507;Campinas;35032;Campinas;22;RM Campinas;3509502;CAMPINAS;350950205;CAMPINAS;35095020500;CAMPINAS;3509502000;CAMPINAS (todos os setores);1;214.0;402.0;1.88;1.18;3367.09;10676775.45;3676.31;10519696.3;2669.02;8530823.1;3302.49;8463301.29
350950205000090;3;Região Sudeste;35;São Paulo;3507;Campinas;35032;Campinas;22;RM Campinas;3509502;CAMPINAS;350950205;CAMPINAS;35095020500;CAMPINAS;3509502000;CAMPINAS (todos os setores);1;149.0;293.0;1.97;0.79;2622.52;3302378.71;2732.55;3139120.15;2150.89;3892556.32;2490.98;3659875.07
350950205000091;3;Região Sudeste;35;São Paulo;3507;Campinas;35032;Campinas;22;RM Campinas;3509502;CAMPINAS;350950205;CAMPINAS;35095020500;CAMPINAS;3509502000;CAMPINAS (todos os setores);1;133.0;319.0;2.4;1.17;4191.35;7642216.34;4288.08;7401969.14;2812.03;7467282.04;3588.58;6739641.67
350950205000092;3;Região Sudeste;35;São Paulo;3507;Campinas;35032;Campinas;22;RM Campinas;3509502;CAMPINAS;350950205;CAMPINAS;35095020500;CAMPINAS;3509502000;CAMPINAS (todos os setores);1;205.0;322.0;1.57;0.64;1457.46;940243.35;1532.21;873599.56;1252.56;1178298.32;1458.21;1071480.07
350950205000093;3;Região Sudeste;35;São Paulo;3507;Campinas;35032;Campinas;22;RM Campinas;3509502;CAMPINAS;350950205;CAMPINAS;35095020500;CAMPINAS;3509502000;CAMPINAS (todos os setores);1;174.0;290.0;1.67;0.81;2478.32;4840705.8;2695.18;4678798.42;2074.92;4535312.7;2506.07;4396618.91
350950205000094;3;Região Sudeste;35;São Paulo;3507;Campinas;35032;Campinas;22;RM Campinas;3509502;CAMPINAS;350950205;CAMPINAS;35095020500;CAMPINAS;3509502000;CAMPINAS (todos os setores);1;195.0;297.0;1.52;0.52;2571.87;6572904.85;2653.52;6564874.92;2176.12;5266513.82;2346.64;5279092.51
350950205000095;3;Região Sudeste;35;São Paulo;3507;Campinas;35032;Campinas;22;RM Campinas;3509502;CAMPINAS;350950205;CAMPINAS;35095020500;CAMPINAS;3509502000;CAMPINAS (todos os setores);1;178.0;318.0;1.79;0.98;2398.87;8125682.54;2511.75;8225106.25;1989.09;6729361.62;2371.31;7117623.65
350950205000096;3;Região Sudeste;35;São Paulo;3507;Campinas;35032;Campinas;22;RM Campinas;3509502;CAMPINAS;350950205;CAMPINAS;35095020500;CAMPINAS;3509502000;CAMPINAS (todos os setores);1;152.0;256.0;1.68;0.71;3567.68;12466466.01;3846.01;12367866.87;3130.36;12090135.73;3596.27;12214626.22
350950205000097;3;Região Sudeste;35;São Paulo;3507;Campinas;35032;Campinas;22;RM Campinas;3509502;CAMPINAS;350950205;CAMPINAS;35095020500;CAMPINAS;3509502000;CAMPINAS (todos os setores);1;279.0;473.0;1.7;0.66;2600.41;5963444.43;2902.06;5779066.42;2163.14;5356488.2;2634.37;5281785.59
350950205000098;3;Região Sudeste;35;São Paulo;3507;Campinas;35032;Campinas;22;RM Campinas;3509502;CAMPINAS;350950205;CAMPINAS;35095020500;CAMPINAS;3509502000;CAMPINAS (todos os setores);1;278.0;473.0;1.7;0.76;2983.1;11072273.28;3226.86;11190909.88;2371.86;8273530.78;2779.79;8563230.2
350950205000099;3;Região Sudeste;35;São Paulo;3507;Campinas;35032;Campinas;22;RM Campinas;3509502;CAMPINAS;350950205;CAMPINAS;35095020500;CAMPINAS;3509502000;CAMPINAS (todos os setores);1;165.0;342.0;2.07;1.25;5207.11;24630557.13;5543.05;24355705.36;3845.43;18676861.58;4675.69;18827881.49
350950205000100;3;Região Sudeste;35;São Paulo;3507;Campinas;35032;Campinas;22;RM Campinas;3509502;CAMPINAS;350950205;CAMPINAS;35095020500;CAMPINAS;3509502000;CAMPINAS (todos os setores);1;271.0;553.0;2.04;1.23;7023.22;69732280.7;7582.84;71050390.14;4775.05;49255097.31;6542.2;55939895.79
350950205000101;3;Região Sudeste;35;São Paulo;3507;Campinas;35032;Campinas;22;RM Campinas;3509502;CAMPINAS;350950205;CAMPINAS;35095020500;CAMPINAS;3509502000;CAMPINAS (todos os setores);1;224.0;505.0;2.25;1.24;7539.48;39012841.72;7782.69;38375564.62;5358.63;157806938.26;6944.2;193588028.09
350950205000102;3;Região Sudeste;35;São Paulo;3507;Campinas;35032;Campinas;22;RM Campinas;3509502;CAMPINAS;350950205;CAMPINAS;35095020500;CAMPINAS;3509502000;CAMPINAS (todos os setores);1;257.0;517.0;2.01;1.15;6088.65;48358771.95;6360.91;48791111.92;4617.04;38827107.92;5586.05;41569854.41
350950205000103;3;Região Sudeste;35;São Paulo;3507;Campinas;35032;Campinas;22;RM Campinas;3509502;CAMPINAS;350950205;CAMPINAS;35095020500;CAMPINAS;3509502000;CAMPINAS (todos os setores);1;191.0;383.0;2.01;1.57;3568.69;9987081.96;4057.26;9368418.81;2642.15;11000755.4;3516.98;11568302.16
350950205000104;3;Região Sudeste;35;São Paulo;3507;Campinas;35032;Campinas;22;RM Campinas;3509502;CAMPINAS;350950205;CAMPINAS;35095020500;CAMPINAS;3509502000;CAMPINAS (todos os setores);1;171.0;346.0;2.02;1.14;3911.35;15220346.29;4519.2;14836103.17;3490.03;13654345.35;4203.32;13446058.51
350950205000105;3;Região Sudeste;35;São Paulo;3507;Campinas;35032;Campinas;22;RM Campinas;3509502;CAMPINAS;350950205;CAMPINAS;35095020500;CAMPINAS;3509502000;CAMPINAS (todos os setores);1;175.0;257.0;1.47;0.54;2330.07;6054036.02;2441.69;6071612.23;2139.44;5706533.19;2370.73;5775436.24
350950205000106;3;Região Sudeste;35;São Paulo;3507;Campinas;35032;Campinas;22;RM Campinas;3509502;CAMPINAS;350950205;CAMPINAS;35095020500;CAMPINAS;3509502000;CAMPINAS (todos os setores);1;161.0;320.0;1.99;0.89;3743.55;14380491.22;4100.07;14287637.67;3149.54;12383039.46;3688.76;12514550.1
350950205000107;3;Região Sudeste;35;São Paulo;3507;Campinas;35032;Campinas;22;RM Campinas;3509502;CAMPINAS;350950205;CAMPINAS;35095020500;CAMPINAS;3509502000;CAMPINAS (todos os setores);1;199.0;361.0;1.81;0.98;2736.85;5319258.01;3009.03;5027656.8;2232.55;4852807.7;2768.37;4532991.35
350950205000108;3;Região Sudeste;35;São Paulo;3507;Campinas;35032;Campinas;22;RM Campinas;3509502;CAMPINAS;350950205;CAMPINAS;35095020500;CAMPINAS;3509502000;CAMPINAS (todos os setores);1;211.0;513.0;2.43;1.2;3494.23;12409538.2;3761.65;12353035.63;2423.77;9180601.59;3107.9;9646952.69
350950205000109;3;Região Sudeste;35;São Paulo;3507;Campinas;35032;Campinas;22;RM Campinas;3509502;CAMPINAS;350950205;CAMPINAS;35095020500;CAMPINAS;3509502000;CAMPINAS (todos os setores);1;299.0;707.0;2.36;1.64;3610.66;11395042.04;3748.57;11313030.69;2419.81;8620987.26;3152.18;8922238.67
350950205000110;3;Região Sudeste;35;São Paulo;3507;Campinas;35032;Campinas;22;RM Campinas;3509502;CAMPINAS;350950205;CAMPINAS;35095020500;CAMPINAS;3509502000;CAMPINAS (todos os setores);1;258.0;637.0;2.47;1.69;2581.69;5044446.34;2775.32;4884737.21;1789.35;3822426.08;2335.32;3713479.37
350950205000111;3;Região Sudeste;35;São Paulo;3507;Campinas;35032;Campinas;22;RM Campinas;3509502;CAMPINAS;350950205;CAMPINAS;35095020500;CAMPINAS;3509502000;CAMPINAS (todos os setores);1;254.0;663.0;2.61;1.57;2764.63;9398018.81;3191.89;9487078.14;2172.61;8770146.63;2872.11;9586499.16
350950205000112;3;Região Sudeste;35;São Paulo;3507;Campinas;35032;Campinas;22;RM Campinas;3509502;CAMPINAS;350950205;CAMPINAS;35095020500;CAMPINAS;3509502000;CAMPINAS (todos os setores);1;186.0;525.0;2.82;1.8;1710.2;3805948.3;2193.78;3821362.45;1266.04;2817721.29;1893.4;3026760.77
350950205000113;3;Região Sudeste;35;São Paulo;3507;Campinas;35032;Campinas;22;RM Campinas;3509502;CAMPINAS;350950205;CAMPINAS;35095020500;CAMPINAS;3509502000;CAMPINAS (todos os setores);1;195.0;589.0;3.02;2.39;2530.26;6952991.17;2868.6;6911925.53;1647.5;4345180.66;2239.91;4581297.77
350950205000114;3;Região Sudeste;35;São Paulo;3507;Campinas;35032;Campinas;22;RM Campinas;3509502;CAMPINAS;350950205;CAMPINAS;35095020500;CAMPINAS;3509502000;CAMPINAS (todos os setores);1;238.0;644.0;2.71;1.36;2365.98;3219531.35;2525.13;3033391.98;1572.85;3044920.82;2070.24;2977970.17
350950205000115;3;Região Sudeste;35;São Paulo;3507;Campinas;35032;Campinas;22;RM Campinas;3509502;CAMPINAS;350950205;CAMPINAS;35095020500;CAMPINAS;3509502000;CAMPINAS (todos os setores);1;290.0;770.0;2.66;1.65;1674.91;2014466.86;1716.34;1993113.2;1104.33;1377412.06;1438.91;1313178.06
350950205000116;3;Região Sudeste;35;São Paulo;3507;Campinas;35032;Campinas;22;RM Campinas;3509502;CAMPINAS;350950205;CAMPINAS;35095020500;CAMPINAS;3509502000;CAMPINAS (todos os setores);1;;;;;;;;;20.58;3052.42;107.92;6598.13
350950205000117;3;Região Sudeste;35;São Paulo;3507;Campinas;35032;Campinas;22;RM Campinas;3509502;CAMPINAS;350950205;CAMPINAS;35095020500;CAMPINAS;3509502000;CAMPINAS (todos os setores);1;308.0;734.0;2.38;1.48;1822.82;2068828.64;1865.21;2037769.15;1312.23;1741573.97;1647.01;1634305.38
350950205000118;3;Região Sudeste;35;São Paulo;3507;Campinas;35032;Campinas;22;RM Campinas;3509502;CAMPINAS;350950205;CAMPINAS;35095020500;CAMPINAS;3509502000;CAMPINAS (todos os setores);1;216.0;636.0;2.94;1.96;1466.65;1521584.5;1583.98;1457137.72;1086.74;1266227.52;1394.49;1195495.77
350950205000119;3;Região Sudeste;35;São Paulo;3507;Campinas;35032;Campinas;22;RM Campinas;3509502;CAMPINAS;350950205;CAMPINAS;35095020500;CAMPINAS;3509502000;CAMPINAS (todos os setores);1;225.0;615.0;2.73;1.64;2551.72;4879345.92;2682.88;4777784.58;1632.79;3393882.14;2126.43;3370207.42
350950205000120;3;Região Sudeste;35;São Paulo;3507;Campinas;35032;Campinas;22;RM Campinas;3509502;CAMPINAS;350950205;CAMPINAS;35095020500;CAMPINAS;3509502000;CAMPINAS (todos os setores);1;222.0;611.0;2.75;1.64;2051.12;3331236.65;2147.87;3280321.42;1375.14;2961070.13;1829.01;3108608.23
350950205000121;3;Região Sudeste;35;São Paulo;3507;Campinas;35032;Campinas;22;RM Campinas;3509502;CAMPINAS;350950205;CAMPINAS;35095020500;CAMPINAS;3509502000;CAMPINAS (todos os setores);1;232.0;659.0;2.84;2.4;1831.34;3697474.47;2201.4;3629621.35;1203.79;2444137.68;1762.69;2594107.3
350950205000122;3;Região Sudeste;35;São Paulo;3507;Campinas;35032;Campinas;22;RM Campinas;3509502;CAMPINAS;350950205;CAMPINAS;35095020500;CAMPINAS;3509502000;CAMPINAS (todos os setores);1;186.0;600.0;3.23;2.35;1578.66;2291411.7;1846.73;2184789.24;1097.46;1792776.25;1630.27;1794538.87
350950205000123;3;Região Sudeste;35;São Paulo;3507;Campinas;35032;Campinas;22;RM Campinas;3509502;CAMPINAS;350950205;CAMPINAS;35095020500;CAMPINAS;3509502000;CAMPINAS (todos os setores);1;151.0;352.0;2.33;1.41;3989.11;18962185.54;4154.18;19061797.9;2603.73;13098397.31;3293.52;14301136.85
350950205000124;3;Região Sudeste;35;São Paulo;3507;Campinas;35032;Campinas;22;RM Campinas;3509502;CAMPINAS;350950205;CAMPINAS;35095020500;CAMPINAS;3509502000;CAMPINAS (todos os setores);1;221.0;475.0;2.15;1.26;2743.71;9129943.83;3225.32;9179456.7;2215.92;8087138.57;2886.62;8600358.02
350950205000125;3;Região Sudeste;35;São Paulo;3507;Campinas;35032;Campinas;22;RM Campinas;3509502;CAMPINAS;350950205;CAMPINAS;35095020500;CAMPINAS;3509502000;CAMPINAS (todos os setores);1;205.0;539.0;2.63;1.76;2618.87;6919235.18;2949.82;6816819.64;1828.61;5185645.09;2531.13;5400309.16
350950205000126;3;Região Sudeste;35;São Paulo;3507;Campinas;35032;Campinas;22;RM Campinas;3509502;CAMPINAS;350950205;CAMPINAS;35095020500;CAMPINAS;3509502000;CAMPINAS (todos os setores);1;229.0;604.0;2.64;2.61;2258.66;4837296.67;2638.94;4647224.17;1488.92;3712631.27;2039.25;3963184.79
350950205000127;3;Região Sudeste;35;São Paulo;3507;Campinas;35032;Campinas;22;RM Campinas;3509502;CAMPINAS;350950205;CAMPINAS;35095020500;CAMPINAS;3509502000;CAMPINAS (todos os setores);1;320.0;479.0;1.5;0.54;3989.21;12006741.63;4283.71;11630307.05;3524.29;11045782.36;3950.96;10696440.83
350950205000128;3;Região Sudeste;35;São Paulo;3507;Campinas;35032;Campinas;22;RM Campinas;3509502;CAMPINAS;350950205;CAMPINAS;35095020500;CAMPINAS;3509502000;CAMPINAS (todos os setores);1;296.0;670.0;2.26;1.3;4284.94;16055168.33;4935.19;15279460.84;2941.98;13353959.46;4169.42;13808735.25
350950205000129;3;Região Sudeste;35;São Paulo;3507;Campinas;35032;Campinas;22;RM Campinas;3509502;CAMPINAS;350950205;CAMPINAS;35095020500;CAMPINAS;3509502000;CAMPINAS (todos os setores);1;225.0;389.0;1.73;0.72;3880.81;17947180.63;4158.01;18077135.41;3222.83;13892266.73;3776.76;14188886.67
350950205000130;3;Região Sudeste;35;São Paulo;3507;Campinas;35032;Campinas;22;RM Campinas;3509502;CAMPINAS;350950205;CAMPINAS;35095020500;CAMPINAS;3509502000;CAMPINAS (todos os setores);1;281.0;573.0;2.04;1.27;2763.99;11244685.36;3864.08;11470455.1;2240.61;9454850.26;3443.2;10391379.8
350950205000131;3;Região Sudeste;35;São Paulo;3507;Campinas;35032;Campinas;22;RM Campinas;3509502;CAMPINAS;350950205;CAMPINAS;35095020500;CAMPINAS;3509502000;CAMPINAS (todos os setores);1;294.0;752.0;2.56;1.35;5322.89;53091412.43;5589.04;54262674.69;3054.22;28536544.31;4466.64;35438135.22
350950205000132;3;Região Sudeste;35;São Paulo;3507;Campinas;35032;Campinas;22;RM Campinas;3509502;CAMPINAS;350950205;CAMPINAS;35095020500;CAMPINAS;3509502000;CAMPINAS (todos os setores);1;274.0;471.0;1.72;0.96;3379.66;13442421.82;3468.26;13487708.28;2662.29;10490314.35;3128.88;10869904.15
350950205000133;3;Região Sudeste;35;São Paulo;3507;Campinas;35032;Campinas;22;RM Campinas;3509502;CAMPINAS;350950205;CAMPINAS;35095020500;CAMPINAS;3509502000;CAMPINAS (todos os setores);1;287.0;726.0;2.53;1.24;5962.14;21066768.91;6199.76;20430884.4;3761.59;17500273.95;4995.75;17075647.67
350950205000134;3;Região Sudeste;35;São Paulo;3507;Campinas;35032;Campinas;22;RM Campinas;3509502;CAMPINAS;350950205;CAMPINAS;35095020500;CAMPINAS;3509502000;CAMPINAS (todos os setores);1;104.0;225.0;2.16;2.04;2016.52;3665297.32;2056.06;3655776.83;1512.89;2698952.44;1755.6;2705873.28
350950205000135;3;Região Sudeste;35;São Paulo;3507;Campinas;35032;Campinas;22;RM Campinas;3509502;CAMPINAS;350950205;CAMPINAS;35095020500;CAMPINAS;3509502000;CAMPINAS (todos os setores);1;263.0;543.0;2.06;1.24;4771.89;151569819.07;5340.46;166656998.59;3012.21;81874673.38;4103.25;107119522.12
350950205000136;3;Região Sudeste;35;São Paulo;3507;Campinas;35032;Campinas;22;RM Campinas;3509502;CAMPINAS;350950205;CAMPINAS;35095020500;CAMPINAS;3509502000;CAMPINAS (todos os setores);1;82.0;157.0;1.91;1.21;6678.55;278442620.6;7823.44;317780599.0;6391.74;564671097.76;8960.38;770502628.92
350950205000137;3;Região Sudeste;35;São Paulo;3507;Campinas;35032;Campinas;22;RM Campinas;3509502;CAMPINAS;350950205;CAMPINAS;35095020500;CAMPINAS;3509502000;CAMPINAS (todos os setores);1;159.0;348.0;2.19;1.13;8696.02;300837232.77;9156.74;312635104.32;5640.48;165753643.77;7474.21;206100935.82
350950205000138;3;Região Sudeste;35;São Paulo;3507;Campinas;35032;Campinas;22;RM Campinas;3509502;CAMPINAS;350950205;CAMPINAS;35095020500;CAMPINAS;3509502000;CAMPINAS (todos os setores);1;227.0;505.0;2.22;1.13;16703.64;1443569848.28;17393.24;1491391761.98;10642.32;1242244008.86;13872.51;1575385689.45
350950205000139;3;Região Sudeste;35;São Paulo;3507;Campinas;35032;Campinas;22;RM Campinas;3509502;CAMPINAS;350950205;CAMPINAS;35095020500;CAMPINAS;3509502000;CAMPINAS (todos os setores);1;193.0;480.0;2.49;1.48;10923.44;133195897.72;11273.93;133519957.34;6553.46;90520804.97;8461.67;100761775.22
350950205000140;3;Região Sudeste;35;São Paulo;3507;Campinas;35032;Campinas;22;RM Campinas;3509502;CAMPINAS;350950205;CAMPINAS;35095020500;CAMPINAS;3509502000;CAMPINAS (todos os setores);1;314.0;824.0;2.62;1.6;8768.67;83963522.43;9494.35;84022547.26;5241.43;55480255.57;7499.12;62460370.66
350950205000141;3;Região Sudeste;35;São Paulo;3507;Campinas;35032;Campinas;22;RM Campinas;3509502;CAMPINAS;350950205;CAMPINAS;35095020500;CAMPINAS;3509502000;CAMPINAS (todos os setores);1;263.0;628.0;2.39;1.28;7483.23;33497165.47;7718.0;32733120.79;4651.97;27319836.6;6093.87;27000278.2
350950205000142;3;Região Sudeste;35;São Paulo;3507;Campinas;35032;Campinas;22;RM Campinas;3509502;CAMPINAS;350950205;CAMPINAS;35095020500;CAMPINAS;3509502000;CAMPINAS (todos os setores);1;196.0;502.0;2.56;1.4;10235.52;103807531.84;10962.63;103207479.63;5659.14;74811643.54;8561.26;88374258.42
350950205000143;3;Região Sudeste;35;São Paulo;3507;Campinas;35032;Campinas;22;RM Campinas;3509502;CAMPINAS;350950205;CAMPINAS;35095020500;CAMPINAS;3509502000;CAMPINAS (todos os setores);1;197.0;429.0;2.18;1.4;9550.32;66154897.12;9850.34;65273244.39;6241.38;58996022.81;7448.17;61422047.41
350950205000144;3;Região Sudeste;35;São Paulo;3507;Campinas;35032;Campinas;22;RM Campinas;3509502;CAMPINAS;350950205;CAMPINAS;35095020500;CAMPINAS;3509502000;CAMPINAS (todos os setores);1;222.0;435.0;1.96;1.54;7427.72;55375168.16;7778.08;55261505.87;5046.38;47350247.61;6494.88;51546642.95
350950205000145;3;Região Sudeste;35;São Paulo;3507;Campinas;35032;Campinas;22;RM Campinas;3509502;CAMPINAS;350950205;CAMPINAS;35095020500;CAMPINAS;3509502000;CAMPINAS (todos os setores);1;246.0;415.0;1.69;0.75;4127.7;16273455.09;4533.1;16032953.59;3195.82;13010869.4;3909.25;13126777.59
350950205000146;3;Região Sudeste;35;São Paulo;3507;Campinas;35032;Campinas;22;RM Campinas;3509502;CAMPINAS;350950205;CAMPINAS;35095020500;CAMPINAS;3509502000;CAMPINAS (todos os setores);1;146.0;350.0;2.4;1.12;5385.72;22227712.07;6002.4;21062378.98;4009.26;20261012.41;5213.62;20067462.4
350950205000147;3;Região Sudeste;35;São Paulo;3507;Campinas;35032;Campinas;22;RM Campinas;3509502;CAMPINAS;350950205;CAMPINAS;35095020500;CAMPINAS;3509502000;CAMPINAS (todos os setores);1;171.0;409.0;2.39;1.63;6649.62;34000148.24;6688.74;33938151.79;4269.58;25364231.26;5249.49;26043767.09
350950205000148;3;Região Sudeste;35;São Paulo;3507;Campinas;35032;Campinas;22;RM Campinas;3509502;CAMPINAS;350950205;CAMPINAS;35095020500;CAMPINAS;3509502000;CAMPINAS (todos os setores);1;309.0;733.0;2.37;1.24;4144.78;84078390.52;4657.23;92116187.29;3222.73;45710134.79;4112.59;54688714.68
350950205000149;3;Região Sudeste;35;São Paulo;3507;Campinas;35032;Campinas;22;RM Campinas;3509502;CAMPINAS;350950205;CAMPINAS;35095020500;CAMPINAS;3509502000;CAMPINAS (todos os setores);1;219.0;420.0;1.92;0.94;3214.41;8622552.58;3519.78;8365581.43;2630.5;7530966.21;3144.15;7386090.12
350950205000150;3;Região Sudeste;35;São Paulo;3507;Campinas;35032;Campinas;22;RM Campinas;3509502;CAMPINAS;350950205;CAMPINAS;35095020500;CAMPINAS;3509502000;CAMPINAS (todos os setores);1;300.0;613.0;2.04;1.19;3549.59;12910909.8;3789.6;12874225.63;2829.06;10090484.02;3374.7;10195481.83
350950205000151;3;Região Sudeste;35;São Paulo;3507;Campinas;35032;Campinas;22;RM Campinas;3509502;CAMPINAS;350950205;CAMPINAS;35095020500;CAMPINAS;3509502000;CAMPINAS (todos os setores);1;186.0;399.0;2.15;1.22;3862.23;8513520.82;3968.92;8324204.82;2725.6;7836691.98;3338.19;7552150.57
350950205000152;3;Região Sudeste;35;São Paulo;3507;Campinas;35032;Campinas;22;RM Campinas;3509502;CAMPINAS;350950205;CAMPINAS;35095020500;CAMPINAS;3509502000;CAMPINAS (todos os setores);1;255.0;575.0;2.25;1.32;4263.92;25298691.06;4492.97;25629950.07;2995.36;21181343.28;3719.82;23615069.64
350950205000153;3;Região Sudeste;35;São Paulo;3507;Campinas;35032;Campinas;22;RM Campinas;3509502;CAMPINAS;350950205;CAMPINAS;35095020500;CAMPINAS;3509502000;CAMPINAS (todos os setores);1;205.0;560.0;2.73;1.71;2021.64;5672602.52;2558.25;5806336.74;1510.22;5034882.59;2259.06;5841970.91
350950205000154;3;Região Sudeste;35;São Paulo;3507;Campinas;35032;Campinas;22;RM Campinas;3509502;CAMPINAS;350950205;CAMPINAS;35095020500;CAMPINAS;3509502000;CAMPINAS (todos os setores);1;250.0;632.0;2.53;1.74;1896.22;3877571.93;1991.83;3882666.23;1302.42;2627682.2;1692.28;2754765.94
350950205000155;3;Região Sudeste;35;São Paulo;3507;Campinas;35032;Campinas;22;RM Campinas;3509502;CAMPINAS;350950205;CAMPINAS;35095020500;CAMPINAS;3509502000;CAMPINAS (todos os setores);1;131.0;402.0;3.07;2.28;2152.52;4866794.67;2517.68;4772212.92;1338.53;3422601.98;2053.49;3784030.11
350950205000156;3;Região Sudeste;35;São Paulo;3507;Campinas;35032;Campinas;22;RM Campinas;3509502;CAMPINAS;350950205;CAMPINAS;35095020500;CAMPINAS;3509502000;CAMPINAS (todos os setores);1;204.0;535.0;2.62;1.75;2587.13;6289133.73;2807.31;6205817.48;1718.57;4944149.19;2273.1;5279867.02
350950205000157;3;Região Sudeste;35;São Paulo;3507;Campinas;35032;Campinas;22;RM Campinas;3509502;CAMPINAS;350950205;CAMPINAS;35095020500;CAMPINAS;3509502000;CAMPINAS (todos os setores);1;216.0;576.0;2.67;1.73;2306.73;9841358.82;2383.99;9987488.3;1554.06;6205234.34;1935.58;6991911.54
350950205000158;3;Região Sudeste;35;São Paulo;3507;Campinas;35032;Campinas;22;RM Campinas;3509502;CAMPINAS;350950205;CAMPINAS;35095020500;CAMPINAS;3509502000;CAMPINAS (todos os setores);1;271.0;755.0;2.79;1.81;1728.79;3273769.25;1912.26;3270345.76;1332.07;2998646.81;1760.15;3209218.06
350950205000159;3;Região Sudeste;35;São Paulo;3507;Campinas;35032;Campinas;22;RM Campinas;3509502;CAMPINAS;350950205;CAMPINAS;35095020500;CAMPINAS;3509502000;CAMPINAS (todos os setores);1;261.0;750.0;2.87;1.94;2004.59;3144210.24;2059.84;3116959.23;1319.32;2365239.52;1715.35;2395958.43
350950205000160;3;Região Sudeste;35;São Paulo;3507;Campinas;35032;Campinas;22;RM Campinas;3509502;CAMPINAS;350950205;CAMPINAS;35095020500;CAMPINAS;3509502000;CAMPINAS (todos os setores);1;146.0;454.0;3.11;1.79;2170.76;5211817.16;2515.33;5172080.96;1489.25;3484808.74;2059.81;3645179.82
350950205000161;3;Região Sudeste;35;São Paulo;3507;Campinas;35032;Campinas;22;RM Campinas;3509502;CAMPINAS;350950205;CAMPINAS;35095020500;CAMPINAS;3509502000;CAMPINAS (todos os setores);1;192.0;571.0;2.97;1.88;1234.75;1626440.1;1634.98;1498381.23;1087.8;1735757.01;1554.01;1755227.39
350950205000162;3;Região Sudeste;35;São Paulo;3507;Campinas;35032;Campinas;22;RM Campinas;3509502;CAMPINAS;350950205;CAMPINAS;35095020500;CAMPINAS;3509502000;CAMPINAS (todos os setores);1;172.0;466.0;2.71;1.7;1568.48;2044854.92;1886.56;1858158.29;1244.4;2055794.73;1762.26;1998537.43
350950205000163;3;Região Sudeste;35;São Paulo;3507;Campinas;35032;Campinas;22;RM Campinas;3509502;CAMPINAS;350950205;CAMPINAS;35095020500;CAMPINAS;3509502000;CAMPINAS (todos os setores);1;273.0;867.0;3.18;3.32;934.19;1137486.7;1294.58;1109608.52;696.77;964975.67;1184.81;1062848.86
350950205000164;3;Região Sudeste;35;São Paulo;3507;Campinas;35032;Campinas;22;RM Campinas;3509502;CAMPINAS;350950205;CAMPINAS;35095020500;CAMPINAS;3509502000;CAMPINAS (todos os setores);1;235.0;624.0;2.66;1.86;1267.72;833087.96;1329.97;791014.47;946.68;753118.94;1214.37;640746.82
350950205000165;3;Região Sudeste;35;São Paulo;3507;Campinas;35032;Campinas;22;RM Campinas;3509502;CAMPINAS;350950205;CAMPINAS;35095020500;CAMPINAS;3509502000;CAMPINAS (todos os setores);1;236.0;697.0;2.95;2.18;1518.72;2258318.39;1731.49;2206042.06;1139.08;1721608.74;1538.71;1710673.2
350950205000166;3;Região Sudeste;35;São Paulo;3507;Campinas;35032;Campinas;22;RM Campinas;3509502;CAMPINAS;350950205;CAMPINAS;35095020500;CAMPINAS;3509502000;CAMPINAS (todos os setores);1;138.0;364.0;2.64;1.74;2039.28;2726184.1;2084.6;2692044.45;1422.18;2184073.28;1788.03;2091431.6
350950205000167;3;Região Sudeste;35;São Paulo;3507;Campinas;35032;Campinas;22;RM Campinas;3509502;CAMPINAS;350950205;CAMPINAS;35095020500;CAMPINAS;3509502000;CAMPINAS (todos os setores);1;193.0;567.0;2.94;2.26;2098.0;3641016.17;2262.09;3554118.06;1394.81;3441092.49;1896.65;3728106.2
350950205000168;3;Região Sudeste;35;São Paulo;3507;Campinas;35032;Campinas;22;RM Campinas;3509502;CAMPINAS;350950205;CAMPINAS;35095020500;CAMPINAS;3509502000;CAMPINAS (todos os setores);1;200.0;533.0;2.67;1.94;2062.15;2940884.4;2291.27;2741549.07;1569.93;2884436.3;2028.51;2796521.82
350950205000169;3;Região Sudeste;35;São Paulo;3507;Campinas;35032;Campinas;22;RM Campinas;3509502;CAMPINAS;350950205;CAMPINAS;35095020500;CAMPINAS;3509502000;CAMPINAS (todos os setores);1;206.0;562.0;2.73;2.12;1797.32;2673330.15;1851.24;2653613.33;1242.36;2112702.35;1603.66;2147800.97
350950205000170;3;Região Sudeste;35;São Paulo;3507;Campinas;35032;Campinas;22;RM Campinas;3509502;CAMPINAS;350950205;CAMPINAS;35095020500;CAMPINAS;3509502000;CAMPINAS (todos os setores);1;252.0;733.0;2.91;2.31;2431.46;6387320.65;2511.18;6396588.31;1414.42;3728078.27;1958.88;4097360.48
350950205000171;3;Região Sudeste;35;São Paulo;3507;Campinas;35032;Campinas;22;RM Campinas;3509502;CAMPINAS;350950205;CAMPINAS;35095020500;CAMPINAS;3509502000;CAMPINAS (todos os setores);1;250.0;757.0;3.03;2.5;1485.92;2075388.91;1711.89;2003836.69;1063.13;1636583.53;1529.04;1641418.64
350950205000172;3;Região Sudeste;35;São Paulo;3507;Campinas;35032;Campinas;22;RM Campinas;3509502;CAMPINAS;350950205;CAMPINAS;35095020500;CAMPINAS;3509502000;CAMPINAS (todos os setores);1;235.0;605.0;2.57;1.56;3883.33;14498202.72;4451.62;14088065.61;2544.73;22620793.68;3932.16;29516718.49
350950205000173;3;Região Sudeste;35;São Paulo;3507;Campinas;35032;Campinas;22;RM Campinas;3509502;CAMPINAS;350950205;CAMPINAS;35095020500;CAMPINAS;3509502000;CAMPINAS (todos os setores);1;176.0;462.0;2.63;1.73;3171.89;10101001.14;3403.98;10049757.36;2182.95;7924903.21;2936.17;8449464.4
350950205000174;3;Região Sudeste;35;São Paulo;3507;Campinas;35032;Campinas;22;RM Campinas;3509502;CAMPINAS;350950205;CAMPINAS;35095020500;CAMPINAS;3509502000;CAMPINAS (todos os setores);1;208.0;544.0;2.62;1.64;2761.97;12361542.25;3023.63;12743481.21;1941.75;7981307.52;2638.65;9009763.41
350950205000175;3;Região Sudeste;35;São Paulo;3507;Campinas;35032;Campinas;22;RM Campinas;3509502;CAMPINAS;350950205;CAMPINAS;35095020500;CAMPINAS;3509502000;CAMPINAS (todos os setores);1;232.0;601.0;2.59;1.66;2834.66;9824306.09;3223.74;9918940.63;1924.99;7313525.14;2672.51;8157941.85
350950205000176;3;Região Sudeste;35;São Paulo;3507;Campinas;35032;Campinas;22;RM Campinas;3509502;CAMPINAS;350950205;CAMPINAS;35095020500;CAMPINAS;3509502000;CAMPINAS (todos os setores);1;281.0;688.0;2.45;1.64;3217.6;8352390.31;3373.68;8230534.03;2049.92;6152066.44;2731.81;6336089.07
350950205000177;3;Região Sudeste;35;São Paulo;3507;Campinas;35032;Campinas;22;RM Campinas;3509502;CAMPINAS;350950205;CAMPINAS;35095020500;CAMPINAS;3509502000;CAMPINAS (todos os setores);1;264.0;660.0;2.5;1.68;3596.75;14638775.08;4092.85;14627388.68;2551.8;11027775.14;3333.63;11801814.58
350950205000178;3;Região Sudeste;35;São Paulo;3507;Campinas;35032;Campinas;22;RM Campinas;3509502;CAMPINAS;350950205;CAMPINAS;35095020500;CAMPINAS;3509502000;CAMPINAS (todos os setores);1;193.0;482.0;2.5;1.74;3344.93;13753559.34;3508.54;13852791.36;2229.22;9222861.4;2797.46;9986317.2
350950205000179;3;Região Sudeste;35;São Paulo;3507;Campinas;35032;Campinas;22;RM Campinas;3509502;CAMPINAS;350950205;CAMPINAS;35095020500;CAMPINAS;3509502000;CAMPINAS (todos os setores);1;155.0;422.0;2.72;1.98;2245.01;4854574.5;2433.4;4803158.64;1665.9;3954542.59;2043.08;4079683.46
350950205000180;3;Região Sudeste;35;São Paulo;3507;Campinas;35032;Campinas;22;RM Campinas;3509502;CAMPINAS;350950205;CAMPINAS;35095020500;CAMPINAS;3509502000;CAMPINAS (todos os setores);1;164.0;466.0;2.84;2.0;2900.44;8855055.34;3088.78;8848273.61;1657.62;5065905.72;2223.89;5538646.43
350950205000181;3;Região Sudeste;35;São Paulo;3507;Campinas;35032;Campinas;22;RM Campinas;3509502;CAMPINAS;350950205;CAMPINAS;35095020500;CAMPINAS;3509502000;CAMPINAS (todos os setores);1;140.0;436.0;3.11;3.27;2647.36;9827037.9;2851.01;10003734.18;1579.66;6330907.3;2416.32;7667677.94
350950205000182;3;Região Sudeste;35;São Paulo;3507;Campinas;35032;Campinas;22;RM Campinas;3509502;CAMPINAS;350950205;CAMPINAS;35095020500;CAMPINAS;3509502000;CAMPINAS (todos os setores);1;352.0;769.0;2.18;1.9;4913.29;20348490.06;5371.05;19783907.49;3232.0;15675508.11;4465.68;16150703.15
350950205000183;3;Região Sudeste;35;São Paulo;3507;Campinas;35032;Campinas;22;RM Campinas;3509502;CAMPINAS;350950205;CAMPINAS;35095020500;CAMPINAS;3509502000;CAMPINAS (todos os setores);1;332.0;655.0;1.97;1.14;4225.52;17696622.04;4676.24;17475838.87;3108.19;14242428.83;3994.38;14764467.43
350950205000184;3;Região Sudeste;35;São Paulo;3507;Campinas;35032;Campinas;22;RM Campinas;3509502;CAMPINAS;350950205;CAMPINAS;35095020500;CAMPINAS;3509502000;CAMPINAS (todos os setores);1;193.0;425.0;2.2;1.59;4410.81;109044225.85;4949.34;119754667.58;2779.21;57101035.27;3936.4;76389719.13
350950205000185;3;Região Sudeste;35;São Paulo;3507;Campinas;35032;Campinas;22;RM Campinas;3509502;CAMPINAS;350950205;CAMPINAS;35095020500;CAMPINAS;3509502000;CAMPINAS (todos os setores);1;291.0;653.0;2.24;1.47;5064.16;84256882.65;5188.99;85690992.24;3574.23;48943652.09;4537.39;57781044.47
350950205000186;3;Região Sudeste;35;São Paulo;3507;Campinas;35032;Campinas;22;RM Campinas;3509502;CAMPINAS;350950205;CAMPINAS;35095020500;CAMPINAS;3509502000;CAMPINAS (todos os setores);1;252.0;501.0;1.99;1.14;4881.48;22127974.97;5104.28;22000170.7;3673.25;18397758.21;4531.3;18808364.14
350950205000187;3;Região Sudeste;35;São Paulo;3507;Campinas;35032;Campinas;22;RM Campinas;3509502;CAMPINAS;350950205;CAMPINAS;35095020500;CAMPINAS;3509502000;CAMPINAS (todos os setores);1;194.0;365.0;1.88;1.39;4550.0;12442353.37;4621.47;12306795.73;3357.31;11698260.63;4044.81;11311666.83
350950205000188;3;Região Sudeste;35;São Paulo;3507;Campinas;35032;Campinas;22;RM Campinas;3509502;CAMPINAS;350950205;CAMPINAS;35095020500;CAMPINAS;3509502000;CAMPINAS (todos os setores);1;313.0;795.0;2.54;1.4;5757.95;27837457.53;6601.6;26341245.31;4517.91;28127713.03;5941.69;28532962.09
350950205000189;3;Região Sudeste;35;São Paulo;3507;Campinas;35032;Campinas;22;RM Campinas;3509502;CAMPINAS;350950205;CAMPINAS;35095020500;CAMPINAS;3509502000;CAMPINAS (todos os setores);1;227.0;560.0;2.47;1.06;10843.88;345181115.49;11188.91;352336134.07;6310.3;200515177.15;8392.22;249322741.14
350950205000190;3;Região Sudeste;35;São Paulo;3507;Campinas;35032;Campinas;22;RM Campinas;3509502;CAMPINAS;350950205;CAMPINAS;35095020500;CAMPINAS;3509502000;CAMPINAS (todos os setores);1;160.0;369.0;2.31;2.58;3891.54;22801795.46;4646.62;23724360.06;2990.2;16613997.93;3935.06;18151406.45
350950205000191;3;Região Sudeste;35;São Paulo;3507;Campinas;35032;Campinas;22;RM Campinas;3509502;CAMPINAS;350950205;CAMPINAS;35095020500;CAMPINAS;3509502000;CAMPINAS (todos os setores);1;264.0;768.0;2.91;2.66;3594.61;20260461.91;4180.51;21117220.1;2190.76;11579935.35;3256.03;13746782.88
350950205000192;3;Região Sudeste;35;São Paulo;3507;Campinas;35032;Campinas;22;RM Campinas;3509502;CAMPINAS;350950205;CAMPINAS;35095020500;CAMPINAS;3509502000;CAMPINAS (todos os setores);1;193.0;535.0;2.77;1.69;5771.04;73841841.63;7327.7;82409330.42;3107.53;36554371.18;5340.75;50945723.93
350950205000193;3;Região Sudeste;35;São Paulo;3507;Campinas;35032;Campinas;22;RM Campinas;3509502;CAMPINAS;350950205;CAMPINAS;35095020500;CAMPINAS;3509502000;CAMPINAS (todos os setores);1;161.0;509.0;3.16;2.16;8209.84;63220461.43;8365.73;63116113.69;4057.3;34218026.12;5547.27;38530877.63
350950205000194;3;Região Sudeste;35;São Paulo;3507;Campinas;35032;Campinas;22;RM Campinas;3509502;CAMPINAS;350950205;CAMPINAS;35095020500;CAMPINAS;3509502000;CAMPINAS (todos os setores);1;213.0;498.0;2.34;1.18;3926.53;9789122.78;4181.75;9355966.27;2868.91;9122942.93;3588.07;8828630.4
350950205000195;3;Região Sudeste;35;São Paulo;3507;Campinas;35032;Campinas;22;RM Campinas;3509502;CAMPINAS;350950205;CAMPINAS;35095020500;CAMPINAS;3509502000;CAMPINAS (todos os setores);1;221.0;353.0;1.6;0.67;3894.12;10457237.21;4021.5;10286247.42;3245.81;8928912.96;3619.51;8603246.23
350950205000196;3;Região Sudeste;35;São Paulo;3507;Campinas;35032;Campinas;22;RM Campinas;3509502;CAMPINAS;350950205;CAMPINAS;35095020500;CAMPINAS;3509502000;CAMPINAS (todos os setores);1;221.0;552.0;2.5;1.19;6483.08;46109905.94;6664.0;46191401.68;3657.31;28854022.52;5032.54;32793606.16
350950205000197;3;Região Sudeste;35;São Paulo;3507;Campinas;35032;Campinas;22;RM Campinas;3509502;CAMPINAS;350950205;CAMPINAS;35095020500;CAMPINAS;3509502000;CAMPINAS (todos os setores);1;183.0;537.0;2.93;1.83;9605.96;299114498.94;10161.21;310829982.82;5007.13;135443891.57;6795.4;171764544.26
350950205000198;3;Região Sudeste;35;São Paulo;3507;Campinas;35032;Campinas;22;RM Campinas;3509502;CAMPINAS;350950205;CAMPINAS;35095020500;CAMPINAS;3509502000;CAMPINAS (todos os setores);1;204.0;514.0;2.52;1.97;5165.83;38951565.31;5191.28;39011635.98;3043.38;23704801.06;3925.88;27123231.49
350950205000199;3;Região Sudeste;35;São Paulo;3507;Campinas;35032;Campinas;22;RM Campinas;3509502;CAMPINAS;350950205;CAMPINAS;35095020500;CAMPINAS;3509502000;CAMPINAS (todos os setores);1;302.0;681.0;2.25;1.39;3911.51;8025431.55;4059.37;7727564.74;2639.14;7386540.24;3459.34;6843655.89
350950205000200;3;Região Sudeste;35;São Paulo;3507;Campinas;35032;Campinas;22;RM Campinas;3509502;CAMPINAS;350950205;CAMPINAS;35095020500;CAMPINAS;3509502000;CAMPINAS (todos os setores);1;337.0;887.0;2.63;1.76;5141.72;58043004.58;5381.24;59462357.76;3093.69;30795126.2;4052.59;36463357.95
350950205000201;3;Região Sudeste;35;São Paulo;3507;Campinas;35032;Campinas;22;RM Campinas;3509502;CAMPINAS;350950205;CAMPINAS;35095020500;CAMPINAS;3509502000;CAMPINAS (todos os setores);1;276.0;769.0;2.79;2.39;3307.31;12667618.8;3457.64;12723836.88;2019.75;7863459.57;2636.06;8639740.87
350950205000202;3;Região Sudeste;35;São Paulo;3507;Campinas;35032;Campinas;22;RM Campinas;3509502;CAMPINAS;350950205;CAMPINAS;35095020500;CAMPINAS;3509502000;CAMPINAS (todos os setores);1;231.0;669.0;2.9;2.36;2674.0;5546741.73;2782.41;5469633.54;1683.92;4140466.25;2242.82;4261450.69
350950205000203;3;Região Sudeste;35;São Paulo;3507;Campinas;35032;Campinas;22;RM Campinas;3509502;CAMPINAS;350950205;CAMPINAS;35095020500;CAMPINAS;3509502000;CAMPINAS (todos os setores);1;294.0;738.0;2.51;1.7;2376.73;7526587.94;3343.35;7355089.69;1760.84;6066061.66;2914.65;6679455.21
350950205000204;3;Região Sudeste;35;São Paulo;3507;Campinas;35032;Campinas;22;RM Campinas;3509502;CAMPINAS;350950205;CAMPINAS;35095020500;CAMPINAS;3509502000;CAMPINAS (todos os setores);1;153.0;375.0;2.45;1.6;3659.08;13790440.28;4086.42;13653719.1;2530.01;9756554.67;3424.76;10144283.71
350950205000205;3;Região Sudeste;35;São Paulo;3507;Campinas;35032;Campinas;22;RM Campinas;3509502;CAMPINAS;350950205;CAMPINAS;35095020500;CAMPINAS;3509502000;CAMPINAS (todos os setores);1;156.0;464.0;2.97;2.4;2029.84;6141255.57;2214.37;6291985.81;1380.86;3462446.75;1778.38;3753146.75
350950205000206;3;Região Sudeste;35;São Paulo;3507;Campinas;35032;Campinas;22;RM Campinas;3509502;CAMPINAS;350950205;CAMPINAS;35095020500;CAMPINAS;3509502000;CAMPINAS (todos os setores);1;164.0;436.0;2.66;1.76;2154.51;4055504.85;2294.41;3997477.83;1438.99;3245487.5;1940.15;3404023.94
350950205000207;3;Região Sudeste;35;São Paulo;3507;Campinas;35032;Campinas;22;RM Campinas;3509502;CAMPINAS;350950205;CAMPINAS;35095020500;CAMPINAS;3509502000;CAMPINAS (todos os setores);1;217.0;619.0;2.85;2.15;1494.78;5485039.66;1874.96;6171230.21;1114.92;2883660.97;1593.15;3359916.32
350950205000208;3;Região Sudeste;35;São Paulo;3507;Campinas;35032;Campinas;22;RM Campinas;3509502;CAMPINAS;350950205;CAMPINAS;35095020500;CAMPINAS;3509502000;CAMPINAS (todos os setores);1;190.0;566.0;2.98;2.01;2276.82;8446426.45;2574.97;8786793.26;1504.68;4726378.81;2108.98;5351790.38
350950205000209;3;Região Sudeste;35;São Paulo;3507;Campinas;35032;Campinas;22;RM Campinas;3509502;CAMPINAS;350950205;CAMPINAS;35095020500;CAMPINAS;3509502000;CAMPINAS (todos os setores);1;168.0;492.0;2.93;1.92;1787.4;2944023.02;2001.89;2867411.8;1253.42;1991797.36;1656.94;1964338.81
350950205000210;3;Região Sudeste;35;São Paulo;3507;Campinas;35032;Campinas;22;RM Campinas;3509502;CAMPINAS;350950205;CAMPINAS;35095020500;CAMPINAS;3509502000;CAMPINAS (todos os setores);1;214.0;632.0;2.95;1.53;1620.46;3766476.63;2101.69;3874266.19;1274.24;2998629.15;1876.14;3286541.0
350950205000211;3;Região Sudeste;35;São Paulo;3507;Campinas;35032;Campinas;22;RM Campinas;3509502;CAMPINAS;350950205;CAMPINAS;35095020500;CAMPINAS;3509502000;CAMPINAS (todos os setores);1;103.0;333.0;3.23;2.22;1635.7;2975342.06;1936.52;2939580.69;1194.2;2469858.46;1735.5;2650802.65
350950205000212;3;Região Sudeste;35;São Paulo;3507;Campinas;35032;Campinas;22;RM Campinas;3509502;CAMPINAS;350950205;CAMPINAS;35095020500;CAMPINAS;3509502000;CAMPINAS (todos os setores);1;232.0;688.0;2.97;1.97;2764.89;10139270.84;2889.43;10236570.11;1695.15;6459795.5;2184.44;7257013.03
350950205000213;3;Região Sudeste;35;São Paulo;3507;Campinas;35032;Campinas;22;RM Campinas;3509502;CAMPINAS;350950205;CAMPINAS;35095020500;CAMPINAS;3509502000;CAMPINAS (todos os setores);1;187.0;621.0;3.32;1.93;1210.32;4609941.83;2571.93;6313514.62;848.43;2501328.86;1876.74;3607512.78
350950205000214;3;Região Sudeste;35;São Paulo;3507;Campinas;35032;Campinas;22;RM Campinas;3509502;CAMPINAS;350950205;CAMPINAS;35095020500;CAMPINAS;3509502000;CAMPINAS (todos os setores);1;219.0;541.0;2.47;1.01;2792.41;6682013.52;3104.25;6459060.3;2417.41;7245406.0;2892.37;7295306.58
350950205000215;3;Região Sudeste;35;São Paulo;3507;Campinas;35032;Campinas;22;RM Campinas;3509502;CAMPINAS;350950205;CAMPINAS;35095020500;CAMPINAS;3509502000;CAMPINAS (todos os setores);1;228.0;643.0;2.82;2.17;1520.83;4624230.93;2407.98;5189384.4;1105.17;2732255.58;1927.48;3181553.26
350950205000216;3;Região Sudeste;35;São Paulo;3507;Campinas;35032;Campinas;22;RM Campinas;3509502;CAMPINAS;350950205;CAMPINAS;35095020500;CAMPINAS;3509502000;CAMPINAS (todos os setores);1;177.0;503.0;2.84;1.42;2946.36;127363512.04;3321.69;142437439.88;1626.15;47969148.13;2343.01;67493482.28
350950205000217;3;Região Sudeste;35;São Paulo;3507;Campinas;35032;Campinas;22;RM Campinas;3509502;CAMPINAS;350950205;CAMPINAS;35095020500;CAMPINAS;3509502000;CAMPINAS (todos os setores);1;284.0;767.0;2.7;1.45;2616.56;5993775.84;2996.38;5724662.19;2096.65;5524783.43;2694.02;5489496.11
350950205000218;3;Região Sudeste;35;São Paulo;3507;Campinas;35032;Campinas;22;RM Campinas;3509502;CAMPINAS;350950205;CAMPINAS;35095020500;CAMPINAS;3509502000;CAMPINAS (todos os setores);1;293.0;856.0;2.92;1.65;2104.03;3937651.11;2456.1;3731001.38;1449.64;2939615.28;2093.32;2897383.88
350950205000219;3;Região Sudeste;35;São Paulo;3507;Campinas;35032;Campinas;22;RM Campinas;3509502;CAMPINAS;350950205;CAMPINAS;35095020500;CAMPINAS;3509502000;CAMPINAS (todos os setores);1;270.0;793.0;2.94;2.22;1805.86;2312985.74;1861.0;2280872.19;1117.53;1713617.08;1568.32;1697840.43
350950205000220;3;Região Sudeste;35;São Paulo;3507;Campinas;35032;Campinas;22;RM Campinas;3509502;CAMPINAS;350950205;CAMPINAS;35095020500;CAMPINAS;3509502000;CAMPINAS (todos os setores);1;246.0;713.0;2.9;2.08;1678.66;2446217.69;1811.19;2399103.92;1201.67;2257750.28;1603.86;2368566.75
350950205000221;3;Região Sudeste;35;São Paulo;3507;Campinas;35032;Campinas;22;RM Campinas;3509502;CAMPINAS;350950205;CAMPINAS;35095020500;CAMPINAS;3509502000;CAMPINAS (todos os setores);1;266.0;825.0;3.1;2.14;1651.76;2944892.98;1952.75;2893537.79;1108.73;2068179.54;1634.15;2189897.19
350950205000222;3;Região Sudeste;35;São Paulo;3507;Campinas;35032;Campinas;22;RM Campinas;3509502;CAMPINAS;350950205;CAMPINAS;35095020500;CAMPINAS;3509502000;CAMPINAS (todos os setores);1;300.0;957.0;3.19;3.08;2017.27;6885538.36;2146.03;7049295.24;1181.28;3450901.16;1658.78;4054743.13
350950205000223;3;Região Sudeste;35;São Paulo;3507;Campinas;35032;Campinas;22;RM Campinas;3509502;CAMPINAS;350950205;CAMPINAS;35095020500;CAMPINAS;3509502000;CAMPINAS (todos os setores);1;262.0;764.0;2.92;2.0;1566.07;1439043.87;1661.17;1368161.62;1079.9;1385103.94;1454.9;1320379.03
350950205000224;3;Região Sudeste;35;São Paulo;3507;Campinas;35032;Campinas;22;RM Campinas;3509502;CAMPINAS;350950205;CAMPINAS;35095020500;CAMPINAS;3509502000;CAMPINAS (todos os setores);1;155.0;490.0;3.16;2.47;1677.74;1677310.6;1757.09;1616803.9;1153.13;1565789.62;1582.86;1468798.07
350950205000225;3;Região Sudeste;35;São Paulo;3507;Campinas;35032;Campinas;22;RM Campinas;3509502;CAMPINAS;350950205;CAMPINAS;35095020500;CAMPINAS;3509502000;CAMPINAS (todos os setores);1;155.0;484.0;3.12;2.37;1830.84;3109446.69;1930.48;3086162.1;1189.5;2072921.28;1633.77;2121459.2
350950205000226;3;Região Sudeste;35;São Paulo;3507;Campinas;35032;Campinas;22;RM Campinas;3509502;CAMPINAS;350950205;CAMPINAS;35095020500;CAMPINAS;3509502000;CAMPINAS (todos os setores);1;186.0;500.0;2.69;1.59;1675.37;6702289.31;1911.77;7199114.99;1329.09;5476342.82;1735.51;6448264.15
350950205000227;3;Região Sudeste;35;São Paulo;3507;Campinas;35032;Campinas;22;RM Campinas;3509502;CAMPINAS;350950205;CAMPINAS;35095020500;CAMPINAS;3509502000;CAMPINAS (todos os setores);1;304.0;887.0;2.92;2.29;1472.49;1688000.65;1533.0;1664523.05;1014.03;1383536.37;1379.89;1377856.53
350950205000228;3;Região Sudeste;35;São Paulo;3507;Campinas;35032;Campinas;22;RM Campinas;3509502;CAMPINAS;350950205;CAMPINAS;35095020500;CAMPINAS;3509502000;CAMPINAS (todos os setores);1;158.0;473.0;2.99;2.9;1638.79;1788430.73;1692.35;1756030.35;1067.44;1511641.25;1473.13;1488448.11
350950205000229;3;Região Sudeste;35;São Paulo;3507;Campinas;35032;Campinas;22;RM Campinas;3509502;CAMPINAS;350950205;CAMPINAS;35095020500;CAMPINAS;3509502000;CAMPINAS (todos os setores);1;291.0;838.0;2.88;1.22;3086.98;5222549.43;3208.25;5037984.37;2022.61;4630925.79;2733.56;4314678.97
350950205000230;3;Região Sudeste;35;São Paulo;3507;Campinas;35032;Campinas;22;RM Campinas;3509502;CAMPINAS;350950205;CAMPINAS;35095020500;CAMPINAS;3509502000;CAMPINAS (todos os setores);1;227.0;625.0;2.75;1.98;1698.15;5793647.35;1917.81;6123448.78;1303.6;3439599.17;1722.83;3824401.99
350950205000231;3;Região Sudeste;35;São Paulo;3507;Campinas;35032;Campinas;22;RM Campinas;3509502;CAMPINAS;350950205;CAMPINAS;35095020500;CAMPINAS;3509502000;CAMPINAS (todos os setores);1;155.0;432.0;2.79;2.25;1482.9;1796719.06;1618.66;1741068.0;1060.6;1530969.12;1429.51;1536144.09
350950205000232;3;Região Sudeste;35;São Paulo;3507;Campinas;35032;Campinas;22;RM Campinas;3509502;CAMPINAS;350950205;CAMPINAS;35095020500;CAMPINAS;3509502000;CAMPINAS (todos os setores);1;220.0;578.0;2.63;1.58;4158.27;12845754.99;4551.34;12268157.69;2294.18;9647809.42;3841.25;10212927.81
350950205000233;3;Região Sudeste;35;São Paulo;3507;Campinas;35032;Campinas;22;RM Campinas;3509502;CAMPINAS;350950205;CAMPINAS;35095020500;CAMPINAS;3509502000;CAMPINAS (todos os setores);1;156.0;412.0;2.64;1.61;3163.12;8377827.52;3246.36;8327740.93;1857.68;5748021.6;2483.29;6131533.45
350950205000234;3;Região Sudeste;35;São Paulo;3507;Campinas;35032;Campinas;22;RM Campinas;3509502;CAMPINAS;350950205;CAMPINAS;35095020500;CAMPINAS;3509502000;CAMPINAS (todos os setores);1;221.0;578.0;2.62;1.67;2881.45;7435416.89;3184.01;7251889.31;1983.64;10515519.39;2670.85;12327514.47
350950205000235;3;Região Sudeste;35;São Paulo;3507;Campinas;35032;Campinas;22;RM Campinas;3509502;CAMPINAS;350950205;CAMPINAS;35095020500;CAMPINAS;3509502000;CAMPINAS (todos os setores);1;158.0;451.0;2.85;2.11;3464.94;15792980.0;3801.81;16049475.3;2091.81;9163198.81;2999.44;10420963.86
350950205000236;3;Região Sudeste;35;São Paulo;3507;Campinas;35032;Campinas;22;RM Campinas;3509502;CAMPINAS;350950205;CAMPINAS;35095020500;CAMPINAS;3509502000;CAMPINAS (todos os setores);1;173.0;414.0;2.39;1.57;2889.08;10362244.62;3332.07;10475795.95;2005.83;8268423.07;2944.28;9377785.25
350950205000237;3;Região Sudeste;35;São Paulo;3507;Campinas;35032;Campinas;22;RM Campinas;3509502;CAMPINAS;350950205;CAMPINAS;35095020500;CAMPINAS;3509502000;CAMPINAS (todos os setores);1;133.0;387.0;2.91;2.43;3939.99;20601310.2;4225.96;20890412.22;2319.57;11155485.7;3132.7;12523833.55
350950205000238;3;Região Sudeste;35;São Paulo;3507;Campinas;35032;Campinas;22;RM Campinas;3509502;CAMPINAS;350950205;CAMPINAS;35095020500;CAMPINAS;3509502000;CAMPINAS (todos os setores);1;138.0;342.0;2.48;2.63;4244.24;78151546.23;4370.93;79944035.31;2590.36;38462479.31;3187.35;45451342.93
350950205000239;3;Região Sudeste;35;São Paulo;3507;Campinas;35032;Campinas;22;RM Campinas;3509502;CAMPINAS;350950205;CAMPINAS;35095020500;CAMPINAS;3509502000;CAMPINAS (todos os setores);1;159.0;404.0;2.54;1.47;3901.99;8813889.82;3926.69;8772437.4;2474.44;6928488.05;3031.6;6799034.07
350950205000240;3;Região Sudeste;35;São Paulo;3507;Campinas;35032;Campinas;22;RM Campinas;3509502;CAMPINAS;350950205;CAMPINAS;35095020500;CAMPINAS;3509502000;CAMPINAS (todos os setores);1;292.0;620.0;2.12;1.33;2691.18;8328671.64;3106.03;8323992.59;2165.45;7098365.84;2752.3;7407533.25
350950205000241;3;Região Sudeste;35;São Paulo;3507;Campinas;35032;Campinas;22;RM Campinas;3509502;CAMPINAS;350950205;CAMPINAS;35095020500;CAMPINAS;3509502000;CAMPINAS (todos os setores);1;199.0;466.0;2.34;1.69;4648.29;15872217.27;5082.47;15144072.86;3492.5;24471585.71;4538.16;27060794.87
350950205000242;3;Região Sudeste;35;São Paulo;3507;Campinas;35032;Campinas;22;RM Campinas;3509502;CAMPINAS;350950205;CAMPINAS;35095020500;CAMPINAS;3509502000;CAMPINAS (todos os setores);1;207.0;338.0;1.63;0.84;4693.13;44377694.38;5279.77;46840967.73;3792.06;33300298.05;4690.91;36990904.98
350950205000243;3;Região Sudeste;35;São Paulo;3507;Campinas;35032;Campinas;22;RM Campinas;3509502;CAMPINAS;350950205;CAMPINAS;35095020500;CAMPINAS;3509502000;CAMPINAS (todos os setores);1;154.0;373.0;2.42;2.11;2849.53;8413671.73;3538.93;8006209.81;2122.14;7072145.21;2916.88;7403818.77
350950205000244;3;Região Sudeste;35;São Paulo;3507;Campinas;35032;Campinas;22;RM Campinas;3509502;CAMPINAS;350950205;CAMPINAS;35095020500;CAMPINAS;3509502000;CAMPINAS (todos os setores);1;275.0;573.0;2.08;1.33;5576.01;31787225.29;6336.37;31301888.33;4318.65;25995658.87;5622.59;26514323.19
350950205000245;3;Região Sudeste;35;São Paulo;3507;Campinas;35032;Campinas;22;RM Campinas;3509502;CAMPINAS;350950205;CAMPINAS;35095020500;CAMPINAS;3509502000;CAMPINAS (todos os setores);1;282.0;645.0;2.29;1.42;6509.52;151952083.57;7033.28;160527253.84;4434.21;82899465.9;6062.47;103516907.23
350950205000246;3;Região Sudeste;35;São Paulo;3507;Campinas;35032;Campinas;22;RM Campinas;3509502;CAMPINAS;350950205;CAMPINAS;35095020500;CAMPINAS;3509502000;CAMPINAS (todos os setores);1;194.0;490.0;2.53;1.09;3713.9;12444300.67;4238.21;11976232.38;2932.05;13104436.51;3857.96;13672216.24
350950205000247;3;Região Sudeste;35;São Paulo;3507;Campinas;35032;Campinas;22;RM Campinas;3509502;CAMPINAS;350950205;CAMPINAS;35095020500;CAMPINAS;3509502000;CAMPINAS (todos os setores);1;229.0;576.0;2.52;1.72;3417.21;9367282.05;3589.64;9220313.25;2223.79;6903614.88;2905.54;7039546.09
350950205000248;3;Região Sudeste;35;São Paulo;3507;Campinas;35032;Campinas;22;RM Campinas;3509502;CAMPINAS;350950205;CAMPINAS;35095020500;CAMPINAS;3509502000;CAMPINAS (todos os setores);1;263.0;751.0;2.86;1.69;2038.74;4419058.63;2281.65;4391222.65;1449.08;3371714.26;1969.85;3557959.42
350950205000249;3;Região Sudeste;35;São Paulo;3507;Campinas;35032;Campinas;22;RM Campinas;3509502;CAMPINAS;350950205;CAMPINAS;35095020500;CAMPINAS;3509502000;CAMPINAS (todos os setores);1;218.0;624.0;2.86;1.7;3144.64;52281547.72;3233.64;53479071.01;1941.94;39175283.85;2778.32;53760169.69
350950205000250;3;Região Sudeste;35;São Paulo;3507;Campinas;35032;Campinas;22;RM Campinas;3509502;CAMPINAS;350950205;CAMPINAS;35095020500;CAMPINAS;3509502000;CAMPINAS (todos os setores);1;212.0;594.0;2.8;1.34;4462.09;28186804.06;5005.1;28902932.71;2724.93;18036087.27;3802.55;21078716.25
350950205000251;3;Região Sudeste;35;São Paulo;3507;Campinas;35032;Campinas;22;RM Campinas;3509502;CAMPINAS;350950205;CAMPINAS;35095020500;CAMPINAS;3509502000;CAMPINAS (todos os setores);1;297.0;644.0;2.17;1.63;4212.14;26631319.78;4269.65;26749771.44;2973.25;16847457.61;3611.64;18161774.82
350950205000252;3;Região Sudeste;35;São Paulo;3507;Campinas;35032;Campinas;22;RM Campinas;3509502;CAMPINAS;350950205;CAMPINAS;35095020500;CAMPINAS;3509502000;CAMPINAS (todos os setores);1;125.0;390.0;3.12;1.33;6148.52;382970032.67;6404.71;397406610.63;4071.47;288671935.92;5370.87;374125376.56
350950205000253;3;Região Sudeste;35;São Paulo;3507;Campinas;35032;Campinas;22;RM Campinas;3509502;CAMPINAS;350950205;CAMPINAS;35095020500;CAMPINAS;3509502000;CAMPINAS (todos os setores);1;120.0;352.0;2.93;1.81;2858.76;5216959.58;3009.22;5037189.43;1746.66;5010648.51;2416.71;5314821.3
350950205000254;3;Região Sudeste;35;São Paulo;3507;Campinas;35032;Campinas;22;RM Campinas;3509502;CAMPINAS;350950205;CAMPINAS;35095020500;CAMPINAS;3509502000;CAMPINAS (todos os setores);1;331.0;760.0;2.3;1.29;4337.56;16916560.88;4572.39;16758158.28;2720.91;11928601.29;3528.6;12620829.06
350950205000255;3;Região Sudeste;35;São Paulo;3507;Campinas;35032;Campinas;22;RM Campinas;3509502;CAMPINAS;350950205;CAMPINAS;35095020500;CAMPINAS;3509502000;CAMPINAS (todos os setores);1;173.0;490.0;2.83;2.0;1830.99;4023806.23;1943.32;4052547.69;1283.05;2927839.59;1767.07;3177799.97
350950205000256;3;Região Sudeste;35;São Paulo;3507;Campinas;35032;Campinas;22;RM Campinas;3509502;CAMPINAS;350950205;CAMPINAS;35095020500;CAMPINAS;3509502000;CAMPINAS (todos os setores);1;208.0;608.0;2.92;2.08;2038.24;4858958.78;2109.22;4878554.36;1388.37;3759926.18;1798.05;4133655.45
350950205000257;3;Região Sudeste;35;São Paulo;3507;Campinas;35032;Campinas;22;RM Campinas;3509502;CAMPINAS;350950205;CAMPINAS;35095020500;CAMPINAS;3509502000;CAMPINAS (todos os setores);1;265.0;789.0;2.98;1.98;1318.59;3745310.88;1858.65;4278347.47;1273.07;2829090.63;1725.5;3054268.63
350950205000258;3;Região Sudeste;35;São Paulo;3507;Campinas;35032;Campinas;22;RM Campinas;3509502;CAMPINAS;350950205;CAMPINAS;35095020500;CAMPINAS;3509502000;CAMPINAS (todos os setores);1;315.0;863.0;2.74;1.91;1588.87;1744210.91;1657.26;1705817.43;1084.36;1499613.11;1379.34;1500677.66
350950205000259;3;Região Sudeste;35;São Paulo;3507;Campinas;35032;Campinas;22;RM Campinas;3509502;CAMPINAS;350950205;CAMPINAS;35095020500;CAMPINAS;3509502000;CAMPINAS (todos os setores);1;252.0;702.0;2.79;1.97;1800.12;6453957.58;2129.71;6935980.66;1485.22;4278528.64;1958.34;4715810.22
350950205000260;3;Região Sudeste;35;São Paulo;3507;Campinas;35032;Campinas;22;RM Campinas;3509502;CAMPINAS;350950205;CAMPINAS;35095020500;CAMPINAS;3509502000;CAMPINAS (todos os setores);1;270.0;842.0;3.12;3.07;1688.06;1912225.18;1700.65;1905044.87;1092.25;1569269.18;1421.21;1574384.43
350950205000261;3;Região Sudeste;35;São Paulo;3507;Campinas;35032;Campinas;22;RM Campinas;3509502;CAMPINAS;350950205;CAMPINAS;35095020500;CAMPINAS;3509502000;CAMPINAS (todos os setores);1;255.0;792.0;3.11;2.28;1726.84;2366412.35;1812.12;2328585.89;1081.68;1573905.19;1476.13;1565573.2
350950205000262;3;Região Sudeste;35;São Paulo;3507;Campinas;35032;Campinas;22;RM Campinas;3509502;CAMPINAS;350950205;CAMPINAS;35095020500;CAMPINAS;3509502000;CAMPINAS (todos os setores);1;284.0;712.0;2.51;1.36;1998.22;4110203.25;2425.19;3952291.46;1749.64;4325648.76;2344.95;4401623.4
350950205000263;3;Região Sudeste;35;São Paulo;3507;Campinas;35032;Campinas;22;RM Campinas;3509502;CAMPINAS;350950205;CAMPINAS;35095020500;CAMPINAS;3509502000;CAMPINAS (todos os setores);1;234.0;705.0;3.01;1.93;2419.13;5049438.16;2538.46;4995359.01;1426.18;3389088.98;2026.68;3599497.41
350950205000264;3;Região Sudeste;35;São Paulo;3507;Campinas;35032;Campinas;22;RM Campinas;3509502;CAMPINAS;350950205;CAMPINAS;35095020500;CAMPINAS;3509502000;CAMPINAS (todos os setores);1;238.0;719.0;3.02;2.08;1849.33;4664765.79;2268.76;4771706.23;1346.0;3268947.58;1879.48;3562507.15
350950205000265;3;Região Sudeste;35;São Paulo;3507;Campinas;35032;Campinas;22;RM Campinas;3509502;CAMPINAS;350950205;CAMPINAS;35095020500;CAMPINAS;3509502000;CAMPINAS (todos os setores);1;118.0;315.0;2.67;1.64;1931.35;3235742.47;2053.14;3189313.87;1164.91;2184928.21;1724.75;2269797.12
350950205000266;3;Região Sudeste;35;São Paulo;3507;Campinas;35032;Campinas;22;RM Campinas;3509502;CAMPINAS;350950205;CAMPINAS;35095020500;CAMPINAS;3509502000;CAMPINAS (todos os setores);1;249.0;694.0;2.79;1.63;2517.96;5798324.24;2749.88;5694179.4;2044.07;145103425.95;2872.62;201666260.24
350950205000267;3;Região Sudeste;35;São Paulo;3507;Campinas;35032;Campinas;22;RM Campinas;3509502;CAMPINAS;350950205;CAMPINAS;35095020500;CAMPINAS;3509502000;CAMPINAS (todos os setores);1;206.0;587.0;2.85;1.93;1592.83;2071411.99;1682.69;2036890.65;1068.61;1469338.0;1421.4;1452927.43
350950205000268;3;Região Sudeste;35;São Paulo;3507;Campinas;35032;Campinas;22;RM Campinas;3509502;CAMPINAS;350950205;CAMPINAS;35095020500;CAMPINAS;3509502000;CAMPINAS (todos os setores);1;145.0;463.0;3.19;2.34;1612.92;1812901.1;1758.45;1719869.54;953.5;1255409.74;1423.58;1204960.18
350950205000269;3;Região Sudeste;35;São Paulo;3507;Campinas;35032;Campinas;22;RM Campinas;3509502;CAMPINAS;350950205;CAMPINAS;35095020500;CAMPINAS;3509502000;CAMPINAS (todos os setores);1;182.0;505.0;2.77;1.71;1178.9;1325996.58;1788.0;918631.26;830.78;985730.95;1517.22;757838.75
350950205000270;3;Região Sudeste;35;São Paulo;3507;Campinas;35032;Campinas;22;RM Campinas;3509502;CAMPINAS;350950205;CAMPINAS;35095020500;CAMPINAS;3509502000;CAMPINAS (todos os setores);1;198.0;615.0;3.11;2.16;2711.06;6946619.68;2795.78;6926737.61;1575.2;4315038.42;2211.42;4651735.83
350950205000271;3;Região Sudeste;35;São Paulo;3507;Campinas;35032;Campinas;22;RM Campinas;3509502;CAMPINAS;350950205;CAMPINAS;35095020500;CAMPINAS;3509502000;CAMPINAS (todos os setores);1;194.0;553.0;2.85;1.29;2696.14;5464672.59;3058.78;5088254.86;2123.19;6062170.84;2859.92;6058700.22
350950205000272;3;Região Sudeste;35;São Paulo;3507;Campinas;35032;Campinas;22;RM Campinas;3509502;CAMPINAS;350950205;CAMPINAS;35095020500;CAMPINAS;3509502000;CAMPINAS (todos os setores);1;224.0;596.0;2.66;1.71;1549.96;2049155.6;1856.63;1884338.59;1243.63;2289915.05;1785.16;2320397.12
350950205000273;3;Região Sudeste;35;São Paulo;3507;Campinas;35032;Campinas;22;RM Campinas;3509502;CAMPINAS;350950205;CAMPINAS;35095020500;CAMPINAS;3509502000;CAMPINAS (todos os setores);1;268.0;719.0;2.68;1.68;1607.8;2598797.1;2042.14;2412989.03;1245.64;2288732.64;1799.87;2309574.47
350950205000274;3;Região Sudeste;35;São Paulo;3507;Campinas;35032;Campinas;22;RM Campinas;3509502;CAMPINAS;350950205;CAMPINAS;35095020500;CAMPINAS;3509502000;CAMPINAS (todos os setores);1;104.0;280.0;2.69;1.79;1265.48;1221780.35;1566.79;1038417.25;1011.88;1067316.47;1488.74;859189.14
350950205000275;3;Região Sudeste;35;São Paulo;3507;Campinas;35032;Campinas;22;RM Campinas;3509502;CAMPINAS;350950205;CAMPINAS;35095020500;CAMPINAS;3509502000;CAMPINAS (todos os setores);1;203.0;471.0;2.32;1.01;2954.92;5193983.01;3092.0;5010130.35;2081.88;5466739.45;2676.7;5436402.39
350950205000276;3;Região Sudeste;35;São Paulo;3507;Campinas;35032;Campinas;22;RM Campinas;3509502;CAMPINAS;350950205;CAMPINAS;35095020500;CAMPINAS;3509502000;CAMPINAS (todos os setores);1;312.0;905.0;2.9;2.02;1872.9;3264910.25;1934.91;3252983.83;1205.43;2250170.1;1623.68;2351977.46
350950205000277;3;Região Sudeste;35;São Paulo;3507;Campinas;35032;Campinas;22;RM Campinas;3509502;CAMPINAS;350950205;CAMPINAS;35095020500;CAMPINAS;3509502000;CAMPINAS (todos os setores);1;173.0;575.0;3.32;2.02;2044.39;8374661.98;2143.52;8569416.84;1272.25;3781361.6;1725.93;4348215.44
350950205000278;3;Região Sudeste;35;São Paulo;3507;Campinas;35032;Campinas;22;RM Campinas;3509502;CAMPINAS;350950205;CAMPINAS;35095020500;CAMPINAS;3509502000;CAMPINAS (todos os setores);1;300.0;893.0;2.98;2.14;2225.26;10868929.57;2317.98;11107708.99;1283.07;5136626.76;1813.08;6299517.01
350950205000279;3;Região Sudeste;35;São Paulo;3507;Campinas;35032;Campinas;22;RM Campinas;3509502;CAMPINAS;350950205;CAMPINAS;35095020500;CAMPINAS;3509502000;CAMPINAS (todos os setores);1;168.0;441.0;2.63;1.16;2724.22;6926990.76;3092.36;6723280.04;1833.45;5068566.05;2528.03;5233380.39
350950205000280;3;Região Sudeste;35;São Paulo;3507;Campinas;35032;Campinas;22;RM Campinas;3509502;CAMPINAS;350950205;CAMPINAS;35095020500;CAMPINAS;3509502000;CAMPINAS (todos os setores);1;156.0;427.0;2.74;1.51;3490.62;6200598.43;3606.2;5987689.96;2298.35;5677896.88;2895.04;5423718.85
350950205000281;3;Região Sudeste;35;São Paulo;3507;Campinas;35032;Campinas;22;RM Campinas;3509502;CAMPINAS;350950205;CAMPINAS;35095020500;CAMPINAS;3509502000;CAMPINAS (todos os setores);1;272.0;829.0;3.05;1.79;2826.43;7982940.43;3038.69;7937273.55;1699.91;5401952.9;2411.06;5948217.55
350950205000282;3;Região Sudeste;35;São Paulo;3507;Campinas;35032;Campinas;22;RM Campinas;3509502;CAMPINAS;350950205;CAMPINAS;35095020500;CAMPINAS;3509502000;CAMPINAS (todos os setores);1;311.0;815.0;2.62;1.47;2617.66;5087889.97;2759.63;4971651.98;1674.35;3658231.66;2265.83;3610260.3
350950205000283;3;Região Sudeste;35;São Paulo;3507;Campinas;35032;Campinas;22;RM Campinas;3509502;CAMPINAS;350950205;CAMPINAS;35095020500;CAMPINAS;3509502000;CAMPINAS (todos os setores);1;;;;;;;;;920.09;3892406.19;928.23;3919534.34
350950205000284;3;Região Sudeste;35;São Paulo;3507;Campinas;35032;Campinas;22;RM Campinas;3509502;CAMPINAS;350950205;CAMPINAS;35095020500;CAMPINAS;3509502000;CAMPINAS (todos os setores);1;216.0;577.0;2.67;1.34;2554.75;3283432.46;2745.4;3003655.43;1645.54;2908510.08;2218.1;2649816.54
350950205000285;3;Região Sudeste;35;São Paulo;3507;Campinas;35032;Campinas;22;RM Campinas;3509502;CAMPINAS;350950205;CAMPINAS;35095020500;CAMPINAS;3509502000;CAMPINAS (todos os setores);1;270.0;689.0;2.55;1.46;2093.5;2617999.18;2234.17;2479083.61;1426.95;2151780.25;1860.6;1998542.8
350950205000286;3;Região Sudeste;35;São Paulo;3507;Campinas;35032;Campinas;22;RM Campinas;3509502;CAMPINAS;350950205;CAMPINAS;35095020500;CAMPINAS;3509502000;CAMPINAS (todos os setores);1;207.0;583.0;2.82;1.88;2271.56;50563793.62;2362.88;52389909.59;1374.59;21294970.74;1815.16;27336058.07
350950205000287;3;Região Sudeste;35;São Paulo;3507;Campinas;35032;Campinas;22;RM Campinas;3509502;CAMPINAS;350950205;CAMPINAS;35095020500;CAMPINAS;3509502000;CAMPINAS (todos os setores);1;296.0;928.0;3.14;1.95;2628.96;13520545.25;3458.54;14924119.52;1784.45;9353211.7;2842.27;11896006.87
350950205000288;3;Região Sudeste;35;São Paulo;3507;Campinas;35032;Campinas;22;RM Campinas;3509502;CAMPINAS;350950205;CAMPINAS;35095020500;CAMPINAS;3509502000;CAMPINAS (todos os setores);1;280.0;792.0;2.83;1.45;2255.16;3850332.22;2438.01;3716212.36;1906.13;55086842.79;2453.5;69587220.59
350950205000289;3;Região Sudeste;35;São Paulo;3507;Campinas;35032;Campinas;22;RM Campinas;3509502;CAMPINAS;350950205;CAMPINAS;35095020500;CAMPINAS;3509502000;CAMPINAS (todos os setores);1;232.0;646.0;2.78;1.68;3706.02;16509302.32;3754.57;16543444.13;2170.8;9372328.37;2848.61;10370017.33
350950205000290;3;Região Sudeste;35;São Paulo;3507;Campinas;35032;Campinas;22;RM Campinas;3509502;CAMPINAS;350950205;CAMPINAS;35095020500;CAMPINAS;3509502000;CAMPINAS (todos os setores);1;83.0;225.0;2.71;1.38;2926.77;19907598.03;4117.32;23158827.95;1562.64;9575598.29;2941.45;14006215.38
350950205000291;3;Região Sudeste;35;São Paulo;3507;Campinas;35032;Campinas;22;RM Campinas;3509502;CAMPINAS;350950205;CAMPINAS;35095020500;CAMPINAS;3509502000;CAMPINAS (todos os setores);1;188.0;504.0;2.68;3.64;3025.67;8070705.62;3231.97;7953574.83;1808.8;5354890.22;2413.33;5686530.93
350950205000292;3;Região Sudeste;35;São Paulo;3507;Campinas;35032;Campinas;22;RM Campinas;3509502;CAMPINAS;350950205;CAMPINAS;35095020500;CAMPINAS;3509502000;CAMPINAS (todos os setores);1;247.0;653.0;2.64;1.67;2877.2;5601847.35;3103.36;5339178.24;1947.69;4550436.98;2519.82;4445235.43
350950205000293;3;Região Sudeste;35;São Paulo;3507;Campinas;35032;Campinas;22;RM Campinas;3509502;CAMPINAS;350950205;CAMPINAS;35095020500;CAMPINAS;3509502000;CAMPINAS (todos os setores);1;139.0;411.0;2.96;1.11;6263.0;15942836.35;6448.57;15213147.99;3485.27;14340788.35;4762.31;13510572.47
350950205000294;3;Região Sudeste;35;São Paulo;3507;Campinas;35032;Campinas;22;RM Campinas;3509502;CAMPINAS;350950205;CAMPINAS;35095020500;CAMPINAS;3509502000;CAMPINAS (todos os setores);1;114.0;290.0;2.54;1.33;3165.44;6019465.74;3436.76;5598941.34;2105.38;5077866.78;2910.05;4674870.0
350950205000295;3;Região Sudeste;35;São Paulo;3507;Campinas;35032;Campinas;22;RM Campinas;3509502;CAMPINAS;350950205;CAMPINAS;35095020500;CAMPINAS;3509502000;CAMPINAS (todos os setores);1;180.0;442.0;2.46;1.7;2739.46;9282998.71;3160.91;9379591.05;1964.02;6322141.19;2549.45;6715368.55
350950205000296;3;Região Sudeste;35;São Paulo;3507;Campinas;35032;Campinas;22;RM Campinas;3509502;CAMPINAS;350950205;CAMPINAS;35095020500;CAMPINAS;3509502000;CAMPINAS (todos os setores);1;234.0;570.0;2.44;1.35;3109.76;8740959.37;3150.15;8727195.31;2113.22;6164886.25;2522.83;6326823.8
350950205000297;3;Região Sudeste;35;São Paulo;3507;Campinas;35032;Campinas;22;RM Campinas;3509502;CAMPINAS;350950205;CAMPINAS;35095020500;CAMPINAS;3509502000;CAMPINAS (todos os setores);1;337.0;855.0;2.54;1.14;4075.45;9987001.25;4187.27;9792194.1;2807.87;8509537.35;3414.27;8276518.28
350950205000298;3;Região Sudeste;35;São Paulo;3507;Campinas;35032;Campinas;22;RM Campinas;3509502;CAMPINAS;350950205;CAMPINAS;35095020500;CAMPINAS;3509502000;CAMPINAS (todos os setores);1;189.0;421.0;2.23;1.52;3844.29;9769626.49;3992.15;9553927.74;2737.31;9234316.64;3367.06;9238386.71
350950205000299;3;Região Sudeste;35;São Paulo;3507;Campinas;35032;Campinas;22;RM Campinas;3509502;CAMPINAS;350950205;CAMPINAS;35095020500;CAMPINAS;3509502000;CAMPINAS (todos os setores);1;246.0;539.0;2.19;1.34;5291.8;23690656.85;5785.7;23041332.45;3504.4;18662836.86;4759.99;19374834.59
350950205000300;3;Região Sudeste;35;São Paulo;3507;Campinas;35032;Campinas;22;RM Campinas;3509502;CAMPINAS;350950205;CAMPINAS;35095020500;CAMPINAS;3509502000;CAMPINAS (todos os setores);1;276.0;615.0;2.23;1.37;6873.32;180719125.74;7185.74;186711336.19;4279.53;96005390.28;5458.78;116067522.07
350950205000301;3;Região Sudeste;35;São Paulo;3507;Campinas;35032;Campinas;22;RM Campinas;3509502;CAMPINAS;350950205;CAMPINAS;35095020500;CAMPINAS;3509502000;CAMPINAS (todos os setores);1;256.0;566.0;2.21;1.3;4838.11;17231510.2;5160.65;16713600.31;3419.92;14255000.48;4398.23;14029437.78
350950205000302;3;Região Sudeste;35;São Paulo;3507;Campinas;35032;Campinas;22;RM Campinas;3509502;CAMPINAS;350950205;CAMPINAS;35095020500;CAMPINAS;3509502000;CAMPINAS (todos os setores);1;158.0;293.0;1.85;1.14;6870.01;31447297.6;7002.98;31122688.49;4661.24;26350912.61;5729.01;26269610.22
350950205000303;3;Região Sudeste;35;São Paulo;3507;Campinas;35032;Campinas;22;RM Campinas;3509502;CAMPINAS;350950205;CAMPINAS;35095020500;CAMPINAS;3509502000;CAMPINAS (todos os setores);1;150.0;334.0;2.23;1.14;5006.87;34239367.97;5867.42;35081598.81;3938.46;26777285.85;4995.11;28691084.94
350950205000304;3;Região Sudeste;35;São Paulo;3507;Campinas;35032;Campinas;22;RM Campinas;3509502;CAMPINAS;350950205;CAMPINAS;35095020500;CAMPINAS;3509502000;CAMPINAS (todos os setores);1;303.0;651.0;2.15;1.29;7212.19;120935545.61;7889.14;126968068.63;5427.05;108976426.77;6882.81;128229940.99
350950205000305;3;Região Sudeste;35;São Paulo;3507;Campinas;35032;Campinas;22;RM Campinas;3509502;CAMPINAS;350950205;CAMPINAS;35095020500;CAMPINAS;3509502000;CAMPINAS (todos os setores);1;205.0;460.0;2.24;1.3;6710.41;40114712.11;7558.43;38767050.05;5426.52;64975149.21;7037.52;72952154.33
350950205000306;3;Região Sudeste;35;São Paulo;3507;Campinas;35032;Campinas;22;RM Campinas;3509502;CAMPINAS;350950205;CAMPINAS;35095020500;CAMPINAS;3509502000;CAMPINAS (todos os setores);1;184.0;378.0;2.05;1.06;3826.58;8841276.88;4093.55;8362467.42;2883.58;7545248.88;3438.86;7087131.84
350950205000307;3;Região Sudeste;35;São Paulo;3507;Campinas;35032;Campinas;22;RM Campinas;3509502;CAMPINAS;350950205;CAMPINAS;35095020500;CAMPINAS;3509502000;CAMPINAS (todos os setores);1;150.0;411.0;2.74;2.78;1204.14;6727970.67;3284.02;11607369.5;999.18;3989920.13;2511.1;6245563.6
350950205000308;3;Região Sudeste;35;São Paulo;3507;Campinas;35032;Campinas;22;RM Campinas;3509502;CAMPINAS;350950205;CAMPINAS;35095020500;CAMPINAS;3509502000;CAMPINAS (todos os setores);1;159.0;376.0;2.36;1.3;2859.28;7325747.82;2971.41;7279549.43;1996.6;5680173.99;2557.69;5841931.03
350950205000309;3;Região Sudeste;35;São Paulo;3507;Campinas;35032;Campinas;22;RM Campinas;3509502;CAMPINAS;350950205;CAMPINAS;35095020500;CAMPINAS;3509502000;CAMPINAS (todos os setores);1;178.0;463.0;2.6;1.73;3000.96;9497236.94;3257.13;9473421.8;1953.63;6339895.05;2517.75;6751504.68
350950205000310;3;Região Sudeste;35;São Paulo;3507;Campinas;35032;Campinas;22;RM Campinas;3509502;CAMPINAS;350950205;CAMPINAS;35095020500;CAMPINAS;3509502000;CAMPINAS (todos os setores);1;250.0;779.0;3.12;2.05;4843.96;37823871.11;5479.6;39310898.72;2663.04;20012873.52;3929.81;24564192.16
350950205000311;3;Região Sudeste;35;São Paulo;3507;Campinas;35032;Campinas;22;RM Campinas;3509502;CAMPINAS;350950205;CAMPINAS;35095020500;CAMPINAS;3509502000;CAMPINAS (todos os setores);1;300.0;900.0;3.0;1.36;7256.1;89501878.35;7454.9;90475303.74;3862.2;43271821.73;5203.41;51332757.6
350950205000312;3;Região Sudeste;35;São Paulo;3507;Campinas;35032;Campinas;22;RM Campinas;3509502;CAMPINAS;350950205;CAMPINAS;35095020500;CAMPINAS;3509502000;CAMPINAS (todos os setores);1;288.0;856.0;2.97;1.37;7284.93;41799717.77;7413.64;41583261.53;3667.06;27914591.24;5058.67;31474247.53
350950205000313;3;Região Sudeste;35;São Paulo;3507;Campinas;35032;Campinas;22;RM Campinas;3509502;CAMPINAS;350950205;CAMPINAS;35095020500;CAMPINAS;3509502000;CAMPINAS (todos os setores);1;278.0;841.0;3.03;1.69;6261.25;22364225.12;6669.07;21096252.73;2517.23;17000481.97;5684.97;20395338.61
350950205000314;3;Região Sudeste;35;São Paulo;3507;Campinas;35032;Campinas;22;RM Campinas;3509502;CAMPINAS;350950205;CAMPINAS;35095020500;CAMPINAS;3509502000;CAMPINAS (todos os setores);1;342.0;1030.0;3.01;2.5;3317.26;25959644.11;3731.91;27662736.83;1802.39;13719577.24;2787.87;18482097.34
350950205000315;3;Região Sudeste;35;São Paulo;3507;Campinas;35032;Campinas;22;RM Campinas;3509502;CAMPINAS;350950205;CAMPINAS;35095020500;CAMPINAS;3509502000;CAMPINAS (todos os setores);1;285.0;1095.0;3.84;3.29;742.22;191285.43;766.42;178928.58;452.77;195035.85;698.12;129327.33
350950205000316;3;Região Sudeste;35;São Paulo;3507;Campinas;35032;Campinas;22;RM Campinas;3509502;CAMPINAS;350950205;CAMPINAS;35095020500;CAMPINAS;3509502000;CAMPINAS (todos os setores);1;234.0;883.0;3.77;3.89;768.32;278549.11;820.95;254314.69;469.4;215916.03;688.39;165801.3
350950205000317;3;Região Sudeste;35;São Paulo;3507;Campinas;35032;Campinas;22;RM Campinas;3509502;CAMPINAS;350950205;CAMPINAS;35095020500;CAMPINAS;3509502000;CAMPINAS (todos os setores);1;229.0;742.0;3.24;2.2;1619.02;52875174.41;1882.01;61010384.02;981.17;19322130.42;1397.02;26947511.45
350950205000318;3;Região Sudeste;35;São Paulo;3507;Campinas;35032;Campinas;22;RM Campinas;3509502;CAMPINAS;350950205;CAMPINAS;35095020500;CAMPINAS;3509502000;CAMPINAS (todos os setores);1;182.0;570.0;3.13;1.87;1229.62;1630322.53;1381.42;1621838.99;810.65;1140220.79;1166.6;1225874.36
350950205000319;3;Região Sudeste;35;São Paulo;3507;Campinas;35032;Campinas;22;RM Campinas;3509502;CAMPINAS;350950205;CAMPINAS;35095020500;CAMPINAS;3509502000;CAMPINAS (todos os setores);1;157.0;474.0;3.02;2.06;1953.36;3397368.53;2072.14;3357556.46;1278.53;2613749.25;1761.53;2750781.23
350950205000320;3;Região Sudeste;35;São Paulo;3507;Campinas;35032;Campinas;22;RM Campinas;3509502;CAMPINAS;350950205;CAMPINAS;35095020500;CAMPINAS;3509502000;CAMPINAS (todos os setores);1;169.0;469.0;2.78;1.95;1379.09;3403558.44;2062.53;3683131.02;1039.81;2295116.97;1727.68;2626268.71
350950205000321;3;Região Sudeste;35;São Paulo;3507;Campinas;35032;Campinas;22;RM Campinas;3509502;CAMPINAS;350950205;CAMPINAS;35095020500;CAMPINAS;3509502000;CAMPINAS (todos os setores);1;181.0;536.0;2.96;2.44;1495.73;1570301.49;1592.51;1517471.22;1010.1;1210581.96;1351.31;1158293.71
350950205000322;3;Região Sudeste;35;São Paulo;3507;Campinas;35032;Campinas;22;RM Campinas;3509502;CAMPINAS;350950205;CAMPINAS;35095020500;CAMPINAS;3509502000;CAMPINAS (todos os setores);1;244.0;726.0;2.98;1.91;1579.47;1688994.37;1861.79;1464185.62;1107.82;1385401.91;1603.42;1210142.56
350950205000323;3;Região Sudeste;35;São Paulo;3507;Campinas;35032;Campinas;22;RM Campinas;3509502;CAMPINAS;350950205;CAMPINAS;35095020500;CAMPINAS;3509502000;CAMPINAS (todos os setores);1;332.0;798.0;2.4;1.09;3395.78;36094844.13;3479.62;36696177.1;2174.05;19051967.85;2803.99;22812637.13
350950205000324;3;Região Sudeste;35;São Paulo;3507;Campinas;35032;Campinas;22;RM Campinas;3509502;CAMPINAS;350950205;CAMPINAS;35095020500;CAMPINAS;3509502000;CAMPINAS (todos os setores);1;150.0;426.0;2.84;2.36;2261.4;33332339.97;2422.93;35336162.23;1332.05;13998010.31;1882.25;18761453.3
350950205000325;3;Região Sudeste;35;São Paulo;3507;Campinas;35032;Campinas;22;RM Campinas;3509502;CAMPINAS;350950205;CAMPINAS;35095020500;CAMPINAS;3509502000;CAMPINAS (todos os setores);1;176.0;519.0;2.95;1.98;2030.81;3272059.92;2140.25;3213810.54;1285.96;2680623.67;1780.01;2831495.75
350950205000326;3;Região Sudeste;35;São Paulo;3507;Campinas;35032;Campinas;22;RM Campinas;3509502;CAMPINAS;350950205;CAMPINAS;35095020500;CAMPINAS;3509502000;CAMPINAS (todos os setores);1;183.0;507.0;2.77;1.74;2134.5;3270249.09;2206.85;3221148.88;1400.88;2238137.63;1785.06;2165946.95
350950205000327;3;Região Sudeste;35;São Paulo;3507;Campinas;35032;Campinas;22;RM Campinas;3509502;CAMPINAS;350950205;CAMPINAS;35095020500;CAMPINAS;3509502000;CAMPINAS (todos os setores);1;253.0;766.0;3.03;2.29;1511.46;3081164.23;1677.19;3141312.91;904.6;1707941.99;1411.96;1950030.1
350950205000328;3;Região Sudeste;35;São Paulo;3507;Campinas;35032;Campinas;22;RM Campinas;3509502;CAMPINAS;350950205;CAMPINAS;35095020500;CAMPINAS;3509502000;CAMPINAS (todos os setores);1;290.0;941.0;3.24;2.37;1130.82;1269364.27;1261.3;1251186.91;757.04;826790.11;1080.92;830428.69
350950205000329;3;Região Sudeste;35;São Paulo;3507;Campinas;35032;Campinas;22;RM Campinas;3509502;CAMPINAS;350950205;CAMPINAS;35095020500;CAMPINAS;3509502000;CAMPINAS (todos os setores);1;155.0;478.0;3.08;2.67;1267.85;2112897.21;1610.79;2132170.53;852.51;1441083.63;1462.42;1580679.6
350950205000330;3;Região Sudeste;35;São Paulo;3507;Campinas;35032;Campinas;22;RM Campinas;3509502;CAMPINAS;350950205;CAMPINAS;35095020500;CAMPINAS;3509502000;CAMPINAS (todos os setores);1;222.0;657.0;2.96;2.59;1669.64;2243563.77;1765.05;2203174.55;1042.32;1522872.3;1435.56;1532915.55
350950205000331;3;Região Sudeste;35;São Paulo;3507;Campinas;35032;Campinas;22;RM Campinas;3509502;CAMPINAS;350950205;CAMPINAS;35095020500;CAMPINAS;3509502000;CAMPINAS (todos os setores);1;183.0;561.0;3.07;1.8;1688.54;4109760.51;2176.07;4236362.79;1379.88;3279660.59;2040.33;3502503.54
350950205000332;3;Região Sudeste;35;São Paulo;3507;Campinas;35032;Campinas;22;RM Campinas;3509502;CAMPINAS;350950205;CAMPINAS;35095020500;CAMPINAS;3509502000;CAMPINAS (todos os setores);1;196.0;661.0;3.37;2.99;1838.49;4484965.36;1969.1;4546735.94;1356.33;31490629.67;1966.36;44485438.36
350950205000333;3;Região Sudeste;35;São Paulo;3507;Campinas;35032;Campinas;22;RM Campinas;3509502;CAMPINAS;350950205;CAMPINAS;35095020500;CAMPINAS;3509502000;CAMPINAS (todos os setores);1;222.0;719.0;3.24;1.54;1672.12;3123137.13;2349.43;2794827.06;1151.3;2116688.64;1929.44;2045758.84
350950205000334;3;Região Sudeste;35;São Paulo;3507;Campinas;35032;Campinas;22;RM Campinas;3509502;CAMPINAS;350950205;CAMPINAS;35095020500;CAMPINAS;3509502000;CAMPINAS (todos os setores);1;176.0;739.0;4.2;5.81;2915.11;12754425.13;2982.91;12849370.45;1465.45;6576290.34;2215.96;8284940.5
350950205000335;3;Região Sudeste;35;São Paulo;3507;Campinas;35032;Campinas;22;RM Campinas;3509502;CAMPINAS;350950205;CAMPINAS;35095020500;CAMPINAS;3509502000;CAMPINAS (todos os setores);1;177.0;549.0;3.1;2.46;2857.12;8519053.58;2940.17;8522522.19;1598.89;4620179.54;2183.74;5034107.66
350950205000337;3;Região Sudeste;35;São Paulo;3507;Campinas;35032;Campinas;22;RM Campinas;3509502;CAMPINAS;350950205;CAMPINAS;35095020500;CAMPINAS;3509502000;CAMPINAS (todos os setores);1;139.0;496.0;3.57;2.86;557.29;158442.76;679.5;109718.36;322.5;156783.56;651.75;101974.49
350950205000338;3;Região Sudeste;35;São Paulo;3507;Campinas;35032;Campinas;22;RM Campinas;3509502;CAMPINAS;350950205;CAMPINAS;35095020500;CAMPINAS;3509502000;CAMPINAS (todos os setores);1;114.0;435.0;3.82;3.62;633.07;357148.97;728.99;341176.6;339.53;206456.64;604.46;207413.85
350950205000339;3;Região Sudeste;35;São Paulo;3507;Campinas;35032;Campinas;22;RM Campinas;3509502;CAMPINAS;350950205;CAMPINAS;35095020500;CAMPINAS;3509502000;CAMPINAS (todos os setores);1;102.0;366.0;3.59;2.8;645.65;216770.73;774.78;159403.53;423.38;203199.75;731.28;125370.15
350950205000340;3;Região Sudeste;35;São Paulo;3507;Campinas;35032;Campinas;22;RM Campinas;3509502;CAMPINAS;350950205;CAMPINAS;35095020500;CAMPINAS;3509502000;CAMPINAS (todos os setores);1;168.0;625.0;3.72;2.5;838.6;960164.05;1127.08;965363.38;448.23;548338.03;975.34;679616.26
350950205000341;3;Região Sudeste;35;São Paulo;3507;Campinas;35032;Campinas;22;RM Campinas;3509502;CAMPINAS;350950205;CAMPINAS;35095020500;CAMPINAS;3509502000;CAMPINAS (todos os setores);1;196.0;748.0;3.82;2.94;702.29;288439.65;860.31;216950.1;461.98;466144.35;854.18;527050.3
350950205000342;3;Região Sudeste;35;São Paulo;3507;Campinas;35032;Campinas;22;RM Campinas;3509502;CAMPINAS;350950205;CAMPINAS;35095020500;CAMPINAS;3509502000;CAMPINAS (todos os setores);1;265.0;1490.0;5.62;5.75;697.68;155831.05;821.71;81284.67;362.88;169485.7;746.36;62202.65
350950205000343;3;Região Sudeste;35;São Paulo;3507;Campinas;35032;Campinas;22;RM Campinas;3509502;CAMPINAS;350950205;CAMPINAS;35095020500;CAMPINAS;3509502000;CAMPINAS (todos os setores);1;134.0;480.0;3.58;3.51;906.16;898497.52;1055.88;888780.6;538.57;567214.75;899.12;622995.38
350950205000344;3;Região Sudeste;35;São Paulo;3507;Campinas;35032;Campinas;22;RM Campinas;3509502;CAMPINAS;350950205;CAMPINAS;35095020500;CAMPINAS;3509502000;CAMPINAS (todos os setores);1;114.0;407.0;3.57;4.62;656.07;304575.87;821.89;244611.88;438.39;247197.79;763.12;182152.6
350950205000345;3;Região Sudeste;35;São Paulo;3507;Campinas;35032;Campinas;22;RM Campinas;3509502;CAMPINAS;350950205;CAMPINAS;35095020500;CAMPINAS;3509502000;CAMPINAS (todos os setores);1;182.0;661.0;3.63;2.52;801.65;320054.63;848.26;299004.48;485.03;260851.61;733.03;212300.73
350950205000346;3;Região Sudeste;35;São Paulo;3507;Campinas;35032;Campinas;22;RM Campinas;3509502;CAMPINAS;350950205;CAMPINAS;35095020500;CAMPINAS;3509502000;CAMPINAS (todos os setores);1;276.0;934.0;3.38;2.71;767.6;354805.0;897.7;297907.39;467.45;315930.45;823.8;263090.22
350950205000347;3;Região Sudeste;35;São Paulo;3507;Campinas;35032;Campinas;22;RM Campinas;3509502;CAMPINAS;350950205;CAMPINAS;35095020500;CAMPINAS;3509502000;CAMPINAS (todos os setores);1;113.0;434.0;3.84;3.78;829.18;584235.99;892.35;572260.44;485.53;348406.79;788.71;326746.56
350950205000348;3;Região Sudeste;35;São Paulo;3507;Campinas;35032;Campinas;22;RM Campinas;3509502;CAMPINAS;350950205;CAMPINAS;35095020500;CAMPINAS;3509502000;CAMPINAS (todos os setores);1;133.0;529.0;3.98;3.99;691.11;168263.23;772.41;124892.35;409.91;182323.47;705.51;104945.83
350950205000349;3;Região Sudeste;35;São Paulo;3507;Campinas;35032;Campinas;22;RM Campinas;3509502;CAMPINAS;350950205;CAMPINAS;35095020500;CAMPINAS;3509502000;CAMPINAS (todos os setores);1;201.0;731.0;3.64;3.11;789.98;252320.34;872.45;206459.01;469.14;242754.41;779.73;161066.3
350950205000350;3;Região Sudeste;35;São Paulo;3507;Campinas;35032;Campinas;22;RM Campinas;3509502;CAMPINAS;350950205;CAMPINAS;35095020500;CAMPINAS;3509502000;CAMPINAS (todos os setores);1;158.0;552.0;3.49;3.13;892.31;1433789.32;933.68;1461820.18;542.88;744782.37;807.08;894512.59
350950205000351;3;Região Sudeste;35;São Paulo;3507;Campinas;35032;Campinas;22;RM Campinas;3509502;CAMPINAS;350950205;CAMPINAS;35095020500;CAMPINAS;3509502000;CAMPINAS (todos os setores);1;224.0;885.0;3.95;3.17;745.11;273305.4;922.13;174457.43;342.85;230246.74;822.38;157688.98
350950205000352;3;Região Sudeste;35;São Paulo;3507;Campinas;35032;Campinas;22;RM Campinas;3509502;CAMPINAS;350950205;CAMPINAS;35095020500;CAMPINAS;3509502000;CAMPINAS (todos os setores);1;132.0;525.0;3.98;4.22;607.53;263413.53;862.3;153000.93;332.47;214773.01;810.26;135814.86
350950205000353;3;Região Sudeste;35;São Paulo;3507;Campinas;35032;Campinas;22;RM Campinas;3509502;CAMPINAS;350950205;CAMPINAS;35095020500;CAMPINAS;3509502000;CAMPINAS (todos os setores);1;241.0;895.0;3.71;2.96;724.36;212291.25;815.75;164299.55;426.32;222962.54;748.04;150389.34
350950205000354;3;Região Sudeste;35;São Paulo;3507;Campinas;35032;Campinas;22;RM Campinas;3509502;CAMPINAS;350950205;CAMPINAS;35095020500;CAMPINAS;3509502000;CAMPINAS (todos os setores);1;208.0;623.0;3.0;2.7;1433.05;1965594.68;1593.98;1929615.96;870.91;1297115.5;1338.94;1367718.24
350950205000355;3;Região Sudeste;35;São Paulo;3507;Campinas;35032;Campinas;22;RM Campinas;3509502;CAMPINAS;350950205;CAMPINAS;35095020500;CAMPINAS;3509502000;CAMPINAS (todos os setores);1;78.0;275.0;3.53;2.33;986.36;433175.35;1099.09;357706.63;571.48;371623.85;896.43;291112.06
350950205000356;3;Região Sudeste;35;São Paulo;3507;Campinas;35032;Campinas;22;RM Campinas;3509502;CAMPINAS;350950205;CAMPINAS;35095020500;CAMPINAS;3509502000;CAMPINAS (todos os setores);1;241.0;703.0;2.92;1.89;1403.17;1857587.63;1674.08;1762235.48;937.51;1900535.52;1554.61;2192912.52
350950205000357;3;Região Sudeste;35;São Paulo;3507;Campinas;35032;Campinas;22;RM Campinas;3509502;CAMPINAS;350950205;CAMPINAS;35095020500;CAMPINAS;3509502000;CAMPINAS (todos os setores);1;315.0;872.0;2.77;1.28;2458.41;3940499.22;2634.01;3758810.29;1648.54;3008665.9;2202.76;2798972.34
350950205000358;3;Região Sudeste;35;São Paulo;3507;Campinas;35032;Campinas;22;RM Campinas;3509502;CAMPINAS;350950205;CAMPINAS;35095020500;CAMPINAS;3509502000;CAMPINAS (todos os setores);1;205.0;558.0;2.72;1.73;1662.9;2415366.48;1832.76;2350424.34;1132.52;1758984.6;1574.91;1749334.09
350950205000359;3;Região Sudeste;35;São Paulo;3507;Campinas;35032;Campinas;22;RM Campinas;3509502;CAMPINAS;350950205;CAMPINAS;35095020500;CAMPINAS;3509502000;CAMPINAS (todos os setores);1;148.0;464.0;3.14;2.16;1743.48;5257287.92;2047.9;5554168.48;1190.66;2678658.9;1623.97;2950664.55
350950205000360;3;Região Sudeste;35;São Paulo;3507;Campinas;35032;Campinas;22;RM Campinas;3509502;CAMPINAS;350950205;CAMPINAS;35095020500;CAMPINAS;3509502000;CAMPINAS (todos os setores);1;147.0;482.0;3.28;2.54;1487.18;1685724.48;1607.47;1628289.85;955.37;1182550.85;1361.72;1132029.19
350950205000361;3;Região Sudeste;35;São Paulo;3507;Campinas;35032;Campinas;22;RM Campinas;3509502;CAMPINAS;350950205;CAMPINAS;35095020500;CAMPINAS;3509502000;CAMPINAS (todos os setores);1;206.0;606.0;2.94;1.52;955.07;1243851.34;1347.57;1225985.94;879.86;1121221.07;1292.0;1113916.17
350950205000362;3;Região Sudeste;35;São Paulo;3507;Campinas;35032;Campinas;22;RM Campinas;3509502;CAMPINAS;350950205;CAMPINAS;35095020500;CAMPINAS;3509502000;CAMPINAS (todos os setores);1;122.0;349.0;2.86;2.3;1572.21;1935901.67;1712.59;1867734.68;1173.38;1505474.83;1581.29;1383287.13
350950205000363;3;Região Sudeste;35;São Paulo;3507;Campinas;35032;Campinas;22;RM Campinas;3509502;CAMPINAS;350950205;CAMPINAS;35095020500;CAMPINAS;3509502000;CAMPINAS (todos os setores);1;219.0;674.0;3.08;2.15;2005.94;3506653.68;2122.22;3462941.74;1155.46;2199831.17;1654.48;2324559.8
350950205000364;3;Região Sudeste;35;São Paulo;3507;Campinas;35032;Campinas;22;RM Campinas;3509502;CAMPINAS;350950205;CAMPINAS;35095020500;CAMPINAS;3509502000;CAMPINAS (todos os setores);1;150.0;378.0;2.52;1.15;2904.23;5819650.58;3111.68;5588183.67;1861.01;4392962.5;2501.44;4302347.69
350950205000365;3;Região Sudeste;35;São Paulo;3507;Campinas;35032;Campinas;22;RM Campinas;3509502;CAMPINAS;350950205;CAMPINAS;35095020500;CAMPINAS;3509502000;CAMPINAS (todos os setores);1;113.0;340.0;3.01;2.03;1375.95;2310094.98;1466.81;2329551.01;781.73;1212059.91;1165.22;1360503.88
350950205000366;3;Região Sudeste;35;São Paulo;3507;Campinas;35032;Campinas;22;RM Campinas;3509502;CAMPINAS;350950205;CAMPINAS;35095020500;CAMPINAS;3509502000;CAMPINAS (todos os setores);1;206.0;704.0;3.42;3.02;786.87;1829453.73;1473.6;2419471.95;584.14;878350.88;1092.49;1088034.44
350950205000367;3;Região Sudeste;35;São Paulo;3507;Campinas;35032;Campinas;22;RM Campinas;3509502;CAMPINAS;350950205;CAMPINAS;35095020500;CAMPINAS;3509502000;CAMPINAS (todos os setores);1;192.0;564.0;2.94;1.77;1619.83;5794817.56;2073.38;6481559.36;1269.3;3467193.85;1820.26;3970682.46
350950205000368;3;Região Sudeste;35;São Paulo;3507;Campinas;35032;Campinas;22;RM Campinas;3509502;CAMPINAS;350950205;CAMPINAS;35095020500;CAMPINAS;3509502000;CAMPINAS (todos os setores);1;142.0;418.0;2.94;1.68;1624.23;1690994.16;1659.28;1669166.96;1196.48;1458556.53;1450.5;1399580.32
350950205000369;3;Região Sudeste;35;São Paulo;3507;Campinas;35032;Campinas;22;RM Campinas;3509502;CAMPINAS;350950205;CAMPINAS;35095020500;CAMPINAS;3509502000;CAMPINAS (todos os setores);1;213.0;667.0;3.13;2.11;2091.34;5135614.76;2284.39;5168847.3;1333.65;3141274.73;1860.49;3402595.86
350950205000370;3;Região Sudeste;35;São Paulo;3507;Campinas;35032;Campinas;22;RM Campinas;3509502;CAMPINAS;350950205;CAMPINAS;35095020500;CAMPINAS;3509502000;CAMPINAS (todos os setores);1;164.0;442.0;2.7;1.24;3026.47;8247679.08;3287.03;8100310.53;1930.95;5568215.47;2645.14;5739150.51
350950205000371;3;Região Sudeste;35;São Paulo;3507;Campinas;35032;Campinas;22;RM Campinas;3509502;CAMPINAS;350950205;CAMPINAS;35095020500;CAMPINAS;3509502000;CAMPINAS (todos os setores);1;191.0;511.0;2.68;1.39;2226.61;4621398.64;2336.72;4592480.74;1485.58;3632421.73;1979.36;3863062.73
350950205000372;3;Região Sudeste;35;São Paulo;3507;Campinas;35032;Campinas;22;RM Campinas;3509502;CAMPINAS;350950205;CAMPINAS;35095020500;CAMPINAS;3509502000;CAMPINAS (todos os setores);1;174.0;478.0;2.75;1.87;2101.99;2622101.03;2177.06;2551895.53;1359.96;2098194.44;1835.74;1958402.73
350950205000373;3;Região Sudeste;35;São Paulo;3507;Campinas;35032;Campinas;22;RM Campinas;3509502;CAMPINAS;350950205;CAMPINAS;35095020500;CAMPINAS;3509502000;CAMPINAS (todos os setores);1;148.0;407.0;2.75;1.7;1772.21;3906870.37;1957.37;3952976.52;1202.33;2404355.47;1735.69;2545729.95
350950205000374;3;Região Sudeste;35;São Paulo;3507;Campinas;35032;Campinas;22;RM Campinas;3509502;CAMPINAS;350950205;CAMPINAS;35095020500;CAMPINAS;3509502000;CAMPINAS (todos os setores);1;176.0;437.0;2.48;1.31;3099.42;5215974.45;3266.46;4949870.3;2032.98;4903107.21;2749.69;4660105.64
350950205000375;3;Região Sudeste;35;São Paulo;3507;Campinas;35032;Campinas;22;RM Campinas;3509502;CAMPINAS;350950205;CAMPINAS;35095020500;CAMPINAS;3509502000;CAMPINAS (todos os setores);1;465.0;1518.0;3.26;1.38;5060.14;48671348.42;6159.59;52484324.97;3628.59;29869126.16;5361.2;34847619.12
350950205000376;3;Região Sudeste;35;São Paulo;3507;Campinas;35032;Campinas;22;RM Campinas;3509502;CAMPINAS;350950205;CAMPINAS;35095020500;CAMPINAS;3509502000;CAMPINAS (todos os setores);1;200.0;629.0;3.15;1.61;1947.74;7340050.51;3819.1;7244418.52;1238.55;4530851.25;2841.38;5845197.91
350950205000377;3;Região Sudeste;35;São Paulo;3507;Campinas;35032;Campinas;22;RM Campinas;3509502;CAMPINAS;350950205;CAMPINAS;35095020500;CAMPINAS;3509502000;CAMPINAS (todos os setores);1;309.0;814.0;2.63;1.59;3179.61;9090497.39;3961.7;8224599.86;1820.58;6467133.12;3159.48;6994188.04
350950205000378;3;Região Sudeste;35;São Paulo;3507;Campinas;35032;Campinas;22;RM Campinas;3509502;CAMPINAS;350950205;CAMPINAS;35095020500;CAMPINAS;3509502000;CAMPINAS (todos os setores);1;197.0;534.0;2.71;1.58;10021.47;4869642463.39;10614.13;5152864117.03;4522.18;1892913618.18;7110.25;2961127580.28
350950205000379;3;Região Sudeste;35;São Paulo;3507;Campinas;35032;Campinas;22;RM Campinas;3509502;CAMPINAS;350950205;CAMPINAS;35095020500;CAMPINAS;3509502000;CAMPINAS (todos os setores);1;222.0;568.0;2.56;1.29;5943.83;42919048.17;6436.73;43307399.56;4127.26;61948706.93;5524.02;75231615.63
350950205000380;3;Região Sudeste;35;São Paulo;3507;Campinas;35032;Campinas;22;RM Campinas;3509502;CAMPINAS;350950205;CAMPINAS;35095020500;CAMPINAS;3509502000;CAMPINAS (todos os setores);1;197.0;609.0;3.09;1.74;4055.51;14250361.99;4182.91;14164674.28;2206.77;8740529.3;3181.47;9502017.95
350950205000381;3;Região Sudeste;35;São Paulo;3507;Campinas;35032;Campinas;22;RM Campinas;3509502;CAMPINAS;350950205;CAMPINAS;35095020500;CAMPINAS;3509502000;CAMPINAS (todos os setores);1;210.0;532.0;2.53;1.45;2895.18;9683847.14;2995.01;9718942.0;1814.35;6072313.51;2437.74;6640490.48
350950205000382;3;Região Sudeste;35;São Paulo;3507;Campinas;35032;Campinas;22;RM Campinas;3509502;CAMPINAS;350950205;CAMPINAS;35095020500;CAMPINAS;3509502000;CAMPINAS (todos os setores);1;189.0;521.0;2.76;1.92;1770.18;5923499.91;2003.38;6238545.45;1141.46;3037315.22;1581.91;3513857.39
350950205000383;3;Região Sudeste;35;São Paulo;3507;Campinas;35032;Campinas;22;RM Campinas;3509502;CAMPINAS;350950205;CAMPINAS;35095020500;CAMPINAS;3509502000;CAMPINAS (todos os setores);1;230.0;482.0;2.1;1.33;3616.77;10064374.29;3833.44;9835654.32;2447.98;7866391.62;3150.39;7910791.75
350950205000384;3;Região Sudeste;35;São Paulo;3507;Campinas;35032;Campinas;22;RM Campinas;3509502;CAMPINAS;350950205;CAMPINAS;35095020500;CAMPINAS;3509502000;CAMPINAS (todos os setores);1;220.0;568.0;2.58;1.78;3240.06;7785418.79;3362.33;7667551.68;1982.62;5502568.11;2546.35;5632006.66
350950205000385;3;Região Sudeste;35;São Paulo;3507;Campinas;35032;Campinas;22;RM Campinas;3509502;CAMPINAS;350950205;CAMPINAS;35095020500;CAMPINAS;3509502000;CAMPINAS (todos os setores);1;196.0;519.0;2.65;1.62;2282.5;3461632.75;2431.36;3324718.43;1513.61;2549805.67;2050.29;2352993.63
350950205000386;3;Região Sudeste;35;São Paulo;3507;Campinas;35032;Campinas;22;RM Campinas;3509502;CAMPINAS;350950205;CAMPINAS;35095020500;CAMPINAS;3509502000;CAMPINAS (todos os setores);1;272.0;588.0;2.16;1.27;3275.45;16005827.87;3727.71;16532148.43;2267.77;10767819.96;3150.95;12182022.73
350950205000387;3;Região Sudeste;35;São Paulo;3507;Campinas;35032;Campinas;22;RM Campinas;3509502;CAMPINAS;350950205;CAMPINAS;35095020500;CAMPINAS;3509502000;CAMPINAS (todos os setores);1;218.0;604.0;2.77;1.85;2744.15;5676585.18;2918.17;5528022.56;1729.89;4217073.58;2348.3;4272534.57
350950205000388;3;Região Sudeste;35;São Paulo;3507;Campinas;35032;Campinas;22;RM Campinas;3509502;CAMPINAS;350950205;CAMPINAS;35095020500;CAMPINAS;3509502000;CAMPINAS (todos os setores);1;151.0;481.0;3.19;2.38;3197.36;10763429.37;3424.13;10750232.66;1782.73;7124219.45;2588.38;8262117.77
350950205000389;3;Região Sudeste;35;São Paulo;3507;Campinas;35032;Campinas;22;RM Campinas;3509502;CAMPINAS;350950205;CAMPINAS;35095020500;CAMPINAS;3509502000;CAMPINAS (todos os setores);1;113.0;350.0;3.1;1.93;8165.04;62530664.51;8622.9;62084871.72;4335.89;45423983.77;6305.03;53673779.54
350950205000390;3;Região Sudeste;35;São Paulo;3507;Campinas;35032;Campinas;22;RM Campinas;3509502;CAMPINAS;350950205;CAMPINAS;35095020500;CAMPINAS;3509502000;CAMPINAS (todos os setores);1;144.0;435.0;3.02;2.71;1524.32;1963199.3;1613.99;1933745.67;1036.4;1644625.93;1377.18;1716326.66
350950205000391;3;Região Sudeste;35;São Paulo;3507;Campinas;35032;Campinas;22;RM Campinas;3509502;CAMPINAS;350950205;CAMPINAS;35095020500;CAMPINAS;3509502000;CAMPINAS (todos os setores);1;377.0;1153.0;3.06;2.12;1231.32;1043528.86;1244.53;1038272.0;783.68;796674.05;1048.65;788165.97
350950205000392;3;Região Sudeste;35;São Paulo;3507;Campinas;35032;Campinas;22;RM Campinas;3509502;CAMPINAS;350950205;CAMPINAS;35095020500;CAMPINAS;3509502000;CAMPINAS (todos os setores);1;115.0;404.0;3.51;1.9;781.34;168599.12;816.85;147055.94;477.98;180185.42;662.87;127105.77
350950205000393;3;Região Sudeste;35;São Paulo;3507;Campinas;35032;Campinas;22;RM Campinas;3509502;CAMPINAS;350950205;CAMPINAS;35095020500;CAMPINAS;3509502000;CAMPINAS (todos os setores);1;213.0;634.0;2.98;2.18;1026.71;871344.81;1127.27;843185.76;737.1;678969.92;1061.8;633181.79
350950205000394;3;Região Sudeste;35;São Paulo;3507;Campinas;35032;Campinas;22;RM Campinas;3509502;CAMPINAS;350950205;CAMPINAS;35095020500;CAMPINAS;3509502000;CAMPINAS (todos os setores);1;261.0;834.0;3.2;2.37;1424.86;2011755.81;1623.97;1969346.8;1136.25;1607713.73;1535.36;1559561.66
350950205000395;3;Região Sudeste;35;São Paulo;3507;Campinas;35032;Campinas;22;RM Campinas;3509502;CAMPINAS;350950205;CAMPINAS;35095020500;CAMPINAS;3509502000;CAMPINAS (todos os setores);1;240.0;660.0;2.75;1.74;1980.56;3767427.58;2031.34;3760841.39;1304.06;2509652.12;1677.06;2602151.86
350950205000396;3;Região Sudeste;35;São Paulo;3507;Campinas;35032;Campinas;22;RM Campinas;3509502;CAMPINAS;350950205;CAMPINAS;35095020500;CAMPINAS;3509502000;CAMPINAS (todos os setores);1;152.0;540.0;3.55;3.48;772.5;1273430.28;903.23;1371609.03;459.72;634623.06;829.33;839145.7
350950205000397;3;Região Sudeste;35;São Paulo;3507;Campinas;35032;Campinas;22;RM Campinas;3509502;CAMPINAS;350950205;CAMPINAS;35095020500;CAMPINAS;3509502000;CAMPINAS (todos os setores);1;133.0;360.0;2.71;1.51;1518.16;1502269.74;1682.63;1387321.26;1097.8;1224857.12;1430.33;1119808.61
350950205000398;3;Região Sudeste;35;São Paulo;3507;Campinas;35032;Campinas;22;RM Campinas;3509502;CAMPINAS;350950205;CAMPINAS;35095020500;CAMPINAS;3509502000;CAMPINAS (todos os setores);1;202.0;603.0;2.99;2.05;922.75;938787.47;1294.42;835101.84;671.78;712747.68;1137.34;677088.31
350950205000399;3;Região Sudeste;35;São Paulo;3507;Campinas;35032;Campinas;22;RM Campinas;3509502;CAMPINAS;350950205;CAMPINAS;35095020500;CAMPINAS;3509502000;CAMPINAS (todos os setores);1;151.0;544.0;3.6;2.76;621.52;317247.66;920.1;193721.77;538.09;299991.52;923.27;158597.55
350950205000400;3;Região Sudeste;35;São Paulo;3507;Campinas;35032;Campinas;22;RM Campinas;3509502;CAMPINAS;350950205;CAMPINAS;35095020500;CAMPINAS;3509502000;CAMPINAS (todos os setores);1;262.0;895.0;3.42;2.41;1385.15;1472282.67;1537.75;1399511.24;889.23;1258315.85;1318.8;1299748.58
350950205000401;3;Região Sudeste;35;São Paulo;3507;Campinas;35032;Campinas;22;RM Campinas;3509502;CAMPINAS;350950205;CAMPINAS;35095020500;CAMPINAS;3509502000;CAMPINAS (todos os setores);1;82.0;301.0;3.67;3.78;586.57;299670.1;924.98;156788.45;417.69;259044.59;844.88;162323.51
350950205000402;3;Região Sudeste;35;São Paulo;3507;Campinas;35032;Campinas;22;RM Campinas;3509502;CAMPINAS;350950205;CAMPINAS;35095020500;CAMPINAS;3509502000;CAMPINAS (todos os setores);1;170.0;534.0;3.14;2.89;1111.32;1429360.71;1267.95;1432234.68;735.98;932406.62;1109.78;991318.2
350950205000403;3;Região Sudeste;35;São Paulo;3507;Campinas;35032;Campinas;22;RM Campinas;3509502;CAMPINAS;350950205;CAMPINAS;35095020500;CAMPINAS;3509502000;CAMPINAS (todos os setores);1;294.0;795.0;2.7;1.57;1808.81;3445085.46;1912.91;3444218.4;1235.32;2193306.85;1595.98;2258168.91
350950205000404;3;Região Sudeste;35;São Paulo;3507;Campinas;35032;Campinas;22;RM Campinas;3509502;CAMPINAS;350950205;CAMPINAS;35095020500;CAMPINAS;3509502000;CAMPINAS (todos os setores);1;229.0;666.0;2.91;1.95;1136.83;2731739.08;2018.09;3073558.33;789.8;1639733.69;1534.41;2044321.25
350950205000405;3;Região Sudeste;35;São Paulo;3507;Campinas;35032;Campinas;22;RM Campinas;3509502;CAMPINAS;350950205;CAMPINAS;35095020500;CAMPINAS;3509502000;CAMPINAS (todos os setores);1;281.0;875.0;3.11;2.39;1025.56;1071079.26;1236.84;1030243.26;715.08;760112.95;1109.99;741510.42
350950205000406;3;Região Sudeste;35;São Paulo;3507;Campinas;35032;Campinas;22;RM Campinas;3509502;CAMPINAS;350950205;CAMPINAS;35095020500;CAMPINAS;3509502000;CAMPINAS (todos os setores);1;309.0;1054.0;3.41;2.54;846.17;367923.46;933.81;324034.66;528.97;286940.1;795.2;219541.74
350950205000407;3;Região Sudeste;35;São Paulo;3507;Campinas;35032;Campinas;22;RM Campinas;3509502;CAMPINAS;350950205;CAMPINAS;35095020500;CAMPINAS;3509502000;CAMPINAS (todos os setores);1;116.0;463.0;3.99;3.07;506.9;162113.85;683.72;97009.64;466.58;213113.76;717.67;147349.19
350950205000408;3;Região Sudeste;35;São Paulo;3507;Campinas;35032;Campinas;22;RM Campinas;3509502;CAMPINAS;350950205;CAMPINAS;35095020500;CAMPINAS;3509502000;CAMPINAS (todos os setores);1;207.0;585.0;2.83;1.55;2034.09;2494748.94;2105.28;2431869.47;1375.0;2264614.02;1790.16;2205030.14
350950205000409;3;Região Sudeste;35;São Paulo;3507;Campinas;35032;Campinas;22;RM Campinas;3509502;CAMPINAS;350950205;CAMPINAS;35095020500;CAMPINAS;3509502000;CAMPINAS (todos os setores);1;265.0;831.0;3.14;2.23;979.23;2269945.98;1951.1;2629318.15;780.18;1258767.31;1462.12;1362206.25
350950205000410;3;Região Sudeste;35;São Paulo;3507;Campinas;35032;Campinas;22;RM Campinas;3509502;CAMPINAS;350950205;CAMPINAS;35095020500;CAMPINAS;3509502000;CAMPINAS (todos os setores);1;310.0;916.0;2.95;1.63;2179.59;5076629.43;2588.79;4969983.01;1556.75;3895974.92;2195.29;4092555.69
350950205000411;3;Região Sudeste;35;São Paulo;3507;Campinas;35032;Campinas;22;RM Campinas;3509502;CAMPINAS;350950205;CAMPINAS;35095020500;CAMPINAS;3509502000;CAMPINAS (todos os setores);1;311.0;1021.0;3.28;2.13;879.45;1229465.83;1502.8;1163769.45;958.97;1820038.21;1569.39;2020934.04
350950205000412;3;Região Sudeste;35;São Paulo;3507;Campinas;35032;Campinas;22;RM Campinas;3509502;CAMPINAS;350950205;CAMPINAS;35095020500;CAMPINAS;3509502000;CAMPINAS (todos os setores);1;112.0;405.0;3.62;2.26;2021.16;3303950.89;2155.9;3233043.64;1126.2;1991799.28;1680.43;2040857.91
350950205000413;3;Região Sudeste;35;São Paulo;3507;Campinas;35032;Campinas;22;RM Campinas;3509502;CAMPINAS;350950205;CAMPINAS;35095020500;CAMPINAS;3509502000;CAMPINAS (todos os setores);1;212.0;721.0;3.4;2.48;1276.25;2654166.39;1745.57;2811984.41;1241.44;2693018.21;1687.62;2908379.74
350950205000414;3;Região Sudeste;35;São Paulo;3507;Campinas;35032;Campinas;22;RM Campinas;3509502;CAMPINAS;350950205;CAMPINAS;35095020500;CAMPINAS;3509502000;CAMPINAS (todos os setores);1;246.0;793.0;3.22;1.73;2367.87;13594765.64;2554.81;14193072.55;1388.95;7061170.06;2020.54;8999721.17
350950205000415;3;Região Sudeste;35;São Paulo;3507;Campinas;35032;Campinas;22;RM Campinas;3509502;CAMPINAS;350950205;CAMPINAS;35095020500;CAMPINAS;3509502000;CAMPINAS (todos os setores);1;177.0;578.0;3.27;2.15;1659.07;2233809.45;1717.29;2212093.16;1031.57;1644851.3;1407.92;1715259.57
350950205000416;3;Região Sudeste;35;São Paulo;3507;Campinas;35032;Campinas;22;RM Campinas;3509502;CAMPINAS;350950205;CAMPINAS;35095020500;CAMPINAS;3509502000;CAMPINAS (todos os setores);1;141.0;354.0;2.51;1.44;1882.78;3004014.09;2074.0;2911798.85;1311.06;2151258.84;1748.08;2104200.21
350950205000417;3;Região Sudeste;35;São Paulo;3507;Campinas;35032;Campinas;22;RM Campinas;3509502;CAMPINAS;350950205;CAMPINAS;35095020500;CAMPINAS;3509502000;CAMPINAS (todos os setores);1;140.0;462.0;3.3;2.77;1010.88;579593.09;1088.64;539214.16;594.52;436461.0;915.18;378179.48
350950205000418;3;Região Sudeste;35;São Paulo;3507;Campinas;35032;Campinas;22;RM Campinas;3509502;CAMPINAS;350950205;CAMPINAS;35095020500;CAMPINAS;3509502000;CAMPINAS (todos os setores);1;187.0;486.0;2.6;1.21;1974.21;2286319.88;2223.96;2018507.93;1540.99;2213493.94;2021.41;1931616.99
350950205000419;3;Região Sudeste;35;São Paulo;3507;Campinas;35032;Campinas;22;RM Campinas;3509502;CAMPINAS;350950205;CAMPINAS;35095020500;CAMPINAS;3509502000;CAMPINAS (todos os setores);1;192.0;494.0;2.57;1.01;1892.84;2315831.42;2150.45;2075613.69;1432.94;1849580.96;1873.2;1592406.93
350950205000420;3;Região Sudeste;35;São Paulo;3507;Campinas;35032;Campinas;22;RM Campinas;3509502;CAMPINAS;350950205;CAMPINAS;35095020500;CAMPINAS;3509502000;CAMPINAS (todos os setores);1;299.0;818.0;2.74;1.94;1264.98;1659324.63;1673.58;1510823.53;898.24;1499886.97;1508.55;1598532.95
350950205000421;3;Região Sudeste;35;São Paulo;3507;Campinas;35032;Campinas;22;RM Campinas;3509502;CAMPINAS;350950205;CAMPINAS;35095020500;CAMPINAS;3509502000;CAMPINAS (todos os setores);1;233.0;760.0;3.26;2.39;1152.68;1182209.26;1249.19;1160533.1;788.11;991573.09;1130.12;1035461.28
350950205000422;3;Região Sudeste;35;São Paulo;3507;Campinas;35032;Campinas;22;RM Campinas;3509502;CAMPINAS;350950205;CAMPINAS;35095020500;CAMPINAS;3509502000;CAMPINAS (todos os setores);1;188.0;561.0;2.98;1.79;1980.12;2615982.02;2103.18;2519196.19;1296.3;2053106.53;1708.15;2001765.52
350950205000423;3;Região Sudeste;35;São Paulo;3507;Campinas;35032;Campinas;22;RM Campinas;3509502;CAMPINAS;350950205;CAMPINAS;35095020500;CAMPINAS;3509502000;CAMPINAS (todos os setores);1;238.0;623.0;2.62;1.23;2125.54;2211273.73;2189.95;2136905.01;1350.3;1869143.86;1816.94;1666731.08
350950205000424;3;Região Sudeste;35;São Paulo;3507;Campinas;35032;Campinas;22;RM Campinas;3509502;CAMPINAS;350950205;CAMPINAS;35095020500;CAMPINAS;3509502000;CAMPINAS (todos os setores);1;186.0;519.0;2.79;1.26;1757.87;1732703.38;1912.06;1589016.73;1243.8;1563179.56;1651.06;1402127.34
350950205000425;3;Região Sudeste;35;São Paulo;3507;Campinas;35032;Campinas;22;RM Campinas;3509502;CAMPINAS;350950205;CAMPINAS;35095020500;CAMPINAS;3509502000;CAMPINAS (todos os setores);1;163.0;527.0;3.23;2.12;1248.39;1410252.91;1312.82;1398374.82;764.4;876842.71;1111.23;889321.48
350950205000426;3;Região Sudeste;35;São Paulo;3507;Campinas;35032;Campinas;22;RM Campinas;3509502;CAMPINAS;350950205;CAMPINAS;35095020500;CAMPINAS;3509502000;CAMPINAS (todos os setores);1;215.0;660.0;3.07;1.68;1329.04;1591360.64;1528.04;1525203.54;894.76;1041663.15;1309.4;981305.93
350950205000427;3;Região Sudeste;35;São Paulo;3507;Campinas;35032;Campinas;22;RM Campinas;3509502;CAMPINAS;350950205;CAMPINAS;35095020500;CAMPINAS;3509502000;CAMPINAS (todos os setores);1;167.0;584.0;3.5;2.89;1260.36;2330626.38;1503.43;2415271.61;912.46;1261458.6;1272.06;1301276.43
350950205000428;3;Região Sudeste;35;São Paulo;3507;Campinas;35032;Campinas;22;RM Campinas;3509502;CAMPINAS;350950205;CAMPINAS;35095020500;CAMPINAS;3509502000;CAMPINAS (todos os setores);1;159.0;483.0;3.04;1.87;1303.01;1518579.02;1438.74;1481225.54;900.39;980923.15;1228.06;935356.69
350950205000429;3;Região Sudeste;35;São Paulo;3507;Campinas;35032;Campinas;22;RM Campinas;3509502;CAMPINAS;350950205;CAMPINAS;35095020500;CAMPINAS;3509502000;CAMPINAS (todos os setores);1;216.0;697.0;3.23;2.56;843.48;659154.61;1071.72;592517.39;733.14;604088.74;1077.84;516375.07
350950205000430;3;Região Sudeste;35;São Paulo;3507;Campinas;35032;Campinas;22;RM Campinas;3509502;CAMPINAS;350950205;CAMPINAS;35095020500;CAMPINAS;3509502000;CAMPINAS (todos os setores);1;214.0;525.0;2.45;1.33;1553.08;2462808.28;2116.94;2161372.64;1190.23;2118050.26;1917.37;2017473.55
350950205000431;3;Região Sudeste;35;São Paulo;3507;Campinas;35032;Campinas;22;RM Campinas;3509502;CAMPINAS;350950205;CAMPINAS;35095020500;CAMPINAS;3509502000;CAMPINAS (todos os setores);1;306.0;843.0;2.75;1.39;2628.37;4975695.39;2812.17;4806171.82;1741.99;3985453.84;2319.56;3967122.76
350950205000432;3;Região Sudeste;35;São Paulo;3507;Campinas;35032;Campinas;22;RM Campinas;3509502;CAMPINAS;350950205;CAMPINAS;35095020500;CAMPINAS;3509502000;CAMPINAS (todos os setores);1;162.0;436.0;2.69;1.12;3016.94;7307586.38;3466.27;6835096.17;1902.26;5836800.68;2922.98;5985787.09
350950205000433;3;Região Sudeste;35;São Paulo;3507;Campinas;35032;Campinas;22;RM Campinas;3509502;CAMPINAS;350950205;CAMPINAS;35095020500;CAMPINAS;3509502000;CAMPINAS (todos os setores);1;172.0;472.0;2.74;1.67;2308.08;3825568.81;2646.6;3488481.65;1475.71;3045525.45;2177.19;2965683.08
350950205000434;3;Região Sudeste;35;São Paulo;3507;Campinas;35032;Campinas;22;RM Campinas;3509502;CAMPINAS;350950205;CAMPINAS;35095020500;CAMPINAS;3509502000;CAMPINAS (todos os setores);1;300.0;814.0;2.71;1.76;1491.77;2000724.64;1755.02;1891348.63;1220.84;1885387.84;1639.66;1845394.74
350950205000435;3;Região Sudeste;35;São Paulo;3507;Campinas;35032;Campinas;22;RM Campinas;3509502;CAMPINAS;350950205;CAMPINAS;35095020500;CAMPINAS;3509502000;CAMPINAS (todos os setores);1;159.0;477.0;3.0;2.18;1032.14;2111015.65;1930.71;2215197.11;844.05;1661806.06;1627.81;1930293.4
350950205000436;3;Região Sudeste;35;São Paulo;3507;Campinas;35032;Campinas;22;RM Campinas;3509502;CAMPINAS;350950205;CAMPINAS;35095020500;CAMPINAS;3509502000;CAMPINAS (todos os setores);1;186.0;539.0;2.9;1.74;1261.27;2401892.74;1663.8;2499411.56;998.05;1808598.47;1458.91;1971866.46
350950205000437;3;Região Sudeste;35;São Paulo;3507;Campinas;35032;Campinas;22;RM Campinas;3509502;CAMPINAS;350950205;CAMPINAS;35095020500;CAMPINAS;3509502000;CAMPINAS (todos os setores);1;246.0;691.0;2.81;1.78;1802.17;2383453.64;1961.65;2281072.89;1212.18;2045948.33;1734.13;2021725.99
350950205000438;3;Região Sudeste;35;São Paulo;3507;Campinas;35032;Campinas;22;RM Campinas;3509502;CAMPINAS;350950205;CAMPINAS;35095020500;CAMPINAS;3509502000;CAMPINAS (todos os setores);1;313.0;877.0;2.8;1.38;2752.96;11989048.37;2815.93;12086289.05;1786.55;7218320.53;2402.81;8229253.54
350950205000439;3;Região Sudeste;35;São Paulo;3507;Campinas;35032;Campinas;22;RM Campinas;3509502;CAMPINAS;350950205;CAMPINAS;35095020500;CAMPINAS;3509502000;CAMPINAS (todos os setores);1;352.0;958.0;2.72;1.31;2363.2;2969989.27;2461.08;2851756.2;1545.01;2379995.38;1998.46;2171990.28
350950205000440;3;Região Sudeste;35;São Paulo;3507;Campinas;35032;Campinas;22;RM Campinas;3509502;CAMPINAS;350950205;CAMPINAS;35095020500;CAMPINAS;3509502000;CAMPINAS (todos os setores);1;346.0;967.0;2.79;1.17;2536.01;3725294.39;2573.2;3684112.38;1555.94;2954288.24;2101.34;2843611.12
350950205000441;3;Região Sudeste;35;São Paulo;3507;Campinas;35032;Campinas;22;RM Campinas;3509502;CAMPINAS;350950205;CAMPINAS;35095020500;CAMPINAS;3509502000;CAMPINAS (todos os setores);1;247.0;725.0;2.94;1.43;2185.33;7208836.09;2558.18;7486268.03;1762.88;5466471.89;2445.17;5914784.07
350950205000442;3;Região Sudeste;35;São Paulo;3507;Campinas;35032;Campinas;22;RM Campinas;3509502;CAMPINAS;350950205;CAMPINAS;35095020500;CAMPINAS;3509502000;CAMPINAS (todos os setores);1;208.0;617.0;2.97;1.69;2012.31;5013181.59;2180.01;5065649.01;1319.26;2991740.84;1766.25;3216433.6
350950205000443;3;Região Sudeste;35;São Paulo;3507;Campinas;35032;Campinas;22;RM Campinas;3509502;CAMPINAS;350950205;CAMPINAS;35095020500;CAMPINAS;3509502000;CAMPINAS (todos os setores);1;308.0;927.0;3.01;1.83;2002.3;2717088.16;2076.45;2663552.82;1181.93;1851914.94;1660.1;1807256.68
350950205000444;3;Região Sudeste;35;São Paulo;3507;Campinas;35032;Campinas;22;RM Campinas;3509502;CAMPINAS;350950205;CAMPINAS;35095020500;CAMPINAS;3509502000;CAMPINAS (todos os setores);1;284.0;840.0;2.96;1.82;1758.7;2845263.8;1958.71;2776813.03;1091.19;2926189.23;1659.27;3508061.05
350950205000445;3;Região Sudeste;35;São Paulo;3507;Campinas;35032;Campinas;22;RM Campinas;3509502;CAMPINAS;350950205;CAMPINAS;35095020500;CAMPINAS;3509502000;CAMPINAS (todos os setores);1;327.0;1036.0;3.17;1.63;3470.8;11563556.89;3745.71;11449355.55;2017.52;7743505.78;2854.35;8568003.51
350950205000446;3;Região Sudeste;35;São Paulo;3507;Campinas;35032;Campinas;22;RM Campinas;3509502;CAMPINAS;350950205;CAMPINAS;35095020500;CAMPINAS;3509502000;CAMPINAS (todos os setores);1;289.0;937.0;3.24;1.41;4216.84;20738329.37;4874.67;20766928.84;2493.1;23568071.26;3834.18;31117144.71
350950205000447;3;Região Sudeste;35;São Paulo;3507;Campinas;35032;Campinas;22;RM Campinas;3509502;CAMPINAS;350950205;CAMPINAS;35095020500;CAMPINAS;3509502000;CAMPINAS (todos os setores);1;153.0;446.0;2.92;1.72;4695.37;17306543.25;5205.74;16525192.0;2654.71;12484780.97;4073.26;13381345.4
350950205000448;3;Região Sudeste;35;São Paulo;3507;Campinas;35032;Campinas;22;RM Campinas;3509502;CAMPINAS;350950205;CAMPINAS;35095020500;CAMPINAS;3509502000;CAMPINAS (todos os setores);1;298.0;826.0;2.77;1.74;1914.14;2877019.06;1973.75;2848862.65;1239.16;1978980.43;1631.59;1965396.76
350950205000449;3;Região Sudeste;35;São Paulo;3507;Campinas;35032;Campinas;22;RM Campinas;3509502;CAMPINAS;350950205;CAMPINAS;35095020500;CAMPINAS;3509502000;CAMPINAS (todos os setores);1;217.0;497.0;2.29;1.18;3540.88;9530298.21;3729.96;9332992.31;2556.07;7866264.5;3121.87;7841086.82
350950205000450;3;Região Sudeste;35;São Paulo;3507;Campinas;35032;Campinas;22;RM Campinas;3509502;CAMPINAS;350950205;CAMPINAS;35095020500;CAMPINAS;3509502000;CAMPINAS (todos os setores);1;111.0;330.0;2.97;1.9;1738.02;2443968.76;1948.69;2328513.56;1279.32;1760590.19;1709.29;1616768.25
350950205000451;3;Região Sudeste;35;São Paulo;3507;Campinas;35032;Campinas;22;RM Campinas;3509502;CAMPINAS;350950205;CAMPINAS;35095020500;CAMPINAS;3509502000;CAMPINAS (todos os setores);1;139.0;392.0;2.82;1.74;2728.46;13365888.54;2895.08;13702304.94;1815.49;7094749.63;2264.74;7835461.42
350950205000452;3;Região Sudeste;35;São Paulo;3507;Campinas;35032;Campinas;22;RM Campinas;3509502;CAMPINAS;350950205;CAMPINAS;35095020500;CAMPINAS;3509502000;CAMPINAS (todos os setores);1;233.0;644.0;2.76;1.45;3471.24;12047239.39;3594.67;12031856.25;2065.03;8330951.05;2851.49;9263255.13
350950205000453;3;Região Sudeste;35;São Paulo;3507;Campinas;35032;Campinas;22;RM Campinas;3509502;CAMPINAS;350950205;CAMPINAS;35095020500;CAMPINAS;3509502000;CAMPINAS (todos os setores);1;272.0;707.0;2.6;1.52;5004.21;14078006.0;5601.42;12405996.49;3937.23;13852813.16;5140.05;11898296.61
350950205000454;3;Região Sudeste;35;São Paulo;3507;Campinas;35032;Campinas;22;RM Campinas;3509502;CAMPINAS;350950205;CAMPINAS;35095020500;CAMPINAS;3509502000;CAMPINAS (todos os setores);1;180.0;447.0;2.48;1.14;3398.51;26664847.42;3515.7;27175254.49;2202.8;13889901.87;2806.58;16008895.23
350950205000455;3;Região Sudeste;35;São Paulo;3507;Campinas;35032;Campinas;22;RM Campinas;3509502;CAMPINAS;350950205;CAMPINAS;35095020500;CAMPINAS;3509502000;CAMPINAS (todos os setores);1;196.0;495.0;2.53;1.62;2796.06;7080026.85;2962.31;7008123.15;1746.86;5478022.99;2408.39;5960737.01
350950205000456;3;Região Sudeste;35;São Paulo;3507;Campinas;35032;Campinas;22;RM Campinas;3509502;CAMPINAS;350950205;CAMPINAS;35095020500;CAMPINAS;3509502000;CAMPINAS (todos os setores);1;183.0;481.0;2.63;1.34;3399.02;12265962.76;4039.09;11988667.14;2832.01;10812869.94;3605.11;10977997.97
350950205000457;3;Região Sudeste;35;São Paulo;3507;Campinas;35032;Campinas;22;RM Campinas;3509502;CAMPINAS;350950205;CAMPINAS;35095020500;CAMPINAS;3509502000;CAMPINAS (todos os setores);1;210.0;502.0;2.39;2.1;2961.86;5283924.29;3109.95;5086572.36;2730.69;50659012.4;3363.58;60296599.7
350950205000458;3;Região Sudeste;35;São Paulo;3507;Campinas;35032;Campinas;22;RM Campinas;3509502;CAMPINAS;350950205;CAMPINAS;35095020500;CAMPINAS;3509502000;CAMPINAS (todos os setores);1;252.0;639.0;2.54;1.86;2081.09;3117650.49;2185.14;3045860.36;1494.9;2516858.48;1898.23;2430118.02
350950205000459;3;Região Sudeste;35;São Paulo;3507;Campinas;35032;Campinas;22;RM Campinas;3509502;CAMPINAS;350950205;CAMPINAS;35095020500;CAMPINAS;3509502000;CAMPINAS (todos os setores);1;315.0;931.0;2.96;1.36;4647.34;13259985.92;5304.03;11644723.33;3515.85;12138082.5;4687.81;10687980.03
350950205000460;3;Região Sudeste;35;São Paulo;3507;Campinas;35032;Campinas;22;RM Campinas;3509502;CAMPINAS;350950205;CAMPINAS;35095020500;CAMPINAS;3509502000;CAMPINAS (todos os setores);1;215.0;508.0;2.36;1.28;2242.49;3524392.21;2550.98;3220666.31;1551.45;3201020.79;2329.61;2993090.38
350950205000461;3;Região Sudeste;35;São Paulo;3507;Campinas;35032;Campinas;22;RM Campinas;3509502;CAMPINAS;350950205;CAMPINAS;35095020500;CAMPINAS;3509502000;CAMPINAS (todos os setores);1;232.0;526.0;2.27;1.23;2887.21;5850232.76;2977.04;5764448.45;2081.72;4451669.16;2492.06;4306224.01
350950205000462;3;Região Sudeste;35;São Paulo;3507;Campinas;35032;Campinas;22;RM Campinas;3509502;CAMPINAS;350950205;CAMPINAS;35095020500;CAMPINAS;3509502000;CAMPINAS (todos os setores);1;246.0;685.0;2.78;2.2;1649.44;2859693.32;1960.21;2788971.21;1181.07;1878099.19;1664.86;1841880.48
350950205000463;3;Região Sudeste;35;São Paulo;3507;Campinas;35032;Campinas;22;RM Campinas;3509502;CAMPINAS;350950205;CAMPINAS;35095020500;CAMPINAS;3509502000;CAMPINAS (todos os setores);1;62.0;231.0;3.73;5.12;781.19;336692.91;896.93;281752.56;471.72;263376.03;760.7;204362.45
350950205000464;3;Região Sudeste;35;São Paulo;3507;Campinas;35032;Campinas;22;RM Campinas;3509502;CAMPINAS;350950205;CAMPINAS;35095020500;CAMPINAS;3509502000;CAMPINAS (todos os setores);1;255.0;798.0;3.13;1.71;2359.76;9222642.97;2993.72;9805353.83;1565.73;6294304.99;2424.35;7667363.84
350950205000465;3;Região Sudeste;35;São Paulo;3507;Campinas;35032;Campinas;22;RM Campinas;3509502;CAMPINAS;350950205;CAMPINAS;35095020500;CAMPINAS;3509502000;CAMPINAS (todos os setores);1;275.0;750.0;2.73;1.7;3735.01;20418720.97;4012.21;20823537.9;2354.93;12118117.34;3150.34;13708368.63
350950205000466;3;Região Sudeste;35;São Paulo;3507;Campinas;35032;Campinas;22;RM Campinas;3509502;CAMPINAS;350950205;CAMPINAS;35095020500;CAMPINAS;3509502000;CAMPINAS (todos os setores);1;290.0;750.0;2.59;1.54;3731.79;12031787.14;4260.7;11481366.03;2935.23;12100869.96;3808.61;12375646.93
350950205000467;3;Região Sudeste;35;São Paulo;3507;Campinas;35032;Campinas;22;RM Campinas;3509502;CAMPINAS;350950205;CAMPINAS;35095020500;CAMPINAS;3509502000;CAMPINAS (todos os setores);1;176.0;510.0;2.9;1.29;4992.45;26071775.32;5293.2;26050302.04;2886.1;16700820.43;3921.51;18637464.53
350950205000468;3;Região Sudeste;35;São Paulo;3507;Campinas;35032;Campinas;22;RM Campinas;3509502;CAMPINAS;350950205;CAMPINAS;35095020500;CAMPINAS;3509502000;CAMPINAS (todos os setores);1;249.0;710.0;2.85;1.57;5120.16;16917291.08;5567.33;15900771.78;3184.19;12731057.46;4355.54;12311619.07
350950205000469;3;Região Sudeste;35;São Paulo;3507;Campinas;35032;Campinas;22;RM Campinas;3509502;CAMPINAS;350950205;CAMPINAS;35095020500;CAMPINAS;3509502000;CAMPINAS (todos os setores);1;283.0;963.0;3.4;3.22;607.09;290099.7;854.76;196283.96;530.84;298430.64;836.41;214471.86
350950205000470;3;Região Sudeste;35;São Paulo;3507;Campinas;35032;Campinas;22;RM Campinas;3509502;CAMPINAS;350950205;CAMPINAS;35095020500;CAMPINAS;3509502000;CAMPINAS (todos os setores);1;203.0;774.0;3.81;3.94;729.17;904682.67;1064.91;964129.51;576.54;513902.36;894.45;512917.31
350950205000471;3;Região Sudeste;35;São Paulo;3507;Campinas;35032;Campinas;22;RM Campinas;3509502;CAMPINAS;350950205;CAMPINAS;35095020500;CAMPINAS;3509502000;CAMPINAS (todos os setores);1;186.0;704.0;3.78;3.25;592.39;983543.18;874.48;1206990.27;483.35;482118.2;778.15;546942.41
350950205000472;3;Região Sudeste;35;São Paulo;3507;Campinas;35032;Campinas;22;RM Campinas;3509502;CAMPINAS;350950205;CAMPINAS;35095020500;CAMPINAS;3509502000;CAMPINAS (todos os setores);1;308.0;1095.0;3.56;3.17;3799.94;15964179.49;4063.82;16000549.05;2222.7;10414770.22;3075.06;11789602.48
350950205000473;3;Região Sudeste;35;São Paulo;3507;Campinas;35032;Campinas;22;RM Campinas;3509502;CAMPINAS;350950205;CAMPINAS;35095020500;CAMPINAS;3509502000;CAMPINAS (todos os setores);1;256.0;915.0;3.57;2.79;857.05;313549.42;918.01;279747.5;547.95;265388.4;804.7;182977.56
350950205000474;3;Região Sudeste;35;São Paulo;3507;Campinas;35032;Campinas;22;RM Campinas;3509502;CAMPINAS;350950205;CAMPINAS;35095020500;CAMPINAS;3509502000;CAMPINAS (todos os setores);1;196.0;804.0;4.1;3.24;716.9;198773.23;798.37;156078.35;508.74;219897.8;732.63;152497.8
350950205000475;3;Região Sudeste;35;São Paulo;3507;Campinas;35032;Campinas;22;RM Campinas;3509502;CAMPINAS;350950205;CAMPINAS;35095020500;CAMPINAS;3509502000;CAMPINAS (todos os setores);1;21.0;78.0;3.71;2.31;6238.1;41644476.19;7277.78;40981830.07;2883.73;21267641.93;4493.26;26016384.39
350950205000476;3;Região Sudeste;35;São Paulo;3507;Campinas;35032;Campinas;22;RM Campinas;3509502;CAMPINAS;350950205;CAMPINAS;35095020500;CAMPINAS;3509502000;CAMPINAS (todos os setores);1;252.0;794.0;3.15;2.13;3970.52;56797523.55;4186.49;58991955.44;1963.41;24620236.08;3025.3;34745639.7
350950205000477;3;Região Sudeste;35;São Paulo;3507;Campinas;35032;Campinas;22;RM Campinas;3509502;CAMPINAS;350950205;CAMPINAS;35095020500;CAMPINAS;3509502000;CAMPINAS (todos os setores);1;178.0;577.0;3.24;2.37;1020.28;518012.92;1202.72;390375.91;720.37;496802.31;1067.77;365055.9
350950205000478;3;Região Sudeste;35;São Paulo;3507;Campinas;35032;Campinas;22;RM Campinas;3509502;CAMPINAS;350950205;CAMPINAS;35095020500;CAMPINAS;3509502000;CAMPINAS (todos os setores);1;171.0;543.0;3.18;2.89;1281.29;1226707.02;1377.99;1185777.46;778.88;795376.38;1128.67;757665.51
350950205000479;3;Região Sudeste;35;São Paulo;3507;Campinas;35032;Campinas;22;RM Campinas;3509502;CAMPINAS;350950205;CAMPINAS;35095020500;CAMPINAS;3509502000;CAMPINAS (todos os setores);1;150.0;523.0;3.49;2.08;1079.21;571011.48;1140.01;533604.0;676.66;507884.09;936.76;459311.45
350950205000480;3;Região Sudeste;35;São Paulo;3507;Campinas;35032;Campinas;22;RM Campinas;3509502;CAMPINAS;350950205;CAMPINAS;35095020500;CAMPINAS;3509502000;CAMPINAS (todos os setores);1;141.0;511.0;3.62;2.28;669.61;323290.03;786.79;287368.82;442.84;241773.88;731.94;187801.99
350950205000481;3;Região Sudeste;35;São Paulo;3507;Campinas;35032;Campinas;22;RM Campinas;3509502;CAMPINAS;350950205;CAMPINAS;35095020500;CAMPINAS;3509502000;CAMPINAS (todos os setores);1;253.0;726.0;2.87;1.55;1906.94;3621635.33;2173.22;3548335.18;1251.7;2527523.37;1802.11;2647317.04
350950205000482;3;Região Sudeste;35;São Paulo;3507;Campinas;35032;Campinas;22;RM Campinas;3509502;CAMPINAS;350950205;CAMPINAS;35095020500;CAMPINAS;3509502000;CAMPINAS (todos os setores);1;239.0;785.0;3.28;1.94;1451.01;1631406.45;1569.19;1578591.62;1026.92;1738432.6;1385.56;1848855.75
350950205000483;3;Região Sudeste;35;São Paulo;3507;Campinas;35032;Campinas;22;RM Campinas;3509502;CAMPINAS;350950205;CAMPINAS;35095020500;CAMPINAS;3509502000;CAMPINAS (todos os setores);1;173.0;579.0;3.35;2.55;1632.77;2022241.09;1776.54;1944403.78;997.76;1316433.16;1431.1;1267895.83
350950205000484;3;Região Sudeste;35;São Paulo;3507;Campinas;35032;Campinas;22;RM Campinas;3509502;CAMPINAS;350950205;CAMPINAS;35095020500;CAMPINAS;3509502000;CAMPINAS (todos os setores);1;176.0;533.0;3.03;1.66;1236.53;1219102.12;1532.61;1056090.94;866.7;800440.96;1246.37;677508.07
350950205000485;3;Região Sudeste;35;São Paulo;3507;Campinas;35032;Campinas;22;RM Campinas;3509502;CAMPINAS;350950205;CAMPINAS;35095020500;CAMPINAS;3509502000;CAMPINAS (todos os setores);1;175.0;493.0;2.82;1.82;975.07;1525591.77;1483.8;1567057.56;641.92;1041094.49;1310.34;1250271.93
350950205000486;3;Região Sudeste;35;São Paulo;3507;Campinas;35032;Campinas;22;RM Campinas;3509502;CAMPINAS;350950205;CAMPINAS;35095020500;CAMPINAS;3509502000;CAMPINAS (todos os setores);1;202.0;643.0;3.18;2.07;1742.2;2660911.12;1804.74;2643471.79;1050.38;1776671.67;1451.25;1873193.12
350950205000487;3;Região Sudeste;35;São Paulo;3507;Campinas;35032;Campinas;22;RM Campinas;3509502;CAMPINAS;350950205;CAMPINAS;35095020500;CAMPINAS;3509502000;CAMPINAS (todos os setores);1;210.0;590.0;2.81;1.7;1653.12;2218407.76;1727.14;2189753.6;1075.92;1493412.22;1417.19;1483439.12
350950205000488;3;Região Sudeste;35;São Paulo;3507;Campinas;35032;Campinas;22;RM Campinas;3509502;CAMPINAS;350950205;CAMPINAS;35095020500;CAMPINAS;3509502000;CAMPINAS (todos os setores);1;206.0;698.0;3.39;3.22;1268.52;727110.71;1361.02;653858.9;798.69;902327.97;1173.77;885781.39
350950205000489;3;Região Sudeste;35;São Paulo;3507;Campinas;35032;Campinas;22;RM Campinas;3509502;CAMPINAS;350950205;CAMPINAS;35095020500;CAMPINAS;3509502000;CAMPINAS (todos os setores);1;304.0;963.0;3.17;1.65;2100.27;3918822.01;2135.39;3909323.86;1278.55;2373096.46;1717.26;2434092.18
350950205000490;3;Região Sudeste;35;São Paulo;3507;Campinas;35032;Campinas;22;RM Campinas;3509502;CAMPINAS;350950205;CAMPINAS;35095020500;CAMPINAS;3509502000;CAMPINAS (todos os setores);1;222.0;692.0;3.12;2.0;1887.06;3938418.06;2023.8;3947111.16;1114.96;2320962.85;1617.84;2554735.82
350950205000491;3;Região Sudeste;35;São Paulo;3507;Campinas;35032;Campinas;22;RM Campinas;3509502;CAMPINAS;350950205;CAMPINAS;35095020500;CAMPINAS;3509502000;CAMPINAS (todos os setores);1;110.0;245.0;2.23;1.19;5340.45;12413786.03;5490.19;11935305.63;3747.61;11198779.71;4335.07;10403271.57
350950205000492;3;Região Sudeste;35;São Paulo;3507;Campinas;35032;Campinas;22;RM Campinas;3509502;CAMPINAS;350950205;CAMPINAS;35095020500;CAMPINAS;3509502000;CAMPINAS (todos os setores);1;295.0;841.0;2.85;1.17;5134.28;19373341.87;5467.92;18805916.7;3281.09;15291931.65;4487.93;15500741.81
350950205000493;3;Região Sudeste;35;São Paulo;3507;Campinas;35032;Campinas;22;RM Campinas;3509502;CAMPINAS;350950205;CAMPINAS;35095020500;CAMPINAS;3509502000;CAMPINAS (todos os setores);1;160.0;471.0;2.94;1.58;1196.38;2508520.79;1556.27;2704630.07;1117.07;1831468.77;1478.98;1889755.0
350950205000494;3;Região Sudeste;35;São Paulo;3507;Campinas;35032;Campinas;22;RM Campinas;3509502;CAMPINAS;350950205;CAMPINAS;35095020500;CAMPINAS;3509502000;CAMPINAS (todos os setores);1;146.0;459.0;3.14;2.18;1126.64;1725539.79;1713.43;1617713.19;1050.69;1701817.77;1562.86;1731041.86
350950205000495;3;Região Sudeste;35;São Paulo;3507;Campinas;35032;Campinas;22;RM Campinas;3509502;CAMPINAS;350950205;CAMPINAS;35095020500;CAMPINAS;3509502000;CAMPINAS (todos os setores);1;164.0;531.0;3.24;2.04;1067.94;1156970.27;1336.96;1088222.78;1020.2;1375807.7;1330.45;1381445.11
350950205000496;3;Região Sudeste;35;São Paulo;3507;Campinas;35032;Campinas;22;RM Campinas;3509502;CAMPINAS;350950205;CAMPINAS;35095020500;CAMPINAS;3509502000;CAMPINAS (todos os setores);1;156.0;462.0;2.96;1.79;1364.44;1404592.58;1457.89;1364274.97;930.1;1691229.82;1395.15;1888728.26
350950205000497;3;Região Sudeste;35;São Paulo;3507;Campinas;35032;Campinas;22;RM Campinas;3509502;CAMPINAS;350950205;CAMPINAS;35095020500;CAMPINAS;3509502000;CAMPINAS (todos os setores);1;172.0;526.0;3.06;2.04;1693.49;3153874.31;2051.27;3085805.47;1099.73;2024092.53;1639.22;2133039.65
350950205000498;3;Região Sudeste;35;São Paulo;3507;Campinas;35032;Campinas;22;RM Campinas;3509502;CAMPINAS;350950205;CAMPINAS;35095020500;CAMPINAS;3509502000;CAMPINAS (todos os setores);1;322.0;841.0;2.61;1.19;2277.62;2329679.0;2373.44;2199843.15;1504.68;2592304.53;2084.03;2382657.63
350950205000499;3;Região Sudeste;35;São Paulo;3507;Campinas;35032;Campinas;22;RM Campinas;3509502;CAMPINAS;350950205;CAMPINAS;35095020500;CAMPINAS;3509502000;CAMPINAS (todos os setores);1;261.0;970.0;3.72;4.71;1031.52;986632.47;1150.54;963437.06;585.96;591153.94;969.31;606349.11
350950205000500;3;Região Sudeste;35;São Paulo;3507;Campinas;35032;Campinas;22;RM Campinas;3509502;CAMPINAS;350950205;CAMPINAS;35095020500;CAMPINAS;3509502000;CAMPINAS (todos os setores);1;220.0;658.0;2.99;2.44;894.82;1283381.25;1526.05;1224975.65;636.21;810346.08;1309.22;786360.14
350950205000501;3;Região Sudeste;35;São Paulo;3507;Campinas;35032;Campinas;22;RM Campinas;3509502;CAMPINAS;350950205;CAMPINAS;35095020500;CAMPINAS;3509502000;CAMPINAS (todos os setores);1;206.0;568.0;2.76;1.71;853.42;2108850.87;2020.75;2640615.03;909.97;3669595.42;1841.35;5718566.43
350950205000502;3;Região Sudeste;35;São Paulo;3507;Campinas;35032;Campinas;22;RM Campinas;3509502;CAMPINAS;350950205;CAMPINAS;35095020500;CAMPINAS;3509502000;CAMPINAS (todos os setores);1;194.0;580.0;2.99;1.78;1679.3;1887413.9;1780.24;1820800.92;957.56;1279584.41;1385.47;1258485.48
350950205000503;3;Região Sudeste;35;São Paulo;3507;Campinas;35032;Campinas;22;RM Campinas;3509502;CAMPINAS;350950205;CAMPINAS;35095020500;CAMPINAS;3509502000;CAMPINAS (todos os setores);1;282.0;796.0;2.82;1.81;1258.88;2597900.13;1543.5;2746594.07;1057.36;1970303.7;1465.61;2133019.01
350950205000504;3;Região Sudeste;35;São Paulo;3507;Campinas;35032;Campinas;22;RM Campinas;3509502;CAMPINAS;350950205;CAMPINAS;35095020500;CAMPINAS;3509502000;CAMPINAS (todos os setores);1;276.0;937.0;3.39;2.57;959.89;1950569.37;1182.72;2140682.36;707.19;1634294.97;1114.24;2122360.64
350950205000505;3;Região Sudeste;35;São Paulo;3507;Campinas;35032;Campinas;22;RM Campinas;3509502;CAMPINAS;350950205;CAMPINAS;35095020500;CAMPINAS;3509502000;CAMPINAS (todos os setores);1;255.0;634.0;2.49;1.19;2383.73;4136252.56;2511.79;4036396.73;1590.36;3172236.21;2094.17;3121984.97
350950205000506;3;Região Sudeste;35;São Paulo;3507;Campinas;35032;Campinas;22;RM Campinas;3509502;CAMPINAS;350950205;CAMPINAS;35095020500;CAMPINAS;3509502000;CAMPINAS (todos os setores);1;184.0;451.0;2.45;1.23;2424.93;5504740.38;2594.12;5449594.95;1648.77;3717952.76;2229.4;3732855.75
350950205000507;3;Região Sudeste;35;São Paulo;3507;Campinas;35032;Campinas;22;RM Campinas;3509502;CAMPINAS;350950205;CAMPINAS;35095020500;CAMPINAS;3509502000;CAMPINAS (todos os setores);1;139.0;421.0;3.03;2.06;1582.39;4025895.86;2618.48;3948000.81;1022.91;2473306.88;2008.53;2878917.81
350950205000508;3;Região Sudeste;35;São Paulo;3507;Campinas;35032;Campinas;22;RM Campinas;3509502;CAMPINAS;350950205;CAMPINAS;35095020500;CAMPINAS;3509502000;CAMPINAS (todos os setores);1;222.0;566.0;2.55;1.22;2327.23;2248091.8;2570.37;1856047.32;1506.59;2546376.12;2226.55;2159047.27
350950205000509;3;Região Sudeste;35;São Paulo;3507;Campinas;35032;Campinas;22;RM Campinas;3509502;CAMPINAS;350950205;CAMPINAS;35095020500;CAMPINAS;3509502000;CAMPINAS (todos os setores);1;185.0;616.0;3.33;3.15;978.85;912306.17;1199.26;853011.83;694.24;736421.56;1094.91;722702.43
350950205000510;3;Região Sudeste;35;São Paulo;3507;Campinas;35032;Campinas;22;RM Campinas;3509502;CAMPINAS;350950205;CAMPINAS;35095020500;CAMPINAS;3509502000;CAMPINAS (todos os setores);1;177.0;533.0;3.01;3.08;1248.12;1612061.48;1330.83;1608796.06;827.21;1061801.92;1161.61;1102716.96
350950205000511;3;Região Sudeste;35;São Paulo;3507;Campinas;35032;Campinas;22;RM Campinas;3509502;CAMPINAS;350950205;CAMPINAS;35095020500;CAMPINAS;3509502000;CAMPINAS (todos os setores);1;153.0;490.0;3.2;3.72;1344.02;2062371.19;1408.46;2070547.91;855.86;1209519.36;1222.65;1279652.61
350950205000512;3;Região Sudeste;35;São Paulo;3507;Campinas;35032;Campinas;22;RM Campinas;3509502;CAMPINAS;350950205;CAMPINAS;35095020500;CAMPINAS;3509502000;CAMPINAS (todos os setores);1;253.0;662.0;2.62;1.48;2806.66;5942151.34;2971.07;5801172.09;1670.52;4215482.71;2431.66;4285520.31
350950205000513;3;Região Sudeste;35;São Paulo;3507;Campinas;35032;Campinas;22;RM Campinas;3509502;CAMPINAS;350950205;CAMPINAS;35095020500;CAMPINAS;3509502000;CAMPINAS (todos os setores);1;280.0;823.0;2.94;1.86;1751.62;3027071.67;1961.81;2977761.64;1199.8;2324171.89;1707.33;2441018.16
350950205000514;3;Região Sudeste;35;São Paulo;3507;Campinas;35032;Campinas;22;RM Campinas;3509502;CAMPINAS;350950205;CAMPINAS;35095020500;CAMPINAS;3509502000;CAMPINAS (todos os setores);1;238.0;670.0;2.82;1.58;1461.08;1775698.77;1525.17;1755756.13;995.71;1260094.5;1310.71;1245829.97
350950205000515;3;Região Sudeste;35;São Paulo;3507;Campinas;35032;Campinas;22;RM Campinas;3509502;CAMPINAS;350950205;CAMPINAS;35095020500;CAMPINAS;3509502000;CAMPINAS (todos os setores);1;182.0;571.0;3.14;2.05;1361.75;1677003.94;1558.74;1612136.83;912.61;1113525.19;1305.5;1079902.57
350950205000516;3;Região Sudeste;35;São Paulo;3507;Campinas;35032;Campinas;22;RM Campinas;3509502;CAMPINAS;350950205;CAMPINAS;35095020500;CAMPINAS;3509502000;CAMPINAS (todos os setores);1;204.0;638.0;3.13;1.89;1222.89;2780979.28;2169.3;2881029.34;924.95;1790293.51;1755.88;1940089.22
350950205000517;3;Região Sudeste;35;São Paulo;3507;Campinas;35032;Campinas;22;RM Campinas;3509502;CAMPINAS;350950205;CAMPINAS;35095020500;CAMPINAS;3509502000;CAMPINAS (todos os setores);1;140.0;408.0;2.91;1.85;2025.32;4570754.31;2131.92;4584167.61;1309.18;2613793.2;1614.65;2730797.79
350950205000518;3;Região Sudeste;35;São Paulo;3507;Campinas;35032;Campinas;22;RM Campinas;3509502;CAMPINAS;350950205;CAMPINAS;35095020500;CAMPINAS;3509502000;CAMPINAS (todos os setores);1;268.0;773.0;2.88;1.58;1974.71;4238283.37;2581.58;3972822.77;1325.9;2754892.89;2080.24;2753019.41
350950205000519;3;Região Sudeste;35;São Paulo;3507;Campinas;35032;Campinas;22;RM Campinas;3509502;CAMPINAS;350950205;CAMPINAS;35095020500;CAMPINAS;3509502000;CAMPINAS (todos os setores);1;237.0;825.0;3.48;2.26;3271.05;9555730.66;3572.53;9358487.53;1854.69;6864546.92;2798.89;7718229.33
350950205000520;3;Região Sudeste;35;São Paulo;3507;Campinas;35032;Campinas;22;RM Campinas;3509502;CAMPINAS;350950205;CAMPINAS;35095020500;CAMPINAS;3509502000;CAMPINAS (todos os setores);1;242.0;598.0;2.47;1.89;2112.96;5580185.91;2232.91;5629342.13;1531.12;3453423.89;1828.84;3580718.84
350950205000521;3;Região Sudeste;35;São Paulo;3507;Campinas;35032;Campinas;22;RM Campinas;3509502;CAMPINAS;350950205;CAMPINAS;35095020500;CAMPINAS;3509502000;CAMPINAS (todos os setores);1;202.0;520.0;2.57;1.36;2902.92;6894321.28;3054.11;6791099.74;2127.03;5105950.54;2657.46;4969318.51
350950205000522;3;Região Sudeste;35;São Paulo;3507;Campinas;35032;Campinas;22;RM Campinas;3509502;CAMPINAS;350950205;CAMPINAS;35095020500;CAMPINAS;3509502000;CAMPINAS (todos os setores);1;224.0;662.0;2.96;1.96;2737.2;9359311.26;2799.69;9398210.02;1656.75;5508187.49;2171.5;6103025.08
350950205000523;3;Região Sudeste;35;São Paulo;3507;Campinas;35032;Campinas;22;RM Campinas;3509502;CAMPINAS;350950205;CAMPINAS;35095020500;CAMPINAS;3509502000;CAMPINAS (todos os setores);1;266.0;747.0;2.81;1.45;4980.18;23830573.51;5075.59;23802750.44;2703.32;14010712.09;3542.61;15389792.82
350950205000524;3;Região Sudeste;35;São Paulo;3507;Campinas;35032;Campinas;22;RM Campinas;3509502;CAMPINAS;350950205;CAMPINAS;35095020500;CAMPINAS;3509502000;CAMPINAS (todos os setores);1;184.0;530.0;2.88;1.89;3570.06;11030697.16;3775.24;10889245.15;2115.24;8655275.03;2882.86;9585842.64
350950205000525;3;Região Sudeste;35;São Paulo;3507;Campinas;35032;Campinas;22;RM Campinas;3509502;CAMPINAS;350950205;CAMPINAS;35095020500;CAMPINAS;3509502000;CAMPINAS (todos os setores);1;204.0;581.0;2.85;1.7;1918.64;53141737.78;3993.91;102840282.76;1273.85;20793396.37;2566.17;38636492.35
350950205000526;3;Região Sudeste;35;São Paulo;3507;Campinas;35032;Campinas;22;RM Campinas;3509502;CAMPINAS;350950205;CAMPINAS;35095020500;CAMPINAS;3509502000;CAMPINAS (todos os setores);1;154.0;437.0;2.84;1.84;3331.88;9895241.17;3375.72;9877330.81;1963.0;6574564.6;2676.23;7056174.0
350950205000527;3;Região Sudeste;35;São Paulo;3507;Campinas;35032;Campinas;22;RM Campinas;3509502;CAMPINAS;350950205;CAMPINAS;35095020500;CAMPINAS;3509502000;CAMPINAS (todos os setores);1;187.0;516.0;2.76;2.0;1565.18;2901700.96;1888.31;2890514.07;1299.22;2712522.16;1713.42;2868014.29
350950205000528;3;Região Sudeste;35;São Paulo;3507;Campinas;35032;Campinas;22;RM Campinas;3509502;CAMPINAS;350950205;CAMPINAS;35095020500;CAMPINAS;3509502000;CAMPINAS (todos os setores);1;216.0;562.0;2.6;1.88;2224.63;4756220.1;2266.6;4750795.77;1445.94;3357705.7;1898.68;3549896.02
350950205000529;3;Região Sudeste;35;São Paulo;3507;Campinas;35032;Campinas;22;RM Campinas;3509502;CAMPINAS;350950205;CAMPINAS;35095020500;CAMPINAS;3509502000;CAMPINAS (todos os setores);1;192.0;520.0;2.71;1.65;2415.17;6613387.33;2520.18;6636413.38;1495.68;4056929.26;2060.25;4426172.74
350950205000530;3;Região Sudeste;35;São Paulo;3507;Campinas;35032;Campinas;22;RM Campinas;3509502;CAMPINAS;350950205;CAMPINAS;35095020500;CAMPINAS;3509502000;CAMPINAS (todos os setores);1;128.0;418.0;3.27;2.46;1141.48;983935.57;1328.27;896038.27;847.95;808037.13;1194.12;724230.33
350950205000531;3;Região Sudeste;35;São Paulo;3507;Campinas;35032;Campinas;22;RM Campinas;3509502;CAMPINAS;350950205;CAMPINAS;35095020500;CAMPINAS;3509502000;CAMPINAS (todos os setores);1;172.0;533.0;3.1;2.66;3556.69;212463735.74;4248.26;251106475.99;2299.64;100314301.09;3197.53;136713168.54
350950205000532;3;Região Sudeste;35;São Paulo;3507;Campinas;35032;Campinas;22;RM Campinas;3509502;CAMPINAS;350950205;CAMPINAS;35095020500;CAMPINAS;3509502000;CAMPINAS (todos os setores);1;227.0;690.0;3.04;1.89;3333.38;15543562.45;3471.0;15708358.66;1892.23;7899887.34;2533.33;8954478.66
350950205000533;3;Região Sudeste;35;São Paulo;3507;Campinas;35032;Campinas;22;RM Campinas;3509502;CAMPINAS;350950205;CAMPINAS;35095020500;CAMPINAS;3509502000;CAMPINAS (todos os setores);1;302.0;835.0;2.76;1.7;4769.0;20145333.56;5199.41;19724079.68;2892.65;14951177.24;4084.67;16245720.86
350950205000534;3;Região Sudeste;35;São Paulo;3507;Campinas;35032;Campinas;22;RM Campinas;3509502;CAMPINAS;350950205;CAMPINAS;35095020500;CAMPINAS;3509502000;CAMPINAS (todos os setores);1;258.0;697.0;2.7;1.61;3950.49;14470525.39;4177.16;14353496.92;2305.74;9640215.35;3152.35;10512923.68
350950205000535;3;Região Sudeste;35;São Paulo;3507;Campinas;35032;Campinas;22;RM Campinas;3509502;CAMPINAS;350950205;CAMPINAS;35095020500;CAMPINAS;3509502000;CAMPINAS (todos os setores);1;449.0;1493.0;3.33;2.25;1132.62;680265.42;1210.83;632429.43;688.96;545180.9;965.56;496930.26
350950205000536;3;Região Sudeste;35;São Paulo;3507;Campinas;35032;Campinas;22;RM Campinas;3509502;CAMPINAS;350950205;CAMPINAS;35095020500;CAMPINAS;3509502000;CAMPINAS (todos os setores);1;81.0;282.0;3.48;2.13;693.06;424663.31;813.59;400097.24;464.69;292066.62;752.66;256064.27
350950205000537;3;Região Sudeste;35;São Paulo;3507;Campinas;35032;Campinas;22;RM Campinas;3509502;CAMPINAS;350950205;CAMPINAS;35095020500;CAMPINAS;3509502000;CAMPINAS (todos os setores);1;142.0;527.0;3.71;2.52;750.54;265853.06;852.61;214570.74;473.14;231095.07;740.65;163364.79
350950205000538;3;Região Sudeste;35;São Paulo;3507;Campinas;35032;Campinas;22;RM Campinas;3509502;CAMPINAS;350950205;CAMPINAS;35095020500;CAMPINAS;3509502000;CAMPINAS (todos os setores);1;244.0;776.0;3.18;1.75;1058.87;1207843.68;1427.43;1101575.17;791.9;863448.58;1272.89;775444.99
350950205000539;3;Região Sudeste;35;São Paulo;3507;Campinas;35032;Campinas;22;RM Campinas;3509502;CAMPINAS;350950205;CAMPINAS;35095020500;CAMPINAS;3509502000;CAMPINAS (todos os setores);1;332.0;1085.0;3.27;2.05;1412.47;1542888.35;1557.94;1474931.61;865.89;1027440.03;1258.04;999367.88
350950205000540;3;Região Sudeste;35;São Paulo;3507;Campinas;35032;Campinas;22;RM Campinas;3509502;CAMPINAS;350950205;CAMPINAS;35095020500;CAMPINAS;3509502000;CAMPINAS (todos os setores);1;170.0;616.0;3.62;2.75;717.72;380913.96;1089.39;171402.01;493.84;293361.9;966.67;116541.37
350950205000541;3;Região Sudeste;35;São Paulo;3507;Campinas;35032;Campinas;22;RM Campinas;3509502;CAMPINAS;350950205;CAMPINAS;35095020500;CAMPINAS;3509502000;CAMPINAS (todos os setores);1;206.0;640.0;3.11;1.92;753.75;295321.36;908.02;215212.73;628.42;297818.15;923.77;164610.24
350950205000542;3;Região Sudeste;35;São Paulo;3507;Campinas;35032;Campinas;22;RM Campinas;3509502;CAMPINAS;350950205;CAMPINAS;35095020500;CAMPINAS;3509502000;CAMPINAS (todos os setores);1;243.0;774.0;3.19;2.18;1021.39;1733138.62;1334.39;1847202.62;813.96;1009549.85;1213.19;1020392.61
350950205000543;3;Região Sudeste;35;São Paulo;3507;Campinas;35032;Campinas;22;RM Campinas;3509502;CAMPINAS;350950205;CAMPINAS;35095020500;CAMPINAS;3509502000;CAMPINAS (todos os setores);1;191.0;588.0;3.08;2.01;874.32;1002649.27;1105.93;1012173.47;741.38;656334.19;1029.91;614497.99
350950205000544;3;Região Sudeste;35;São Paulo;3507;Campinas;35032;Campinas;22;RM Campinas;3509502;CAMPINAS;350950205;CAMPINAS;35095020500;CAMPINAS;3509502000;CAMPINAS (todos os setores);1;186.0;567.0;3.05;1.82;1149.73;1025514.24;1288.25;970286.31;848.31;836311.64;1187.15;767913.76
350950205000545;3;Região Sudeste;35;São Paulo;3507;Campinas;35032;Campinas;22;RM Campinas;3509502;CAMPINAS;350950205;CAMPINAS;35095020500;CAMPINAS;3509502000;CAMPINAS (todos os setores);1;317.0;1065.0;3.36;2.09;1208.35;831657.06;1334.66;749726.71;780.53;641200.12;1113.15;544037.46
350950205000546;3;Região Sudeste;35;São Paulo;3507;Campinas;35032;Campinas;22;RM Campinas;3509502;CAMPINAS;350950205;CAMPINAS;35095020500;CAMPINAS;3509502000;CAMPINAS (todos os setores);1;139.0;397.0;2.86;1.79;2008.84;48265359.16;2216.1;52821969.26;1419.62;37769434.21;1974.16;51481938.72
350950205000547;3;Região Sudeste;35;São Paulo;3507;Campinas;35032;Campinas;22;RM Campinas;3509502;CAMPINAS;350950205;CAMPINAS;35095020500;CAMPINAS;3509502000;CAMPINAS (todos os setores);1;232.0;533.0;2.3;1.12;2248.48;4660163.4;2403.91;4608428.55;1572.59;3330383.54;2016.46;3375474.4
350950205000548;3;Região Sudeste;35;São Paulo;3507;Campinas;35032;Campinas;22;RM Campinas;3509502;CAMPINAS;350950205;CAMPINAS;35095020500;CAMPINAS;3509502000;CAMPINAS (todos os setores);1;181.0;575.0;3.18;1.96;1621.25;3693925.11;1822.65;3786292.95;982.95;1991440.14;1453.31;2261570.97
350950205000549;3;Região Sudeste;35;São Paulo;3507;Campinas;35032;Campinas;22;RM Campinas;3509502;CAMPINAS;350950205;CAMPINAS;35095020500;CAMPINAS;3509502000;CAMPINAS (todos os setores);1;161.0;459.0;2.85;1.34;1751.73;2461072.13;2136.58;2177347.82;1132.22;2117199.71;1829.63;2145435.6
350950205000550;3;Região Sudeste;35;São Paulo;3507;Campinas;35032;Campinas;22;RM Campinas;3509502;CAMPINAS;350950205;CAMPINAS;35095020500;CAMPINAS;3509502000;CAMPINAS (todos os setores);1;180.0;525.0;2.92;2.36;2158.83;4224442.98;2272.46;4188368.27;1341.96;2840477.25;1787.98;2987502.3
350950205000551;3;Região Sudeste;35;São Paulo;3507;Campinas;35032;Campinas;22;RM Campinas;3509502;CAMPINAS;350950205;CAMPINAS;35095020500;CAMPINAS;3509502000;CAMPINAS (todos os setores);1;265.0;689.0;2.6;1.47;1785.79;1250614.99;1870.49;1151106.17;1202.52;1253104.51;1602.5;1028459.49
350950205000552;3;Região Sudeste;35;São Paulo;3507;Campinas;35032;Campinas;22;RM Campinas;3509502;CAMPINAS;350950205;CAMPINAS;35095020500;CAMPINAS;3509502000;CAMPINAS (todos os setores);1;238.0;700.0;2.94;1.23;2788.73;5728651.15;2976.31;5554903.66;1798.17;4207716.11;2525.7;4072303.09
350950205000553;3;Região Sudeste;35;São Paulo;3507;Campinas;35032;Campinas;22;RM Campinas;3509502;CAMPINAS;350950205;CAMPINAS;35095020500;CAMPINAS;3509502000;CAMPINAS (todos os setores);1;200.0;832.0;4.16;5.8;757.68;350868.15;823.57;326987.86;491.22;247959.75;737.86;190353.13
350950205000554;3;Região Sudeste;35;São Paulo;3507;Campinas;35032;Campinas;22;RM Campinas;3509502;CAMPINAS;350950205;CAMPINAS;35095020500;CAMPINAS;3509502000;CAMPINAS (todos os setores);1;137.0;430.0;3.14;2.37;1325.6;957533.68;1396.98;909005.95;815.69;865970.46;1185.9;819798.06
350950205000555;3;Região Sudeste;35;São Paulo;3507;Campinas;35032;Campinas;22;RM Campinas;3509502;CAMPINAS;350950205;CAMPINAS;35095020500;CAMPINAS;3509502000;CAMPINAS (todos os setores);1;199.0;670.0;3.37;2.96;1591.32;1059217.75;1649.33;1001847.3;990.58;1099177.99;1377.31;995419.73
350950205000556;3;Região Sudeste;35;São Paulo;3507;Campinas;35032;Campinas;22;RM Campinas;3509502;CAMPINAS;350950205;CAMPINAS;35095020500;CAMPINAS;3509502000;CAMPINAS (todos os setores);1;194.0;589.0;3.04;2.26;1348.3;2103595.94;1461.29;2114831.78;886.58;1243303.37;1229.69;1302703.79
350950205000557;3;Região Sudeste;35;São Paulo;3507;Campinas;35032;Campinas;22;RM Campinas;3509502;CAMPINAS;350950205;CAMPINAS;35095020500;CAMPINAS;3509502000;CAMPINAS (todos os setores);1;188.0;622.0;3.31;2.06;1054.77;1076850.57;1330.85;990709.52;948.53;1021399.45;1252.61;967817.35
350950205000558;3;Região Sudeste;35;São Paulo;3507;Campinas;35032;Campinas;22;RM Campinas;3509502;CAMPINAS;350950205;CAMPINAS;35095020500;CAMPINAS;3509502000;CAMPINAS (todos os setores);1;195.0;609.0;3.12;2.1;1604.76;1910803.37;1700.7;1861608.68;990.5;1320132.27;1349.09;1314273.44
350950205000559;3;Região Sudeste;35;São Paulo;3507;Campinas;35032;Campinas;22;RM Campinas;3509502;CAMPINAS;350950205;CAMPINAS;35095020500;CAMPINAS;3509502000;CAMPINAS (todos os setores);2;15.0;58.0;3.87;1.55;935.33;230555.24;1002.14;176187.36;601.43;318158.33;920.94;188892.64
350950205000560;3;Região Sudeste;35;São Paulo;3507;Campinas;35032;Campinas;22;RM Campinas;3509502;CAMPINAS;350950205;CAMPINAS;35095020500;CAMPINAS;3509502000;CAMPINAS (todos os setores);1;270.0;737.0;2.73;1.08;1725.74;1450818.59;1933.4;1222959.21;1143.01;1376218.3;1659.38;1140538.41
350950205000561;3;Região Sudeste;35;São Paulo;3507;Campinas;35032;Campinas;22;RM Campinas;3509502;CAMPINAS;350950205;CAMPINAS;35095020500;CAMPINAS;3509502000;CAMPINAS (todos os setores);1;253.0;806.0;3.19;1.24;1672.76;2316335.91;2064.43;2048816.73;1350.31;1934597.52;1845.06;1730174.89
350950205000562;3;Região Sudeste;35;São Paulo;3507;Campinas;35032;Campinas;22;RM Campinas;3509502;CAMPINAS;350950205;CAMPINAS;35095020500;CAMPINAS;3509502000;CAMPINAS (todos os setores);1;194.0;519.0;2.68;1.07;2354.77;2741309.03;2442.92;2627983.81;1449.94;2563395.18;2028.11;2412495.18
350950205000563;3;Região Sudeste;35;São Paulo;3507;Campinas;35032;Campinas;22;RM Campinas;3509502;CAMPINAS;350950205;CAMPINAS;35095020500;CAMPINAS;3509502000;CAMPINAS (todos os setores);1;16.0;49.0;3.06;2.86;1145.63;1003942.92;1527.5;732670.45;605.91;613217.76;1159.13;528158.3
350950205000564;3;Região Sudeste;35;São Paulo;3507;Campinas;35032;Campinas;22;RM Campinas;3509502;CAMPINAS;350950205;CAMPINAS;35095020500;CAMPINAS;3509502000;CAMPINAS (todos os setores);1;158.0;465.0;2.94;1.77;1281.8;798374.59;1446.61;661640.38;842.13;705778.98;1219.94;561016.95
350950205000565;3;Região Sudeste;35;São Paulo;3507;Campinas;35032;Campinas;22;RM Campinas;3509502;CAMPINAS;350950205;CAMPINAS;35095020500;CAMPINAS;3509502000;CAMPINAS (todos os setores);1;173.0;542.0;3.13;1.58;1228.28;918528.48;1407.24;799734.52;827.21;817464.59;1207.28;733955.74
350950205000566;3;Região Sudeste;35;São Paulo;3507;Campinas;35032;Campinas;22;RM Campinas;3509502;CAMPINAS;350950205;CAMPINAS;35095020500;CAMPINAS;3509502000;CAMPINAS (todos os setores);1;188.0;541.0;2.88;2.01;984.97;1424807.35;1610.22;1321573.86;775.99;1160911.47;1381.71;1230413.77
350950205000567;3;Região Sudeste;35;São Paulo;3507;Campinas;35032;Campinas;22;RM Campinas;3509502;CAMPINAS;350950205;CAMPINAS;35095020500;CAMPINAS;3509502000;CAMPINAS (todos os setores);1;186.0;540.0;2.9;1.58;2425.52;4469889.5;2638.29;4299654.39;1455.92;3172945.43;2129.55;3206586.56
350950205000568;3;Região Sudeste;35;São Paulo;3507;Campinas;35032;Campinas;22;RM Campinas;3509502;CAMPINAS;350950205;CAMPINAS;35095020500;CAMPINAS;3509502000;CAMPINAS (todos os setores);1;159.0;472.0;2.97;1.09;2488.01;3165711.96;2568.79;3060305.32;1548.02;2700813.82;2078.23;2523421.86
350950205000569;3;Região Sudeste;35;São Paulo;3507;Campinas;35032;Campinas;22;RM Campinas;3509502;CAMPINAS;350950205;CAMPINAS;35095020500;CAMPINAS;3509502000;CAMPINAS (todos os setores);1;295.0;992.0;3.36;1.94;1817.05;5738954.67;2135.58;6066050.92;1061.84;2936491.55;1642.53;3589713.25
350950205000570;3;Região Sudeste;35;São Paulo;3507;Campinas;35032;Campinas;22;RM Campinas;3509502;CAMPINAS;350950205;CAMPINAS;35095020500;CAMPINAS;3509502000;CAMPINAS (todos os setores);1;305.0;1078.0;3.53;2.76;1708.75;2174259.77;1828.66;2107326.12;1066.38;1744085.4;1589.05;1768409.96
350950205000571;3;Região Sudeste;35;São Paulo;3507;Campinas;35032;Campinas;22;RM Campinas;3509502;CAMPINAS;350950205;CAMPINAS;35095020500;CAMPINAS;3509502000;CAMPINAS (todos os setores);1;249.0;748.0;3.0;1.96;1885.12;2946265.1;2023.26;2882398.88;1193.86;2082394.71;1648.55;2125999.89
350950205000572;3;Região Sudeste;35;São Paulo;3507;Campinas;35032;Campinas;22;RM Campinas;3509502;CAMPINAS;350950205;CAMPINAS;35095020500;CAMPINAS;3509502000;CAMPINAS (todos os setores);1;185.0;588.0;3.18;2.42;1119.83;755971.06;1218.64;701944.18;697.98;568730.72;1044.03;489192.0
350950205000573;3;Região Sudeste;35;São Paulo;3507;Campinas;35032;Campinas;22;RM Campinas;3509502;CAMPINAS;350950205;CAMPINAS;35095020500;CAMPINAS;3509502000;CAMPINAS (todos os setores);1;261.0;1001.0;3.84;3.21;763.74;285308.22;855.52;240884.09;501.4;283681.05;764.88;231131.62
350950205000574;3;Região Sudeste;35;São Paulo;3507;Campinas;35032;Campinas;22;RM Campinas;3509502;CAMPINAS;350950205;CAMPINAS;35095020500;CAMPINAS;3509502000;CAMPINAS (todos os setores);1;219.0;859.0;3.92;3.41;673.08;231440.89;837.52;149795.7;374.14;203452.38;750.38;125503.16
350950205000575;3;Região Sudeste;35;São Paulo;3507;Campinas;35032;Campinas;22;RM Campinas;3509502;CAMPINAS;350950205;CAMPINAS;35095020500;CAMPINAS;3509502000;CAMPINAS (todos os setores);1;112.0;405.0;3.62;3.21;678.54;214037.89;799.96;154580.91;449.04;202193.42;727.41;124696.89
350950205000576;3;Região Sudeste;35;São Paulo;3507;Campinas;35032;Campinas;22;RM Campinas;3509502;CAMPINAS;350950205;CAMPINAS;35095020500;CAMPINAS;3509502000;CAMPINAS (todos os setores);1;225.0;705.0;3.13;2.33;1819.18;44496852.56;1921.67;46817663.84;1012.38;16563213.35;1423.18;22712994.37
350950205000577;3;Região Sudeste;35;São Paulo;3507;Campinas;35032;Campinas;22;RM Campinas;3509502;CAMPINAS;350950205;CAMPINAS;35095020500;CAMPINAS;3509502000;CAMPINAS (todos os setores);1;244.0;785.0;3.22;2.01;1157.52;869267.78;1307.56;785364.16;739.23;969736.21;1132.16;1040489.32
350950205000578;3;Região Sudeste;35;São Paulo;3507;Campinas;35032;Campinas;22;RM Campinas;3509502;CAMPINAS;350950205;CAMPINAS;35095020500;CAMPINAS;3509502000;CAMPINAS (todos os setores);1;199.0;621.0;3.12;2.32;648.64;1340037.04;1500.93;1827225.01;635.19;1248105.38;1470.54;1662841.78
350950205000579;3;Região Sudeste;35;São Paulo;3507;Campinas;35032;Campinas;22;RM Campinas;3509502;CAMPINAS;350950205;CAMPINAS;35095020500;CAMPINAS;3509502000;CAMPINAS (todos os setores);1;131.0;408.0;3.11;2.63;1328.77;1957460.67;1381.5;1962331.21;764.18;1140640.61;1144.74;1273563.22
350950205000580;3;Região Sudeste;35;São Paulo;3507;Campinas;35032;Campinas;22;RM Campinas;3509502;CAMPINAS;350950205;CAMPINAS;35095020500;CAMPINAS;3509502000;CAMPINAS (todos os setores);1;188.0;569.0;3.03;2.44;1078.97;1507859.12;1370.59;1515758.79;917.49;1408234.92;1337.23;1491435.35
350950205000581;3;Região Sudeste;35;São Paulo;3507;Campinas;35032;Campinas;22;RM Campinas;3509502;CAMPINAS;350950205;CAMPINAS;35095020500;CAMPINAS;3509502000;CAMPINAS (todos os setores);1;172.0;562.0;3.27;2.23;1021.51;14309935.71;1757.0;23411855.56;653.62;5131646.28;1241.64;9032621.2
350950205000582;3;Região Sudeste;35;São Paulo;3507;Campinas;35032;Campinas;22;RM Campinas;3509502;CAMPINAS;350950205;CAMPINAS;35095020500;CAMPINAS;3509502000;CAMPINAS (todos os setores);1;142.0;558.0;3.93;3.73;806.46;300992.11;901.72;250252.76;458.09;254909.3;748.74;198831.32
350950205000583;3;Região Sudeste;35;São Paulo;3507;Campinas;35032;Campinas;22;RM Campinas;3509502;CAMPINAS;350950205;CAMPINAS;35095020500;CAMPINAS;3509502000;CAMPINAS (todos os setores);1;147.0;518.0;3.52;4.24;1009.52;1099947.85;1454.89;935635.25;777.61;823199.83;1208.21;758577.44
350950205000584;3;Região Sudeste;35;São Paulo;3507;Campinas;35032;Campinas;22;RM Campinas;3509502;CAMPINAS;350950205;CAMPINAS;35095020500;CAMPINAS;3509502000;CAMPINAS (todos os setores);1;223.0;786.0;3.52;2.93;320.83;147327.17;715.46;45179.04;282.08;132510.59;696.2;38402.32
350950205000585;3;Região Sudeste;35;São Paulo;3507;Campinas;35032;Campinas;22;RM Campinas;3509502;CAMPINAS;350950205;CAMPINAS;35095020500;CAMPINAS;3509502000;CAMPINAS (todos os setores);1;225.0;746.0;3.32;2.07;1130.34;1816466.21;1673.2;1780298.82;710.26;1058722.84;1334.67;1156358.7
350950205000586;3;Região Sudeste;35;São Paulo;3507;Campinas;35032;Campinas;22;RM Campinas;3509502;CAMPINAS;350950205;CAMPINAS;35095020500;CAMPINAS;3509502000;CAMPINAS (todos os setores);1;219.0;682.0;3.11;1.77;1278.4;1668298.96;1581.75;1583865.85;973.61;2043132.7;1425.88;2348043.16
350950205000587;3;Região Sudeste;35;São Paulo;3507;Campinas;35032;Campinas;22;RM Campinas;3509502;CAMPINAS;350950205;CAMPINAS;35095020500;CAMPINAS;3509502000;CAMPINAS (todos os setores);1;270.0;881.0;3.26;2.36;1175.42;608995.72;1211.31;584020.75;717.48;502223.53;1000.73;416888.2
350950205000588;3;Região Sudeste;35;São Paulo;3507;Campinas;35032;Campinas;22;RM Campinas;3509502;CAMPINAS;350950205;CAMPINAS;35095020500;CAMPINAS;3509502000;CAMPINAS (todos os setores);1;144.0;435.0;3.02;2.2;1015.28;698701.78;1238.98;574432.85;781.16;679994.69;1141.47;581996.17
350950205000589;3;Região Sudeste;35;São Paulo;3507;Campinas;35032;Campinas;22;RM Campinas;3509502;CAMPINAS;350950205;CAMPINAS;35095020500;CAMPINAS;3509502000;CAMPINAS (todos os setores);1;190.0;524.0;2.76;1.82;1510.18;1403276.08;1585.27;1353737.77;1010.37;1076772.31;1344.4;983427.1
350950205000590;3;Região Sudeste;35;São Paulo;3507;Campinas;35032;Campinas;22;RM Campinas;3509502;CAMPINAS;350950205;CAMPINAS;35095020500;CAMPINAS;3509502000;CAMPINAS (todos os setores);1;153.0;463.0;3.03;1.93;1465.1;1070984.37;1494.4;1048465.07;985.85;975790.2;1361.26;835876.82
350950205000591;3;Região Sudeste;35;São Paulo;3507;Campinas;35032;Campinas;22;RM Campinas;3509502;CAMPINAS;350950205;CAMPINAS;35095020500;CAMPINAS;3509502000;CAMPINAS (todos os setores);1;191.0;555.0;2.91;2.18;1178.19;953891.06;1424.27;801675.42;861.92;924627.92;1320.89;810384.7
350950205000592;3;Região Sudeste;35;São Paulo;3507;Campinas;35032;Campinas;22;RM Campinas;3509502;CAMPINAS;350950205;CAMPINAS;35095020500;CAMPINAS;3509502000;CAMPINAS (todos os setores);1;185.0;491.0;2.65;1.46;1179.61;901062.17;1276.18;851293.97;868.82;756476.95;1161.06;671364.08
350950205000593;3;Região Sudeste;35;São Paulo;3507;Campinas;35032;Campinas;22;RM Campinas;3509502;CAMPINAS;350950205;CAMPINAS;35095020500;CAMPINAS;3509502000;CAMPINAS (todos os setores);1;290.0;848.0;2.92;1.52;1589.42;2351839.71;2004.06;2133466.94;1022.37;1722934.54;1689.04;1720396.7
350950205000594;3;Região Sudeste;35;São Paulo;3507;Campinas;35032;Campinas;22;RM Campinas;3509502;CAMPINAS;350950205;CAMPINAS;35095020500;CAMPINAS;3509502000;CAMPINAS (todos os setores);1;188.0;599.0;3.19;1.67;1575.78;1146444.13;1655.01;1072548.44;1021.34;1188616.69;1428.3;1080692.4
350950205000595;3;Região Sudeste;35;São Paulo;3507;Campinas;35032;Campinas;22;RM Campinas;3509502;CAMPINAS;350950205;CAMPINAS;35095020500;CAMPINAS;3509502000;CAMPINAS (todos os setores);1;294.0;772.0;2.63;1.48;923.65;995705.06;1392.57;847439.27;722.17;769623.14;1263.79;662065.87
350950205000596;3;Região Sudeste;35;São Paulo;3507;Campinas;35032;Campinas;22;RM Campinas;3509502;CAMPINAS;350950205;CAMPINAS;35095020500;CAMPINAS;3509502000;CAMPINAS (todos os setores);1;103.0;389.0;3.78;4.43;558.59;377036.48;871.74;314471.15;446.12;312397.38;822.2;266267.58
350950205000597;3;Região Sudeste;35;São Paulo;3507;Campinas;35032;Campinas;22;RM Campinas;3509502;CAMPINAS;350950205;CAMPINAS;35095020500;CAMPINAS;3509502000;CAMPINAS (todos os setores);1;337.0;1115.0;3.31;1.51;1670.14;1863633.34;1914.41;1667900.82;1033.82;1510882.13;1572.93;1450696.21
350950205000598;3;Região Sudeste;35;São Paulo;3507;Campinas;35032;Campinas;22;RM Campinas;3509502;CAMPINAS;350950205;CAMPINAS;35095020500;CAMPINAS;3509502000;CAMPINAS (todos os setores);1;245.0;728.0;2.97;2.11;1440.18;1889330.26;1540.81;1866192.29;896.4;1194425.2;1266.28;1218960.11
350950205000599;3;Região Sudeste;35;São Paulo;3507;Campinas;35032;Campinas;22;RM Campinas;3509502;CAMPINAS;350950205;CAMPINAS;35095020500;CAMPINAS;3509502000;CAMPINAS (todos os setores);1;137.0;431.0;3.15;1.91;1524.71;1062047.87;1582.46;1010492.72;981.77;926907.75;1337.87;786217.7
350950205000600;3;Região Sudeste;35;São Paulo;3507;Campinas;35032;Campinas;22;RM Campinas;3509502;CAMPINAS;350950205;CAMPINAS;35095020500;CAMPINAS;3509502000;CAMPINAS (todos os setores);1;240.0;777.0;3.24;2.05;1522.73;2639798.9;1617.06;2650839.91;965.55;1583356.98;1368.02;1692984.13
350950205000601;3;Região Sudeste;35;São Paulo;3507;Campinas;35032;Campinas;22;RM Campinas;3509502;CAMPINAS;350950205;CAMPINAS;35095020500;CAMPINAS;3509502000;CAMPINAS (todos os setores);1;238.0;758.0;3.18;1.87;3222.05;10407261.42;3348.69;10392167.22;1672.51;5715585.48;2360.79;6444268.97
350950205000602;3;Região Sudeste;35;São Paulo;3507;Campinas;35032;Campinas;22;RM Campinas;3509502;CAMPINAS;350950205;CAMPINAS;35095020500;CAMPINAS;3509502000;CAMPINAS (todos os setores);2;157.0;525.0;3.34;1.24;3212.75;2697497.65;3233.35;2647881.91;1639.27;3912004.39;2580.74;3728450.19
350950205000603;3;Região Sudeste;35;São Paulo;3507;Campinas;35032;Campinas;22;RM Campinas;3509502;CAMPINAS;350950205;CAMPINAS;35095020500;CAMPINAS;3509502000;CAMPINAS (todos os setores);1;81.0;280.0;3.46;1.08;3372.12;3590267.58;3741.67;2587255.39;1368.83;3934925.68;3130.57;3479849.31
350950205000604;3;Região Sudeste;35;São Paulo;3507;Campinas;35032;Campinas;22;RM Campinas;3509502;CAMPINAS;350950205;CAMPINAS;35095020500;CAMPINAS;3509502000;CAMPINAS (todos os setores);1;267.0;836.0;3.13;2.75;1108.91;1074661.14;1298.6;1011888.23;861.57;964771.36;1210.42;933094.74
350950205000605;3;Região Sudeste;35;São Paulo;3507;Campinas;35032;Campinas;22;RM Campinas;3509502;CAMPINAS;350950205;CAMPINAS;35095020500;CAMPINAS;3509502000;CAMPINAS (todos os setores);1;231.0;705.0;3.05;2.41;2121.83;4507770.04;2238.1;4494498.94;1346.04;2837131.39;1829.02;2972040.73
350950205000606;3;Região Sudeste;35;São Paulo;3507;Campinas;35032;Campinas;22;RM Campinas;3509502;CAMPINAS;350950205;CAMPINAS;35095020500;CAMPINAS;3509502000;CAMPINAS (todos os setores);1;162.0;384.0;2.37;1.37;3713.53;65953758.34;3783.6;66939263.13;2301.78;32844661.7;2895.53;39621696.38
350950205000607;3;Região Sudeste;35;São Paulo;3507;Campinas;35032;Campinas;22;RM Campinas;3509502;CAMPINAS;350950205;CAMPINAS;35095020500;CAMPINAS;3509502000;CAMPINAS (todos os setores);1;186.0;535.0;2.88;1.7;4290.81;145854420.33;4807.78;161033226.8;2362.16;58218438.35;3430.91;80958065.51
350950205000608;3;Região Sudeste;35;São Paulo;3507;Campinas;35032;Campinas;22;RM Campinas;3509502;CAMPINAS;350950205;CAMPINAS;35095020500;CAMPINAS;3509502000;CAMPINAS (todos os setores);1;111.0;352.0;3.17;2.72;4916.76;25564440.29;5744.84;25108006.09;3086.69;15331124.85;4313.28;16136290.68
350950205000609;3;Região Sudeste;35;São Paulo;3507;Campinas;35032;Campinas;22;RM Campinas;3509502;CAMPINAS;350950205;CAMPINAS;35095020500;CAMPINAS;3509502000;CAMPINAS (todos os setores);1;253.0;782.0;3.09;2.46;2035.93;4839656.77;2164.24;4867087.82;1247.81;2921974.42;1688.22;3210308.98
350950205000610;3;Região Sudeste;35;São Paulo;3507;Campinas;35032;Campinas;22;RM Campinas;3509502;CAMPINAS;350950205;CAMPINAS;35095020500;CAMPINAS;3509502000;CAMPINAS (todos os setores);1;245.0;708.0;2.89;1.98;1941.98;3343655.65;2033.27;3315097.59;1280.08;2641232.85;1733.03;2791174.07
350950205000611;3;Região Sudeste;35;São Paulo;3507;Campinas;35032;Campinas;22;RM Campinas;3509502;CAMPINAS;350950205;CAMPINAS;35095020500;CAMPINAS;3509502000;CAMPINAS (todos os setores);1;116.0;232.0;2.0;0.8;3065.57;6456814.66;3452.49;5930822.23;2710.46;5776529.8;3206.09;5240720.18
350950205000612;3;Região Sudeste;35;São Paulo;3507;Campinas;35032;Campinas;22;RM Campinas;3509502;CAMPINAS;350950205;CAMPINAS;35095020500;CAMPINAS;3509502000;CAMPINAS (todos os setores);1;142.0;429.0;3.02;2.08;2178.01;8086897.91;2274.1;8226181.01;1326.7;3996623.26;1782.75;4559386.09
350950205000613;3;Região Sudeste;35;São Paulo;3507;Campinas;35032;Campinas;22;RM Campinas;3509502;CAMPINAS;350950205;CAMPINAS;35095020500;CAMPINAS;3509502000;CAMPINAS (todos os setores);1;209.0;595.0;2.85;2.0;2485.67;6346411.72;2623.76;6336619.44;1515.9;3902807.44;2071.86;4182980.44
350950205000614;3;Região Sudeste;35;São Paulo;3507;Campinas;35032;Campinas;22;RM Campinas;3509502;CAMPINAS;350950205;CAMPINAS;35095020500;CAMPINAS;3509502000;CAMPINAS (todos os setores);1;164.0;474.0;2.89;2.27;2890.89;8694660.04;3203.42;8633046.71;1811.89;6217123.98;2606.06;6874640.04
350950205000615;3;Região Sudeste;35;São Paulo;3507;Campinas;35032;Campinas;22;RM Campinas;3509502;CAMPINAS;350950205;CAMPINAS;35095020500;CAMPINAS;3509502000;CAMPINAS (todos os setores);1;130.0;395.0;3.04;2.22;2819.81;8758515.01;3106.57;8758370.52;1574.54;4907415.12;2263.8;5497671.4
350950205000616;3;Região Sudeste;35;São Paulo;3507;Campinas;35032;Campinas;22;RM Campinas;3509502;CAMPINAS;350950205;CAMPINAS;35095020500;CAMPINAS;3509502000;CAMPINAS (todos os setores);1;231.0;762.0;3.3;2.01;1000.65;1640258.47;1249.46;1737755.39;693.4;996312.85;1066.51;1134828.38
350950205000617;3;Região Sudeste;35;São Paulo;3507;Campinas;35032;Campinas;22;RM Campinas;3509502;CAMPINAS;350950205;CAMPINAS;35095020500;CAMPINAS;3509502000;CAMPINAS (todos os setores);1;317.0;825.0;2.6;0.97;2105.12;2234687.65;2262.11;2045568.87;1363.74;1910263.83;1863.43;1678629.6
350950205000618;3;Região Sudeste;35;São Paulo;3507;Campinas;35032;Campinas;22;RM Campinas;3509502;CAMPINAS;350950205;CAMPINAS;35095020500;CAMPINAS;3509502000;CAMPINAS (todos os setores);1;209.0;562.0;2.69;1.18;2380.85;9186131.48;2475.61;9317815.09;1603.33;5558138.04;2101.37;6239942.37
350950205000619;3;Região Sudeste;35;São Paulo;3507;Campinas;35032;Campinas;22;RM Campinas;3509502;CAMPINAS;350950205;CAMPINAS;35095020500;CAMPINAS;3509502000;CAMPINAS (todos os setores);1;228.0;754.0;3.31;1.91;1240.29;1513338.4;1457.66;1461443.18;790.63;1104007.09;1284.29;1159469.47
350950205000620;3;Região Sudeste;35;São Paulo;3507;Campinas;35032;Campinas;22;RM Campinas;3509502;CAMPINAS;350950205;CAMPINAS;35095020500;CAMPINAS;3509502000;CAMPINAS (todos os setores);1;58.0;203.0;3.5;2.11;1122.69;724461.87;1205.85;676964.85;624.4;508486.58;997.88;439298.81
350950205000621;3;Região Sudeste;35;São Paulo;3507;Campinas;35032;Campinas;22;RM Campinas;3509502;CAMPINAS;350950205;CAMPINAS;35095020500;CAMPINAS;3509502000;CAMPINAS (todos os setores);1;92.0;354.0;3.85;2.72;390.07;200005.93;703.65;138946.83;440.56;176431.32;703.89;96069.89
350950205000622;3;Região Sudeste;35;São Paulo;3507;Campinas;35032;Campinas;22;RM Campinas;3509502;CAMPINAS;350950205;CAMPINAS;35095020500;CAMPINAS;3509502000;CAMPINAS (todos os setores);1;223.0;713.0;3.2;1.91;960.95;1251334.91;1217.57;1273172.98;792.97;755442.62;1076.18;720390.5
350950205000623;3;Região Sudeste;35;São Paulo;3507;Campinas;35032;Campinas;22;RM Campinas;3509502;CAMPINAS;350950205;CAMPINAS;35095020500;CAMPINAS;3509502000;CAMPINAS (todos os setores);1;96.0;342.0;3.56;2.78;410.52;153391.87;646.07;88156.83;448.01;163593.87;686.32;86649.15
350950205000624;3;Região Sudeste;35;São Paulo;3507;Campinas;35032;Campinas;22;RM Campinas;3509502;CAMPINAS;350950205;CAMPINAS;35095020500;CAMPINAS;3509502000;CAMPINAS (todos os setores);1;273.0;894.0;3.27;2.32;1094.56;1223995.72;1334.0;1172105.65;871.27;1017441.09;1230.57;994835.79
350950205000625;3;Região Sudeste;35;São Paulo;3507;Campinas;35032;Campinas;22;RM Campinas;3509502;CAMPINAS;350950205;CAMPINAS;35095020500;CAMPINAS;3509502000;CAMPINAS (todos os setores);1;237.0;826.0;3.49;2.63;1936.03;2178380.98;2003.67;2118704.21;1078.93;1536738.88;1501.47;1504079.66
350950205000626;3;Região Sudeste;35;São Paulo;3507;Campinas;35032;Campinas;22;RM Campinas;3509502;CAMPINAS;350950205;CAMPINAS;35095020500;CAMPINAS;3509502000;CAMPINAS (todos os setores);1;250.0;863.0;3.45;2.41;1012.63;1774037.88;1821.28;1717533.16;769.55;1279744.32;1474.18;1413108.71
350950205000627;3;Região Sudeste;35;São Paulo;3507;Campinas;35032;Campinas;22;RM Campinas;3509502;CAMPINAS;350950205;CAMPINAS;35095020500;CAMPINAS;3509502000;CAMPINAS (todos os setores);1;285.0;960.0;3.37;2.03;1019.19;1238896.06;1445.11;1140639.46;716.93;803506.53;1194.89;768003.76
350950205000628;3;Região Sudeste;35;São Paulo;3507;Campinas;35032;Campinas;22;RM Campinas;3509502;CAMPINAS;350950205;CAMPINAS;35095020500;CAMPINAS;3509502000;CAMPINAS (todos os setores);1;283.0;946.0;3.34;2.04;982.65;985927.22;1363.18;848319.97;666.31;782302.87;1118.75;807388.18
350950205000629;3;Região Sudeste;35;São Paulo;3507;Campinas;35032;Campinas;22;RM Campinas;3509502;CAMPINAS;350950205;CAMPINAS;35095020500;CAMPINAS;3509502000;CAMPINAS (todos os setores);1;284.0;939.0;3.31;1.9;1036.9;606226.29;1094.72;576624.58;631.88;460112.75;925.99;401821.85
350950205000630;3;Região Sudeste;35;São Paulo;3507;Campinas;35032;Campinas;22;RM Campinas;3509502;CAMPINAS;350950205;CAMPINAS;35095020500;CAMPINAS;3509502000;CAMPINAS (todos os setores);1;114.0;436.0;3.82;2.77;750.44;533969.97;881.96;511323.5;462.87;339896.09;800.1;317609.03
350950205000631;3;Região Sudeste;35;São Paulo;3507;Campinas;35032;Campinas;22;RM Campinas;3509502;CAMPINAS;350950205;CAMPINAS;35095020500;CAMPINAS;3509502000;CAMPINAS (todos os setores);1;199.0;746.0;3.75;3.08;732.89;306182.38;852.89;253658.47;522.91;265445.75;794.52;187334.8
350950205000632;3;Região Sudeste;35;São Paulo;3507;Campinas;35032;Campinas;22;RM Campinas;3509502;CAMPINAS;350950205;CAMPINAS;35095020500;CAMPINAS;3509502000;CAMPINAS (todos os setores);1;196.0;678.0;3.46;1.96;1111.02;586307.36;1158.3;556335.8;665.61;490070.93;1011.52;394608.04
350950205000633;3;Região Sudeste;35;São Paulo;3507;Campinas;35032;Campinas;22;RM Campinas;3509502;CAMPINAS;350950205;CAMPINAS;35095020500;CAMPINAS;3509502000;CAMPINAS (todos os setores);1;139.0;486.0;3.5;2.4;1169.69;1409797.36;1354.89;1381855.11;750.53;857498.83;1147.87;855365.63
350950205000634;3;Região Sudeste;35;São Paulo;3507;Campinas;35032;Campinas;22;RM Campinas;3509502;CAMPINAS;350950205;CAMPINAS;35095020500;CAMPINAS;3509502000;CAMPINAS (todos os setores);1;236.0;725.0;3.07;2.18;1354.86;1876396.62;1480.31;1864375.3;916.53;1139584.4;1233.5;1142717.8
350950205000635;3;Região Sudeste;35;São Paulo;3507;Campinas;35032;Campinas;22;RM Campinas;3509502;CAMPINAS;350950205;CAMPINAS;35095020500;CAMPINAS;3509502000;CAMPINAS (todos os setores);1;174.0;529.0;3.04;1.77;1318.01;1738094.75;1460.72;1717701.04;861.25;1118855.01;1240.83;1141039.93
350950205000636;3;Região Sudeste;35;São Paulo;3507;Campinas;35032;Campinas;22;RM Campinas;3509502;CAMPINAS;350950205;CAMPINAS;35095020500;CAMPINAS;3509502000;CAMPINAS (todos os setores);1;170.0;560.0;3.29;2.79;1295.46;1281867.04;1367.88;1254294.65;759.87;810996.62;1112.17;795134.1
350950205000637;3;Região Sudeste;35;São Paulo;3507;Campinas;35032;Campinas;22;RM Campinas;3509502;CAMPINAS;350950205;CAMPINAS;35095020500;CAMPINAS;3509502000;CAMPINAS (todos os setores);1;361.0;1180.0;3.27;1.74;1618.4;2044158.27;1765.09;1970297.61;1006.96;1478235.52;1443.39;1488999.94
350950205000638;3;Região Sudeste;35;São Paulo;3507;Campinas;35032;Campinas;22;RM Campinas;3509502;CAMPINAS;350950205;CAMPINAS;35095020500;CAMPINAS;3509502000;CAMPINAS (todos os setores);1;374.0;1225.0;3.28;2.0;2329.2;7479367.72;2413.07;7546492.46;1270.92;3849702.1;1775.04;4482703.33
350950205000639;3;Região Sudeste;35;São Paulo;3507;Campinas;35032;Campinas;22;RM Campinas;3509502;CAMPINAS;350950205;CAMPINAS;35095020500;CAMPINAS;3509502000;CAMPINAS (todos os setores);2;169.0;546.0;3.23;2.24;1927.9;2465587.38;2129.51;2292967.03;1294.7;3005063.5;1954.58;3247670.85
350950205000640;3;Região Sudeste;35;São Paulo;3507;Campinas;35032;Campinas;22;RM Campinas;3509502;CAMPINAS;350950205;CAMPINAS;35095020500;CAMPINAS;3509502000;CAMPINAS (todos os setores);1;203.0;718.0;3.54;1.67;1757.97;8134058.99;2111.64;9028957.11;1254.36;16558746.88;1826.69;23083893.45
350950205000641;3;Região Sudeste;35;São Paulo;3507;Campinas;35032;Campinas;22;RM Campinas;3509502;CAMPINAS;350950205;CAMPINAS;35095020500;CAMPINAS;3509502000;CAMPINAS (todos os setores);1;539.0;1836.0;3.41;1.89;1335.72;1775095.0;1592.81;1707105.82;895.02;1223239.48;1380.96;1216309.72
350950205000642;3;Região Sudeste;35;São Paulo;3507;Campinas;35032;Campinas;22;RM Campinas;3509502;CAMPINAS;350950205;CAMPINAS;35095020500;CAMPINAS;3509502000;CAMPINAS (todos os setores);1;331.0;1106.0;3.34;1.91;1038.34;1738510.74;1735.81;1695399.92;903.86;1520232.54;1534.38;1613430.25
350950205000643;3;Região Sudeste;35;São Paulo;3507;Campinas;35032;Campinas;22;RM Campinas;3509502;CAMPINAS;350950205;CAMPINAS;35095020500;CAMPINAS;3509502000;CAMPINAS (todos os setores);1;242.0;845.0;3.49;2.19;1407.1;1761003.62;1737.34;1599740.4;993.67;2508659.19;1512.81;3035013.31
350950205000644;3;Região Sudeste;35;São Paulo;3507;Campinas;35032;Campinas;22;RM Campinas;3509502;CAMPINAS;350950205;CAMPINAS;35095020500;CAMPINAS;3509502000;CAMPINAS (todos os setores);1;270.0;936.0;3.47;1.56;2593.59;10607435.95;2735.42;10800300.29;1318.77;4918347.27;1990.37;6088503.11
350950205000645;3;Região Sudeste;35;São Paulo;3507;Campinas;35032;Campinas;22;RM Campinas;3509502;CAMPINAS;350950205;CAMPINAS;35095020500;CAMPINAS;3509502000;CAMPINAS (todos os setores);1;259.0;866.0;3.34;1.88;1715.64;2180209.6;1777.41;2148793.05;995.75;1482162.94;1379.7;1524008.4
350950205000646;3;Região Sudeste;35;São Paulo;3507;Campinas;35032;Campinas;22;RM Campinas;3509502;CAMPINAS;350950205;CAMPINAS;35095020500;CAMPINAS;3509502000;CAMPINAS (todos os setores);1;125.0;458.0;3.66;2.93;929.44;1876815.01;1290.89;2143055.38;571.46;977652.12;1027.58;1290718.41
350950205000647;3;Região Sudeste;35;São Paulo;3507;Campinas;35032;Campinas;22;RM Campinas;3509502;CAMPINAS;350950205;CAMPINAS;35095020500;CAMPINAS;3509502000;CAMPINAS (todos os setores);1;280.0;878.0;3.14;1.77;1319.33;1666376.99;1448.67;1642272.59;838.3;1468560.83;1263.55;1676634.48
350950205000648;3;Região Sudeste;35;São Paulo;3507;Campinas;35032;Campinas;22;RM Campinas;3509502;CAMPINAS;350950205;CAMPINAS;35095020500;CAMPINAS;3509502000;CAMPINAS (todos os setores);1;93.0;343.0;3.69;2.67;710.98;337067.35;881.61;266589.86;452.39;262333.22;791.68;190034.21
350950205000649;3;Região Sudeste;35;São Paulo;3507;Campinas;35032;Campinas;22;RM Campinas;3509502;CAMPINAS;350950205;CAMPINAS;35095020500;CAMPINAS;3509502000;CAMPINAS (todos os setores);1;159.0;568.0;3.57;2.87;873.72;2498491.58;1076.91;2863546.14;517.47;1040499.05;896.82;1464658.04
350950205000650;3;Região Sudeste;35;São Paulo;3507;Campinas;35032;Campinas;22;RM Campinas;3509502;CAMPINAS;350950205;CAMPINAS;35095020500;CAMPINAS;3509502000;CAMPINAS (todos os setores);1;149.0;490.0;3.29;2.15;1105.56;1256968.86;1276.96;1232783.76;696.67;774788.47;1090.77;783235.51
350950205000651;3;Região Sudeste;35;São Paulo;3507;Campinas;35032;Campinas;22;RM Campinas;3509502;CAMPINAS;350950205;CAMPINAS;35095020500;CAMPINAS;3509502000;CAMPINAS (todos os setores);1;237.0;777.0;3.28;2.14;871.43;1417633.45;1307.15;1557794.09;615.32;1302616.75;1091.74;1792357.56
350950205000652;3;Região Sudeste;35;São Paulo;3507;Campinas;35032;Campinas;22;RM Campinas;3509502;CAMPINAS;350950205;CAMPINAS;35095020500;CAMPINAS;3509502000;CAMPINAS (todos os setores);1;300.0;1014.0;3.38;2.22;993.75;692508.75;1060.94;667957.8;645.55;490692.56;937.54;438800.65
350950205000653;3;Região Sudeste;35;São Paulo;3507;Campinas;35032;Campinas;22;RM Campinas;3509502;CAMPINAS;350950205;CAMPINAS;35095020500;CAMPINAS;3509502000;CAMPINAS (todos os setores);1;213.0;691.0;3.24;2.17;1170.6;961657.5;1252.95;925947.54;688.38;681704.93;1041.0;663784.4
350950205000654;3;Região Sudeste;35;São Paulo;3507;Campinas;35032;Campinas;22;RM Campinas;3509502;CAMPINAS;350950205;CAMPINAS;35095020500;CAMPINAS;3509502000;CAMPINAS (todos os setores);1;146.0;493.0;3.38;2.69;910.29;991958.39;1063.22;996041.77;561.0;619894.44;924.9;685678.66
350950205000655;3;Região Sudeste;35;São Paulo;3507;Campinas;35032;Campinas;22;RM Campinas;3509502;CAMPINAS;350950205;CAMPINAS;35095020500;CAMPINAS;3509502000;CAMPINAS (todos os setores);1;89.0;344.0;3.87;3.12;738.43;239567.95;900.27;145074.92;521.85;289749.6;875.65;175742.9
350950205000656;3;Região Sudeste;35;São Paulo;3507;Campinas;35032;Campinas;22;RM Campinas;3509502;CAMPINAS;350950205;CAMPINAS;35095020500;CAMPINAS;3509502000;CAMPINAS (todos os setores);1;194.0;581.0;2.99;2.17;1738.45;2064440.3;1842.95;1995573.94;1105.02;1586041.64;1498.62;1561056.01
350950205000657;3;Região Sudeste;35;São Paulo;3507;Campinas;35032;Campinas;22;RM Campinas;3509502;CAMPINAS;350950205;CAMPINAS;35095020500;CAMPINAS;3509502000;CAMPINAS (todos os setores);1;74.0;233.0;3.15;1.88;642.57;215413.87;731.54;179603.85;480.39;237163.52;748.96;168061.01
350950205000658;3;Região Sudeste;35;São Paulo;3507;Campinas;35032;Campinas;22;RM Campinas;3509502;CAMPINAS;350950205;CAMPINAS;35095020500;CAMPINAS;3509502000;CAMPINAS (todos os setores);1;164.0;491.0;2.99;2.13;573.02;805597.12;1044.17;977934.41;436.19;520771.56;960.51;643765.99
350950205000659;3;Região Sudeste;35;São Paulo;3507;Campinas;35032;Campinas;22;RM Campinas;3509502;CAMPINAS;350950205;CAMPINAS;35095020500;CAMPINAS;3509502000;CAMPINAS (todos os setores);1;226.0;699.0;3.09;1.84;2857.43;3891397.83;2948.77;3745794.34;1651.77;3390286.53;2391.03;3139456.89
350950205000660;3;Região Sudeste;35;São Paulo;3507;Campinas;35032;Campinas;22;RM Campinas;3509502;CAMPINAS;350950205;CAMPINAS;35095020500;CAMPINAS;3509502000;CAMPINAS (todos os setores);1;148.0;378.0;2.55;0.94;2520.98;3947140.21;2743.42;3683232.32;2013.13;4200014.78;2630.06;3863200.62
350950205000661;3;Região Sudeste;35;São Paulo;3507;Campinas;35032;Campinas;22;RM Campinas;3509502;CAMPINAS;350950205;CAMPINAS;35095020500;CAMPINAS;3509502000;CAMPINAS (todos os setores);1;184.0;493.0;2.68;1.22;2195.48;1682889.55;2256.81;1590982.24;1349.75;1618916.83;1834.49;1310114.66
350950205000662;3;Região Sudeste;35;São Paulo;3507;Campinas;35032;Campinas;22;RM Campinas;3509502;CAMPINAS;350950205;CAMPINAS;35095020500;CAMPINAS;3509502000;CAMPINAS (todos os setores);1;165.0;534.0;3.24;1.91;1337.38;2154395.38;1634.58;2147307.5;934.61;1338266.91;1349.37;1372598.23
350950205000663;3;Região Sudeste;35;São Paulo;3507;Campinas;35032;Campinas;22;RM Campinas;3509502;CAMPINAS;350950205;CAMPINAS;35095020500;CAMPINAS;3509502000;CAMPINAS (todos os setores);1;194.0;606.0;3.12;1.86;1780.29;2738503.24;1846.94;2717819.93;1151.28;2025806.22;1580.47;2102887.04
350950205000664;3;Região Sudeste;35;São Paulo;3507;Campinas;35032;Campinas;22;RM Campinas;3509502;CAMPINAS;350950205;CAMPINAS;35095020500;CAMPINAS;3509502000;CAMPINAS (todos os setores);1;282.0;777.0;2.76;1.27;1926.53;3625631.24;2273.15;3489466.15;1539.08;2970275.72;2016.53;2928839.97
350950205000665;3;Região Sudeste;35;São Paulo;3507;Campinas;35032;Campinas;22;RM Campinas;3509502;CAMPINAS;350950205;CAMPINAS;35095020500;CAMPINAS;3509502000;CAMPINAS (todos os setores);1;287.0;888.0;3.09;2.06;1819.44;4155177.99;1977.95;4203836.84;1100.44;2353198.28;1576.84;2621207.9
350950205000666;3;Região Sudeste;35;São Paulo;3507;Campinas;35032;Campinas;22;RM Campinas;3509502;CAMPINAS;350950205;CAMPINAS;35095020500;CAMPINAS;3509502000;CAMPINAS (todos os setores);1;180.0;686.0;3.81;3.25;813.42;267248.65;892.78;222197.47;523.51;290848.92;781.34;232495.22
350950205000667;3;Região Sudeste;35;São Paulo;3507;Campinas;35032;Campinas;22;RM Campinas;3509502;CAMPINAS;350950205;CAMPINAS;35095020500;CAMPINAS;3509502000;CAMPINAS (todos os setores);1;286.0;898.0;3.14;2.03;1264.13;1619372.6;1614.02;1502334.27;969.23;1189140.04;1434.32;1092494.32
350950205000668;3;Região Sudeste;35;São Paulo;3507;Campinas;35032;Campinas;22;RM Campinas;3509502;CAMPINAS;350950205;CAMPINAS;35095020500;CAMPINAS;3509502000;CAMPINAS (todos os setores);1;245.0;748.0;3.05;2.2;2130.77;3488365.78;2250.17;3414855.1;1278.82;2487074.79;1812.33;2557912.5
350950205000669;3;Região Sudeste;35;São Paulo;3507;Campinas;35032;Campinas;22;RM Campinas;3509502;CAMPINAS;350950205;CAMPINAS;35095020500;CAMPINAS;3509502000;CAMPINAS (todos os setores);1;205.0;617.0;3.01;1.57;1721.46;2485907.65;1838.02;2439748.94;1096.26;1952353.33;1639.83;2029258.86
350950205000670;3;Região Sudeste;35;São Paulo;3507;Campinas;35032;Campinas;22;RM Campinas;3509502;CAMPINAS;350950205;CAMPINAS;35095020500;CAMPINAS;3509502000;CAMPINAS (todos os setores);1;134.0;434.0;3.24;3.15;792.91;1003732.07;1416.67;908409.01;585.63;655250.13;1146.99;639380.51
350950205000671;3;Região Sudeste;35;São Paulo;3507;Campinas;35032;Campinas;22;RM Campinas;3509502;CAMPINAS;350950205;CAMPINAS;35095020500;CAMPINAS;3509502000;CAMPINAS (todos os setores);1;122.0;480.0;3.93;3.35;472.7;363996.76;915.4;298605.89;471.49;320751.48;856.71;252497.47
350950205000672;3;Região Sudeste;35;São Paulo;3507;Campinas;35032;Campinas;22;RM Campinas;3509502;CAMPINAS;350950205;CAMPINAS;35095020500;CAMPINAS;3509502000;CAMPINAS (todos os setores);1;365.0;1172.0;3.21;2.19;866.27;926260.98;1109.43;916458.57;695.18;653701.59;1016.73;629102.5
350950205000673;3;Região Sudeste;35;São Paulo;3507;Campinas;35032;Campinas;22;RM Campinas;3509502;CAMPINAS;350950205;CAMPINAS;35095020500;CAMPINAS;3509502000;CAMPINAS (todos os setores);1;315.0;992.0;3.15;2.29;1167.9;773820.31;1230.4;738214.21;689.48;600980.9;1030.09;546921.75
350950205000674;3;Região Sudeste;35;São Paulo;3507;Campinas;35032;Campinas;22;RM Campinas;3509502;CAMPINAS;350950205;CAMPINAS;35095020500;CAMPINAS;3509502000;CAMPINAS (todos os setores);1;409.0;1249.0;3.05;1.86;1001.97;1170464.79;1313.47;1125055.21;695.89;836208.76;1174.86;849052.55
350950205000675;3;Região Sudeste;35;São Paulo;3507;Campinas;35032;Campinas;22;RM Campinas;3509502;CAMPINAS;350950205;CAMPINAS;35095020500;CAMPINAS;3509502000;CAMPINAS (todos os setores);1;228.0;701.0;3.07;1.89;934.85;626377.84;1139.81;529571.07;730.72;587801.84;1067.02;499272.1
350950205000676;3;Região Sudeste;35;São Paulo;3507;Campinas;35032;Campinas;22;RM Campinas;3509502;CAMPINAS;350950205;CAMPINAS;35095020500;CAMPINAS;3509502000;CAMPINAS (todos os setores);1;143.0;443.0;3.1;1.92;1269.48;1129739.7;1463.99;1017166.67;724.53;812140.12;1190.3;779694.45
350950205000677;3;Região Sudeste;35;São Paulo;3507;Campinas;35032;Campinas;22;RM Campinas;3509502;CAMPINAS;350950205;CAMPINAS;35095020500;CAMPINAS;3509502000;CAMPINAS (todos os setores);1;221.0;897.0;4.06;4.7;715.9;594582.7;914.53;577801.95;470.99;359440.64;801.83;346618.87
350950205000678;3;Região Sudeste;35;São Paulo;3507;Campinas;35032;Campinas;22;RM Campinas;3509502;CAMPINAS;350950205;CAMPINAS;35095020500;CAMPINAS;3509502000;CAMPINAS (todos os setores);1;180.0;601.0;3.34;1.71;1566.0;2193065.72;1638.84;2175598.9;928.02;1492991.37;1397.15;1592554.61
350950205000679;3;Região Sudeste;35;São Paulo;3507;Campinas;35032;Campinas;22;RM Campinas;3509502;CAMPINAS;350950205;CAMPINAS;35095020500;CAMPINAS;3509502000;CAMPINAS (todos os setores);1;157.0;629.0;4.01;4.75;1285.33;1171327.74;1354.34;1140546.62;776.94;996998.96;1192.85;1034697.4
350950205000680;3;Região Sudeste;35;São Paulo;3507;Campinas;35032;Campinas;22;RM Campinas;3509502;CAMPINAS;350950205;CAMPINAS;35095020500;CAMPINAS;3509502000;CAMPINAS (todos os setores);1;154.0;494.0;3.21;2.11;1500.04;2275043.89;1925.05;2100013.58;1148.11;1754773.93;1609.5;1717237.88
350950205000681;3;Região Sudeste;35;São Paulo;3507;Campinas;35032;Campinas;22;RM Campinas;3509502;CAMPINAS;350950205;CAMPINAS;35095020500;CAMPINAS;3509502000;CAMPINAS (todos os setores);1;239.0;624.0;2.61;1.56;1763.15;1550395.78;1856.36;1458928.12;1277.81;1383798.94;1639.34;1182153.49
350950205000682;3;Região Sudeste;35;São Paulo;3507;Campinas;35032;Campinas;22;RM Campinas;3509502;CAMPINAS;350950205;CAMPINAS;35095020500;CAMPINAS;3509502000;CAMPINAS (todos os setores);1;241.0;611.0;2.54;1.27;1281.47;1797177.2;1806.05;1584199.92;1126.53;1531168.24;1663.27;1367504.36
350950205000683;3;Região Sudeste;35;São Paulo;3507;Campinas;35032;Campinas;22;RM Campinas;3509502;CAMPINAS;350950205;CAMPINAS;35095020500;CAMPINAS;3509502000;CAMPINAS (todos os setores);1;239.0;608.0;2.54;1.47;1730.62;1784393.61;1906.07;1630161.56;1205.22;1392946.99;1617.06;1202489.44
350950205000684;3;Região Sudeste;35;São Paulo;3507;Campinas;35032;Campinas;22;RM Campinas;3509502;CAMPINAS;350950205;CAMPINAS;35095020500;CAMPINAS;3509502000;CAMPINAS (todos os setores);1;237.0;716.0;3.02;1.29;2139.63;1899126.47;2204.75;1812979.58;1399.21;1964546.02;1794.08;1810213.67
350950205000685;3;Região Sudeste;35;São Paulo;3507;Campinas;35032;Campinas;22;RM Campinas;3509502;CAMPINAS;350950205;CAMPINAS;35095020500;CAMPINAS;3509502000;CAMPINAS (todos os setores);1;179.0;467.0;2.61;1.3;905.79;2159373.37;1801.52;2686939.98;708.8;1256141.83;1434.47;1502406.17
350950205000686;3;Região Sudeste;35;São Paulo;3507;Campinas;35032;Campinas;22;RM Campinas;3509502;CAMPINAS;350950205;CAMPINAS;35095020500;CAMPINAS;3509502000;CAMPINAS (todos os setores);1;209.0;554.0;2.65;1.43;708.76;760176.81;1299.39;625005.09;663.93;981277.15;1293.47;1097902.46
350950205000687;3;Região Sudeste;35;São Paulo;3507;Campinas;35032;Campinas;22;RM Campinas;3509502;CAMPINAS;350950205;CAMPINAS;35095020500;CAMPINAS;3509502000;CAMPINAS (todos os setores);1;277.0;817.0;2.95;2.08;1298.52;2577872.65;1524.11;2682339.66;978.12;1376419.72;1290.84;1412876.74
350950205000688;3;Região Sudeste;35;São Paulo;3507;Campinas;35032;Campinas;22;RM Campinas;3509502;CAMPINAS;350950205;CAMPINAS;35095020500;CAMPINAS;3509502000;CAMPINAS (todos os setores);1;270.0;865.0;3.2;2.27;492.49;656754.54;1303.66;681227.97;592.98;1320845.64;1334.21;1984830.94
350950205000689;3;Região Sudeste;35;São Paulo;3507;Campinas;35032;Campinas;22;RM Campinas;3509502;CAMPINAS;350950205;CAMPINAS;35095020500;CAMPINAS;3509502000;CAMPINAS (todos os setores);1;160.0;512.0;3.2;2.44;1179.56;1032279.0;1387.71;924793.35;799.29;854243.12;1218.72;791134.22
350950205000690;3;Região Sudeste;35;São Paulo;3507;Campinas;35032;Campinas;22;RM Campinas;3509502;CAMPINAS;350950205;CAMPINAS;35095020500;CAMPINAS;3509502000;CAMPINAS (todos os setores);1;164.0;530.0;3.23;3.28;1065.34;1015976.79;1323.61;919704.27;834.16;1003814.08;1212.64;1000302.64
350950205000691;3;Região Sudeste;35;São Paulo;3507;Campinas;35032;Campinas;22;RM Campinas;3509502;CAMPINAS;350950205;CAMPINAS;35095020500;CAMPINAS;3509502000;CAMPINAS (todos os setores);1;220.0;713.0;3.24;2.78;1413.2;1498774.93;1509.24;1455471.43;827.53;979976.38;1180.9;981152.57
350950205000692;3;Região Sudeste;35;São Paulo;3507;Campinas;35032;Campinas;22;RM Campinas;3509502;CAMPINAS;350950205;CAMPINAS;35095020500;CAMPINAS;3509502000;CAMPINAS (todos os setores);1;152.0;453.0;2.98;2.22;1083.8;824184.23;1176.69;785239.41;689.21;644276.23;1083.05;585676.83
350950205000693;3;Região Sudeste;35;São Paulo;3507;Campinas;35032;Campinas;22;RM Campinas;3509502;CAMPINAS;350950205;CAMPINAS;35095020500;CAMPINAS;3509502000;CAMPINAS (todos os setores);1;162.0;526.0;3.25;2.88;1319.02;1166970.09;1424.55;1109624.41;834.38;918587.9;1238.37;862883.5
350950205000694;3;Região Sudeste;35;São Paulo;3507;Campinas;35032;Campinas;22;RM Campinas;3509502;CAMPINAS;350950205;CAMPINAS;35095020500;CAMPINAS;3509502000;CAMPINAS (todos os setores);1;173.0;498.0;2.88;2.05;1275.14;1341415.82;1336.97;1323688.32;768.93;996446.38;1236.37;1024371.95
350950205000695;3;Região Sudeste;35;São Paulo;3507;Campinas;35032;Campinas;22;RM Campinas;3509502;CAMPINAS;350950205;CAMPINAS;35095020500;CAMPINAS;3509502000;CAMPINAS (todos os setores);1;113.0;326.0;2.88;2.16;1259.92;1117210.72;1318.25;1091805.14;635.33;816317.17;1222.11;853375.53
350950205000696;3;Região Sudeste;35;São Paulo;3507;Campinas;35032;Campinas;22;RM Campinas;3509502;CAMPINAS;350950205;CAMPINAS;35095020500;CAMPINAS;3509502000;CAMPINAS (todos os setores);1;162.0;535.0;3.3;3.13;1445.62;1460697.28;1540.73;1409927.84;863.92;961700.82;1200.7;932145.37
350950205000697;3;Região Sudeste;35;São Paulo;3507;Campinas;35032;Campinas;22;RM Campinas;3509502;CAMPINAS;350950205;CAMPINAS;35095020500;CAMPINAS;3509502000;CAMPINAS (todos os setores);1;276.0;933.0;3.38;1.57;2036.26;3147901.77;2275.34;2972806.31;1131.19;2415093.74;1892.21;2600242.26
350950205000698;3;Região Sudeste;35;São Paulo;3507;Campinas;35032;Campinas;22;RM Campinas;3509502;CAMPINAS;350950205;CAMPINAS;35095020500;CAMPINAS;3509502000;CAMPINAS (todos os setores);1;171.0;506.0;2.96;1.87;1142.67;596653.66;1170.04;578814.59;812.66;549943.89;1019.72;478729.23
350950205000699;3;Região Sudeste;35;São Paulo;3507;Campinas;35032;Campinas;22;RM Campinas;3509502;CAMPINAS;350950205;CAMPINAS;35095020500;CAMPINAS;3509502000;CAMPINAS (todos os setores);1;171.0;538.0;3.15;2.34;934.38;939028.35;1342.68;799974.29;574.38;610537.39;1109.07;585772.16
350950205000700;3;Região Sudeste;35;São Paulo;3507;Campinas;35032;Campinas;22;RM Campinas;3509502;CAMPINAS;350950205;CAMPINAS;35095020500;CAMPINAS;3509502000;CAMPINAS (todos os setores);1;278.0;990.0;3.56;3.14;652.62;490162.87;743.56;490848.95;418.0;282416.79;677.69;281881.53
350950205000701;3;Região Sudeste;35;São Paulo;3507;Campinas;35032;Campinas;22;RM Campinas;3509502;CAMPINAS;350950205;CAMPINAS;35095020500;CAMPINAS;3509502000;CAMPINAS (todos os setores);1;166.0;533.0;3.21;2.01;1025.47;1467262.89;1158.01;1503669.34;769.56;801137.95;1000.22;810577.14
350950205000702;3;Região Sudeste;35;São Paulo;3507;Campinas;35032;Campinas;22;RM Campinas;3509502;CAMPINAS;350950205;CAMPINAS;35095020500;CAMPINAS;3509502000;CAMPINAS (todos os setores);1;158.0;480.0;3.04;2.1;1476.83;2088839.94;1666.71;2040589.36;975.85;1484436.88;1346.99;1549294.93
350950205000703;3;Região Sudeste;35;São Paulo;3507;Campinas;35032;Campinas;22;RM Campinas;3509502;CAMPINAS;350950205;CAMPINAS;35095020500;CAMPINAS;3509502000;CAMPINAS (todos os setores);1;320.0;988.0;3.09;1.94;1611.15;2003744.26;1663.12;1981874.18;1007.6;1525173.67;1400.25;1569781.73
350950205000704;3;Região Sudeste;35;São Paulo;3507;Campinas;35032;Campinas;22;RM Campinas;3509502;CAMPINAS;350950205;CAMPINAS;35095020500;CAMPINAS;3509502000;CAMPINAS (todos os setores);1;229.0;644.0;2.81;1.54;5468.15;33717425.24;5878.91;33835966.23;3417.62;23999398.43;4717.62;27002629.26
350950205000705;3;Região Sudeste;35;São Paulo;3507;Campinas;35032;Campinas;22;RM Campinas;3509502;CAMPINAS;350950205;CAMPINAS;35095020500;CAMPINAS;3509502000;CAMPINAS (todos os setores);1;165.0;460.0;2.79;1.63;2460.18;10864609.11;2761.43;11366512.33;1678.58;5917891.29;2234.74;6637943.19
350950205000706;3;Região Sudeste;35;São Paulo;3507;Campinas;35032;Campinas;22;RM Campinas;3509502;CAMPINAS;350950205;CAMPINAS;35095020500;CAMPINAS;3509502000;CAMPINAS (todos os setores);1;174.0;510.0;2.93;1.83;2349.36;4690446.66;2620.44;4520214.16;1562.51;3840768.58;2111.73;4031511.4
350950205000707;3;Região Sudeste;35;São Paulo;3507;Campinas;35032;Campinas;22;RM Campinas;3509502;CAMPINAS;350950205;CAMPINAS;35095020500;CAMPINAS;3509502000;CAMPINAS (todos os setores);1;246.0;792.0;3.22;2.25;2957.62;9891456.29;3109.29;9927268.96;1653.13;5199709.67;2238.03;5731409.76
350950205000708;3;Região Sudeste;35;São Paulo;3507;Campinas;35032;Campinas;22;RM Campinas;3509502;CAMPINAS;350950205;CAMPINAS;35095020500;CAMPINAS;3509502000;CAMPINAS (todos os setores);1;197.0;754.0;3.83;3.29;923.73;475280.18;1005.39;434975.58;634.05;427771.87;875.66;379105.54
350950205000709;3;Região Sudeste;35;São Paulo;3507;Campinas;35032;Campinas;22;RM Campinas;3509502;CAMPINAS;350950205;CAMPINAS;35095020500;CAMPINAS;3509502000;CAMPINAS (todos os setores);1;105.0;383.0;3.65;2.83;410.02;136630.35;623.94;73525.64;272.0;108368.44;558.03;62416.65
350950205000710;3;Região Sudeste;35;São Paulo;3507;Campinas;35032;Campinas;22;RM Campinas;3509502;CAMPINAS;350950205;CAMPINAS;35095020500;CAMPINAS;3509502000;CAMPINAS (todos os setores);1;184.0;588.0;3.2;2.09;2158.16;4214936.43;2349.71;4138498.2;1276.56;2648189.35;1862.24;2772829.21
350950205000711;3;Região Sudeste;35;São Paulo;3507;Campinas;35032;Campinas;22;RM Campinas;3509502;CAMPINAS;350950205;CAMPINAS;35095020500;CAMPINAS;3509502000;CAMPINAS (todos os setores);1;164.0;523.0;3.19;2.36;2181.39;3429869.28;2278.65;3360732.84;1300.91;2241602.26;1823.52;2188972.28
350950205000712;3;Região Sudeste;35;São Paulo;3507;Campinas;35032;Campinas;22;RM Campinas;3509502;CAMPINAS;350950205;CAMPINAS;35095020500;CAMPINAS;3509502000;CAMPINAS (todos os setores);1;170.0;528.0;3.11;2.31;1653.8;3079351.16;1757.16;3090254.04;1012.6;1851739.68;1410.51;2018635.06
350950205000713;3;Região Sudeste;35;São Paulo;3507;Campinas;35032;Campinas;22;RM Campinas;3509502;CAMPINAS;350950205;CAMPINAS;35095020500;CAMPINAS;3509502000;CAMPINAS (todos os setores);1;126.0;374.0;2.97;1.63;1775.98;5298514.27;2071.98;5570820.3;1141.01;2817305.17;1688.89;3246684.04
350950205000714;3;Região Sudeste;35;São Paulo;3507;Campinas;35032;Campinas;22;RM Campinas;3509502;CAMPINAS;350950205;CAMPINAS;35095020500;CAMPINAS;3509502000;CAMPINAS (todos os setores);1;268.0;1045.0;3.9;3.26;727.29;287409.69;890.02;206514.9;450.26;222519.86;741.3;150469.88
350950205000715;3;Região Sudeste;35;São Paulo;3507;Campinas;35032;Campinas;22;RM Campinas;3509502;CAMPINAS;350950205;CAMPINAS;35095020500;CAMPINAS;3509502000;CAMPINAS (todos os setores);1;181.0;592.0;3.27;2.04;1083.4;1001198.13;1324.97;903709.54;842.0;1055556.4;1212.21;1070931.98
350950205000716;3;Região Sudeste;35;São Paulo;3507;Campinas;35032;Campinas;22;RM Campinas;3509502;CAMPINAS;350950205;CAMPINAS;35095020500;CAMPINAS;3509502000;CAMPINAS (todos os setores);1;159.0;564.0;3.55;2.78;1322.5;2022984.24;1523.75;2024185.14;905.73;1181268.75;1292.07;1185977.73
350950205000717;3;Região Sudeste;35;São Paulo;3507;Campinas;35032;Campinas;22;RM Campinas;3509502;CAMPINAS;350950205;CAMPINAS;35095020500;CAMPINAS;3509502000;CAMPINAS (todos os setores);1;173.0;580.0;3.35;2.06;2965.84;231959601.17;3443.56;267918504.14;1663.37;78674021.97;2245.12;104951529.01
350950205000718;3;Região Sudeste;35;São Paulo;3507;Campinas;35032;Campinas;22;RM Campinas;3509502;CAMPINAS;350950205;CAMPINAS;35095020500;CAMPINAS;3509502000;CAMPINAS (todos os setores);1;288.0;939.0;3.26;2.62;1220.03;1654681.54;1495.19;1616291.96;769.86;1114758.26;1298.64;1193901.32
350950205000719;3;Região Sudeste;35;São Paulo;3507;Campinas;35032;Campinas;22;RM Campinas;3509502;CAMPINAS;350950205;CAMPINAS;35095020500;CAMPINAS;3509502000;CAMPINAS (todos os setores);1;171.0;551.0;3.22;1.67;1932.44;7661674.82;2278.95;8249875.57;1198.11;4236790.52;1852.3;5341775.4
350950205000720;3;Região Sudeste;35;São Paulo;3507;Campinas;35032;Campinas;22;RM Campinas;3509502;CAMPINAS;350950205;CAMPINAS;35095020500;CAMPINAS;3509502000;CAMPINAS (todos os setores);1;180.0;625.0;3.47;2.46;1048.74;509317.43;1110.44;470545.51;666.04;432332.13;954.53;343983.46
350950205000721;3;Região Sudeste;35;São Paulo;3507;Campinas;35032;Campinas;22;RM Campinas;3509502;CAMPINAS;350950205;CAMPINAS;35095020500;CAMPINAS;3509502000;CAMPINAS (todos os setores);1;241.0;732.0;3.04;2.12;1788.84;5001562.27;1950.72;5139019.79;1084.26;2932308.35;1558.18;3476735.3
350950205000722;3;Região Sudeste;35;São Paulo;3507;Campinas;35032;Campinas;22;RM Campinas;3509502;CAMPINAS;350950205;CAMPINAS;35095020500;CAMPINAS;3509502000;CAMPINAS (todos os setores);1;;;;;;;;;360.0;171000.0;720.0;38700.0
350950205000723;3;Região Sudeste;35;São Paulo;3507;Campinas;35032;Campinas;22;RM Campinas;3509502;CAMPINAS;350950205;CAMPINAS;35095020500;CAMPINAS;3509502000;CAMPINAS (todos os setores);1;283.0;915.0;3.23;1.29;10054.26;54826779.06;10089.91;54660872.32;4982.95;39954743.55;7313.84;41599749.85
350950205000724;3;Região Sudeste;35;São Paulo;3507;Campinas;35032;Campinas;22;RM Campinas;3509502;CAMPINAS;350950205;CAMPINAS;35095020500;CAMPINAS;3509502000;CAMPINAS (todos os setores);1;295.0;844.0;2.86;1.4;1938.37;2734791.9;2315.06;2392809.65;1290.35;2446331.99;1838.81;2477688.84
350950205000725;3;Região Sudeste;35;São Paulo;3507;Campinas;35032;Campinas;22;RM Campinas;3509502;CAMPINAS;350950205;CAMPINAS;35095020500;CAMPINAS;3509502000;CAMPINAS (todos os setores);1;286.0;783.0;2.74;1.48;2105.25;2241724.69;2173.65;2165604.15;1389.18;1901254.64;1795.13;1727784.72
350950205000726;3;Região Sudeste;35;São Paulo;3507;Campinas;35032;Campinas;22;RM Campinas;3509502;CAMPINAS;350950205;CAMPINAS;35095020500;CAMPINAS;3509502000;CAMPINAS (todos os setores);1;125.0;453.0;3.62;3.04;505.28;330353.54;865.21;253207.58;509.31;419659.7;867.79;403884.38
350950205000727;3;Região Sudeste;35;São Paulo;3507;Campinas;35032;Campinas;22;RM Campinas;3509502;CAMPINAS;350950205;CAMPINAS;35095020500;CAMPINAS;3509502000;CAMPINAS (todos os setores);1;229.0;708.0;3.09;2.12;671.66;640192.57;1018.6;617334.92;666.53;770445.11;1046.46;812130.56
350950205000728;3;Região Sudeste;35;São Paulo;3507;Campinas;35032;Campinas;22;RM Campinas;3509502;CAMPINAS;350950205;CAMPINAS;35095020500;CAMPINAS;3509502000;CAMPINAS (todos os setores);1;213.0;640.0;3.0;1.71;1194.73;2359772.49;1398.23;2477824.95;754.04;1547450.07;1201.28;1929112.06
350950205000729;3;Região Sudeste;35;São Paulo;3507;Campinas;35032;Campinas;22;RM Campinas;3509502;CAMPINAS;350950205;CAMPINAS;35095020500;CAMPINAS;3509502000;CAMPINAS (todos os setores);1;302.0;1014.0;3.36;2.3;805.46;971944.8;1192.4;977500.61;682.12;771230.53;1100.27;783955.15
350950205000730;3;Região Sudeste;35;São Paulo;3507;Campinas;35032;Campinas;22;RM Campinas;3509502;CAMPINAS;350950205;CAMPINAS;35095020500;CAMPINAS;3509502000;CAMPINAS (todos os setores);1;70.0;258.0;3.69;3.64;811.43;387349.55;931.15;332118.03;517.86;331488.21;849.92;261281.24
350950205000731;3;Região Sudeste;35;São Paulo;3507;Campinas;35032;Campinas;22;RM Campinas;3509502;CAMPINAS;350950205;CAMPINAS;35095020500;CAMPINAS;3509502000;CAMPINAS (todos os setores);1;253.0;806.0;3.19;2.06;1272.24;917509.45;1411.74;820752.34;763.58;702927.52;1153.43;611953.32
350950205000732;3;Região Sudeste;35;São Paulo;3507;Campinas;35032;Campinas;22;RM Campinas;3509502;CAMPINAS;350950205;CAMPINAS;35095020500;CAMPINAS;3509502000;CAMPINAS (todos os setores);1;174.0;541.0;3.11;1.5;1221.65;835204.17;1296.14;789300.81;761.89;693622.33;1132.08;611297.06
350950205000733;3;Região Sudeste;35;São Paulo;3507;Campinas;35032;Campinas;22;RM Campinas;3509502;CAMPINAS;350950205;CAMPINAS;35095020500;CAMPINAS;3509502000;CAMPINAS (todos os setores);1;193.0;671.0;3.48;2.38;678.02;297456.23;812.78;246730.78;469.03;261708.79;765.11;200207.94
350950205000734;3;Região Sudeste;35;São Paulo;3507;Campinas;35032;Campinas;22;RM Campinas;3509502;CAMPINAS;350950205;CAMPINAS;35095020500;CAMPINAS;3509502000;CAMPINAS (todos os setores);1;255.0;822.0;3.22;1.99;1089.25;627537.12;1218.24;544344.61;707.65;571431.16;1089.63;463436.02
350950205000735;3;Região Sudeste;35;São Paulo;3507;Campinas;35032;Campinas;22;RM Campinas;3509502;CAMPINAS;350950205;CAMPINAS;35095020500;CAMPINAS;3509502000;CAMPINAS (todos os setores);1;216.0;662.0;3.06;1.75;1174.56;698268.66;1219.74;669886.22;761.19;628957.62;1083.38;545916.7
350950205000736;3;Região Sudeste;35;São Paulo;3507;Campinas;35032;Campinas;22;RM Campinas;3509502;CAMPINAS;350950205;CAMPINAS;35095020500;CAMPINAS;3509502000;CAMPINAS (todos os setores);1;288.0;841.0;2.92;1.75;1076.11;5971260.78;1534.26;7819717.11;872.62;2871725.77;1333.12;3775145.66
350950205000737;3;Região Sudeste;35;São Paulo;3507;Campinas;35032;Campinas;22;RM Campinas;3509502;CAMPINAS;350950205;CAMPINAS;35095020500;CAMPINAS;3509502000;CAMPINAS (todos os setores);1;190.0;619.0;3.26;2.52;620.16;687780.84;1280.77;573081.41;597.53;552924.96;1184.68;400130.76
350950205000738;3;Região Sudeste;35;São Paulo;3507;Campinas;35032;Campinas;22;RM Campinas;3509502;CAMPINAS;350950205;CAMPINAS;35095020500;CAMPINAS;3509502000;CAMPINAS (todos os setores);1;234.0;786.0;3.36;2.72;1165.42;1217141.36;1370.39;1149980.39;817.72;784555.22;1162.98;714142.44
350950205000739;3;Região Sudeste;35;São Paulo;3507;Campinas;35032;Campinas;22;RM Campinas;3509502;CAMPINAS;350950205;CAMPINAS;35095020500;CAMPINAS;3509502000;CAMPINAS (todos os setores);1;283.0;882.0;3.12;1.71;1378.91;1872147.1;1719.08;1748670.2;1133.71;2622141.07;1582.88;2950602.29
350950205000740;3;Região Sudeste;35;São Paulo;3507;Campinas;35032;Campinas;22;RM Campinas;3509502;CAMPINAS;350950205;CAMPINAS;35095020500;CAMPINAS;3509502000;CAMPINAS (todos os setores);1;142.0;562.0;3.96;4.75;589.72;228186.53;715.73;186399.79;374.69;184106.57;675.6;128451.99
350950205000741;3;Região Sudeste;35;São Paulo;3507;Campinas;35032;Campinas;22;RM Campinas;3509502;CAMPINAS;350950205;CAMPINAS;35095020500;CAMPINAS;3509502000;CAMPINAS (todos os setores);1;193.0;644.0;3.34;2.11;2845.89;7784614.65;2906.12;7774276.53;1578.49;4687348.73;2130.79;5151619.86
350950205000742;3;Região Sudeste;35;São Paulo;3507;Campinas;35032;Campinas;22;RM Campinas;3509502;CAMPINAS;350950205;CAMPINAS;35095020500;CAMPINAS;3509502000;CAMPINAS (todos os setores);1;195.0;629.0;3.23;2.24;1406.54;3095247.56;1632.59;3224418.78;946.1;1603583.55;1321.35;1744113.31
350950205000743;3;Região Sudeste;35;São Paulo;3507;Campinas;35032;Campinas;22;RM Campinas;3509502;CAMPINAS;350950205;CAMPINAS;35095020500;CAMPINAS;3509502000;CAMPINAS (todos os setores);1;212.0;758.0;3.58;3.14;1047.92;1268002.08;1322.37;1236983.82;905.77;1043375.22;1231.06;1017580.26
350950205000744;3;Região Sudeste;35;São Paulo;3507;Campinas;35032;Campinas;22;RM Campinas;3509502;CAMPINAS;350950205;CAMPINAS;35095020500;CAMPINAS;3509502000;CAMPINAS (todos os setores);1;314.0;1014.0;3.23;2.35;1263.1;1735027.13;1411.43;1729400.1;897.12;1154731.2;1240.18;1170869.73
350950205000745;3;Região Sudeste;35;São Paulo;3507;Campinas;35032;Campinas;22;RM Campinas;3509502;CAMPINAS;350950205;CAMPINAS;35095020500;CAMPINAS;3509502000;CAMPINAS (todos os setores);1;239.0;779.0;3.26;2.71;1280.54;1066938.46;1403.9;996214.33;741.81;730430.37;1124.47;676817.85
350950205000746;3;Região Sudeste;35;São Paulo;3507;Campinas;35032;Campinas;22;RM Campinas;3509502;CAMPINAS;350950205;CAMPINAS;35095020500;CAMPINAS;3509502000;CAMPINAS (todos os setores);1;386.0;1297.0;3.36;1.65;4000.75;17599248.97;4766.33;17317150.77;1993.88;10770333.59;3532.19;13650474.51
350950205000747;3;Região Sudeste;35;São Paulo;3507;Campinas;35032;Campinas;22;RM Campinas;3509502;CAMPINAS;350950205;CAMPINAS;35095020500;CAMPINAS;3509502000;CAMPINAS (todos os setores);1;348.0;1107.0;3.18;1.99;5507.94;33827281.34;6046.57;33878601.37;3309.72;26710321.32;4769.89;31536207.48
350950205000748;3;Região Sudeste;35;São Paulo;3507;Campinas;35032;Campinas;22;RM Campinas;3509502;CAMPINAS;350950205;CAMPINAS;35095020500;CAMPINAS;3509502000;CAMPINAS (todos os setores);1;179.0;567.0;3.17;3.7;3279.05;31479880.55;3473.08;32675802.38;1977.38;14109561.92;2659.92;17172118.82
350950205000749;3;Região Sudeste;35;São Paulo;3507;Campinas;35032;Campinas;22;RM Campinas;3509502;CAMPINAS;350950205;CAMPINAS;35095020500;CAMPINAS;3509502000;CAMPINAS (todos os setores);1;345.0;1129.0;3.27;2.02;5134.74;46389758.69;5335.8;47135660.04;2549.19;20931602.9;3747.13;26286632.3
350950205000750;3;Região Sudeste;35;São Paulo;3507;Campinas;35032;Campinas;22;RM Campinas;3509502;CAMPINAS;350950205;CAMPINAS;35095020500;CAMPINAS;3509502000;CAMPINAS (todos os setores);1;139.0;461.0;3.32;2.26;1595.76;3149773.88;1732.89;3183077.41;923.53;1867431.51;1377.08;2161002.88
350950205000751;3;Região Sudeste;35;São Paulo;3507;Campinas;35032;Campinas;22;RM Campinas;3509502;CAMPINAS;350950205;CAMPINAS;35095020500;CAMPINAS;3509502000;CAMPINAS (todos os setores);1;39.0;162.0;4.15;4.29;653.08;246869.23;849.0;151409.31;466.72;200465.83;744.52;111902.18
350950205000752;3;Região Sudeste;35;São Paulo;3507;Campinas;35032;Campinas;22;RM Campinas;3509502;CAMPINAS;350950205;CAMPINAS;35095020500;CAMPINAS;3509502000;CAMPINAS (todos os setores);1;334.0;1101.0;3.3;1.13;9253.65;457861910.79;13041.01;596450623.33;5834.75;183042223.11;9677.6;266541463.91
350950205000753;3;Região Sudeste;35;São Paulo;3507;Campinas;35032;Campinas;22;RM Campinas;3509502;CAMPINAS;350950205;CAMPINAS;35095020500;CAMPINAS;3509502000;CAMPINAS (todos os setores);1;153.0;531.0;3.47;4.25;899.12;756736.38;1118.41;695543.77;716.13;617925.09;1069.66;544589.42
350950205000754;3;Região Sudeste;35;São Paulo;3507;Campinas;35032;Campinas;22;RM Campinas;3509502;CAMPINAS;350950205;CAMPINAS;35095020500;CAMPINAS;3509502000;CAMPINAS (todos os setores);1;109.0;375.0;3.44;3.01;933.25;478549.04;1142.97;344885.03;649.38;502344.61;1020.04;410572.53
350950205000755;3;Região Sudeste;35;São Paulo;3507;Campinas;35032;Campinas;22;RM Campinas;3509502;CAMPINAS;350950205;CAMPINAS;35095020500;CAMPINAS;3509502000;CAMPINAS (todos os setores);1;156.0;506.0;3.24;1.53;7089.62;91820213.15;8132.21;96881827.52;3869.18;65997603.73;5704.73;86907093.77
350950205000756;3;Região Sudeste;35;São Paulo;3507;Campinas;35032;Campinas;22;RM Campinas;3509502;CAMPINAS;350950205;CAMPINAS;35095020500;CAMPINAS;3509502000;CAMPINAS (todos os setores);2;19.0;59.0;3.11;1.65;1102.32;479063.23;1102.32;479063.23;871.04;2141786.74;1258.17;2619901.11
350950205000757;3;Região Sudeste;35;São Paulo;3507;Campinas;35032;Campinas;22;RM Campinas;3509502;CAMPINAS;350950205;CAMPINAS;35095020500;CAMPINAS;3509502000;CAMPINAS (todos os setores);1;139.0;463.0;3.33;1.08;5962.31;42173317.69;7269.83;41914096.99;4229.93;35255397.33;6196.62;39475992.3
350950205000758;3;Região Sudeste;35;São Paulo;3507;Campinas;35032;Campinas;22;RM Campinas;3509502;CAMPINAS;350950205;CAMPINAS;35095020500;CAMPINAS;3509502000;CAMPINAS (todos os setores);1;294.0;1046.0;3.56;1.4;16656.12;1236135182.87;16885.86;1249351545.45;6501.43;423663582.74;9909.35;612263859.16
350950205000759;3;Região Sudeste;35;São Paulo;3507;Campinas;35032;Campinas;22;RM Campinas;3509502;CAMPINAS;350950205;CAMPINAS;35095020500;CAMPINAS;3509502000;CAMPINAS (todos os setores);1;367.0;1209.0;3.29;2.13;10004.18;66873073.51;10580.79;64619945.97;4704.69;47955209.3;7931.63;55264430.13
350950205000760;3;Região Sudeste;35;São Paulo;3507;Campinas;35032;Campinas;22;RM Campinas;3509502;CAMPINAS;350950205;CAMPINAS;35095020500;CAMPINAS;3509502000;CAMPINAS (todos os setores);1;322.0;949.0;2.95;1.48;1118.96;1653126.75;1233.92;1681211.95;738.64;973137.78;1061.63;1055922.49
350950205000761;3;Região Sudeste;35;São Paulo;3507;Campinas;35032;Campinas;22;RM Campinas;3509502;CAMPINAS;350950205;CAMPINAS;35095020500;CAMPINAS;3509502000;CAMPINAS (todos os setores);1;293.0;920.0;3.14;1.94;929.31;636849.7;1080.5;576857.33;640.88;491074.71;967.17;425384.53
350950205000762;3;Região Sudeste;35;São Paulo;3507;Campinas;35032;Campinas;22;RM Campinas;3509502;CAMPINAS;350950205;CAMPINAS;35095020500;CAMPINAS;3509502000;CAMPINAS (todos os setores);1;322.0;908.0;2.82;1.57;1191.36;906373.79;1341.32;819010.82;768.0;743574.51;1183.1;654186.19
350950205000763;3;Região Sudeste;35;São Paulo;3507;Campinas;35032;Campinas;22;RM Campinas;3509502;CAMPINAS;350950205;CAMPINAS;35095020500;CAMPINAS;3509502000;CAMPINAS (todos os setores);1;321.0;1011.0;3.15;1.94;909.41;1165664.88;1186.67;1192144.66;650.05;754921.26;1090.41;786212.62
350950205000764;3;Região Sudeste;35;São Paulo;3507;Campinas;35032;Campinas;22;RM Campinas;3509502;CAMPINAS;350950205;CAMPINAS;35095020500;CAMPINAS;3509502000;CAMPINAS (todos os setores);1;304.0;947.0;3.12;1.61;1067.01;607057.74;1192.54;528487.15;689.24;505107.48;1025.32;406625.86
350950205000765;3;Região Sudeste;35;São Paulo;3507;Campinas;35032;Campinas;22;RM Campinas;3509502;CAMPINAS;350950205;CAMPINAS;35095020500;CAMPINAS;3509502000;CAMPINAS (todos os setores);1;236.0;671.0;2.84;1.6;1080.75;498020.95;1244.19;369365.23;745.45;517013.55;1103.11;370137.52
350950205000766;3;Região Sudeste;35;São Paulo;3507;Campinas;35032;Campinas;22;RM Campinas;3509502;CAMPINAS;350950205;CAMPINAS;35095020500;CAMPINAS;3509502000;CAMPINAS (todos os setores);1;363.0;1164.0;3.21;2.06;1163.99;1295228.38;1224.72;1288408.39;715.58;785038.32;1039.11;803817.68
350950205000767;3;Região Sudeste;35;São Paulo;3507;Campinas;35032;Campinas;22;RM Campinas;3509502;CAMPINAS;350950205;CAMPINAS;35095020500;CAMPINAS;3509502000;CAMPINAS (todos os setores);1;101.0;349.0;3.46;3.19;726.34;331563.45;843.22;285836.03;431.15;246068.61;746.51;190315.1
350950205000768;3;Região Sudeste;35;São Paulo;3507;Campinas;35032;Campinas;22;RM Campinas;3509502;CAMPINAS;350950205;CAMPINAS;35095020500;CAMPINAS;3509502000;CAMPINAS (todos os setores);1;149.0;525.0;3.52;3.33;819.04;255557.86;897.33;209394.16;484.9;248658.21;767.03;176671.73
350950205000769;3;Região Sudeste;35;São Paulo;3507;Campinas;35032;Campinas;22;RM Campinas;3509502;CAMPINAS;350950205;CAMPINAS;35095020500;CAMPINAS;3509502000;CAMPINAS (todos os setores);1;151.0;535.0;3.54;2.25;676.68;169201.11;774.08;117771.02;425.9;179500.62;725.09;88280.66
350950205000770;3;Região Sudeste;35;São Paulo;3507;Campinas;35032;Campinas;22;RM Campinas;3509502;CAMPINAS;350950205;CAMPINAS;35095020500;CAMPINAS;3509502000;CAMPINAS (todos os setores);1;274.0;799.0;2.92;1.99;1199.46;2018807.35;1319.89;2062723.23;744.58;1110583.15;1067.84;1247840.93
350950205000771;3;Região Sudeste;35;São Paulo;3507;Campinas;35032;Campinas;22;RM Campinas;3509502;CAMPINAS;350950205;CAMPINAS;35095020500;CAMPINAS;3509502000;CAMPINAS (todos os setores);1;212.0;634.0;2.99;1.55;1504.62;2215590.85;1910.06;2037128.31;1283.96;2172165.27;1776.36;2130409.58
350950205000772;3;Região Sudeste;35;São Paulo;3507;Campinas;35032;Campinas;22;RM Campinas;3509502;CAMPINAS;350950205;CAMPINAS;35095020500;CAMPINAS;3509502000;CAMPINAS (todos os setores);1;311.0;1010.0;3.25;1.87;1598.57;1546780.19;1821.08;1356175.08;1050.72;1412115.16;1510.2;1335603.86
350950205000773;3;Região Sudeste;35;São Paulo;3507;Campinas;35032;Campinas;22;RM Campinas;3509502;CAMPINAS;350950205;CAMPINAS;35095020500;CAMPINAS;3509502000;CAMPINAS (todos os setores);1;233.0;692.0;2.97;2.06;840.99;417234.8;1047.86;302481.42;675.47;395521.16;1026.52;240338.67
350950205000774;3;Região Sudeste;35;São Paulo;3507;Campinas;35032;Campinas;22;RM Campinas;3509502;CAMPINAS;350950205;CAMPINAS;35095020500;CAMPINAS;3509502000;CAMPINAS (todos os setores);1;123.0;457.0;3.72;3.8;904.89;236208.32;951.3;203900.56;532.15;275182.04;844.92;172232.26
350950205000775;3;Região Sudeste;35;São Paulo;3507;Campinas;35032;Campinas;22;RM Campinas;3509502;CAMPINAS;350950205;CAMPINAS;35095020500;CAMPINAS;3509502000;CAMPINAS (todos os setores);1;187.0;476.0;2.55;1.11;1819.79;1641631.9;1922.6;1536114.43;1261.82;1588250.84;1701.48;1392896.08
350950205000776;3;Região Sudeste;35;São Paulo;3507;Campinas;35032;Campinas;22;RM Campinas;3509502;CAMPINAS;350950205;CAMPINAS;35095020500;CAMPINAS;3509502000;CAMPINAS (todos os setores);1;245.0;735.0;3.0;2.05;1124.36;743774.96;1192.5;707434.85;821.98;663407.52;1102.65;580281.94
350950205000777;3;Região Sudeste;35;São Paulo;3507;Campinas;35032;Campinas;22;RM Campinas;3509502;CAMPINAS;350950205;CAMPINAS;35095020500;CAMPINAS;3509502000;CAMPINAS (todos os setores);1;179.0;551.0;3.08;2.75;1309.37;1793002.57;1403.46;1789775.76;792.72;1023882.03;1127.22;1079030.92
350950205000778;3;Região Sudeste;35;São Paulo;3507;Campinas;35032;Campinas;22;RM Campinas;3509502;CAMPINAS;350950205;CAMPINAS;35095020500;CAMPINAS;3509502000;CAMPINAS (todos os setores);1;205.0;684.0;3.34;2.19;1068.91;564481.43;1184.47;488219.12;634.37;524266.46;1050.12;431004.44
350950205000779;3;Região Sudeste;35;São Paulo;3507;Campinas;35032;Campinas;22;RM Campinas;3509502;CAMPINAS;350950205;CAMPINAS;35095020500;CAMPINAS;3509502000;CAMPINAS (todos os setores);1;217.0;661.0;3.05;2.01;914.69;1229146.84;1272.36;1254857.84;635.42;757075.79;1104.33;798058.13
350950205000780;3;Região Sudeste;35;São Paulo;3507;Campinas;35032;Campinas;22;RM Campinas;3509502;CAMPINAS;350950205;CAMPINAS;35095020500;CAMPINAS;3509502000;CAMPINAS (todos os setores);1;204.0;628.0;3.08;2.09;829.45;675417.24;1235.09;503466.95;556.4;536948.95;1127.33;443949.46
350950205000781;3;Região Sudeste;35;São Paulo;3507;Campinas;35032;Campinas;22;RM Campinas;3509502;CAMPINAS;350950205;CAMPINAS;35095020500;CAMPINAS;3509502000;CAMPINAS (todos os setores);1;282.0;884.0;3.13;1.92;944.48;466241.77;1024.4;423662.12;619.41;414494.36;914.31;342061.91
350950205000782;3;Região Sudeste;35;São Paulo;3507;Campinas;35032;Campinas;22;RM Campinas;3509502;CAMPINAS;350950205;CAMPINAS;35095020500;CAMPINAS;3509502000;CAMPINAS (todos os setores);1;117.0;491.0;4.2;5.14;412.21;170966.27;634.58;121432.57;387.88;171391.79;658.41;112563.0
350950205000783;3;Região Sudeste;35;São Paulo;3507;Campinas;35032;Campinas;22;RM Campinas;3509502;CAMPINAS;350950205;CAMPINAS;35095020500;CAMPINAS;3509502000;CAMPINAS (todos os setores);1;370.0;1142.0;3.09;1.94;1023.12;2565324.77;1472.97;3032464.32;634.52;1271455.78;1213.56;1729899.18
350950205000784;3;Região Sudeste;35;São Paulo;3507;Campinas;35032;Campinas;22;RM Campinas;3509502;CAMPINAS;350950205;CAMPINAS;35095020500;CAMPINAS;3509502000;CAMPINAS (todos os setores);1;323.0;1059.0;3.28;2.28;1050.0;758462.66;1177.61;700166.43;642.02;585396.21;1013.31;547640.18
350950205000785;3;Região Sudeste;35;São Paulo;3507;Campinas;35032;Campinas;22;RM Campinas;3509502;CAMPINAS;350950205;CAMPINAS;35095020500;CAMPINAS;3509502000;CAMPINAS (todos os setores);1;151.0;506.0;3.35;1.71;1842.19;2014644.86;1972.84;1898951.1;1217.51;1589559.51;1668.31;1425564.45
350950205000786;3;Região Sudeste;35;São Paulo;3507;Campinas;35032;Campinas;22;RM Campinas;3509502;CAMPINAS;350950205;CAMPINAS;35095020500;CAMPINAS;3509502000;CAMPINAS (todos os setores);1;198.0;743.0;3.75;2.49;1271.04;812705.03;1375.22;735623.14;762.69;628315.33;1171.6;485770.47
350950205000787;3;Região Sudeste;35;São Paulo;3507;Campinas;35032;Campinas;22;RM Campinas;3509502;CAMPINAS;350950205;CAMPINAS;35095020500;CAMPINAS;3509502000;CAMPINAS (todos os setores);1;166.0;553.0;3.33;1.81;1365.87;5421520.98;1511.56;5781996.72;862.53;2395977.55;1319.01;3063961.99
350950205000788;3;Região Sudeste;35;São Paulo;3507;Campinas;35032;Campinas;22;RM Campinas;3509502;CAMPINAS;350950205;CAMPINAS;35095020500;CAMPINAS;3509502000;CAMPINAS (todos os setores);1;220.0;747.0;3.4;2.84;891.45;417044.72;1005.73;355251.98;535.39;362270.41;861.4;301888.48
350950205000789;3;Região Sudeste;35;São Paulo;3507;Campinas;35032;Campinas;22;RM Campinas;3509502;CAMPINAS;350950205;CAMPINAS;35095020500;CAMPINAS;3509502000;CAMPINAS (todos os setores);1;123.0;409.0;3.33;2.16;4988.05;20865174.85;5155.71;20700707.75;2774.74;13708000.19;3635.86;14835161.36
350950205000790;3;Região Sudeste;35;São Paulo;3507;Campinas;35032;Campinas;22;RM Campinas;3509502;CAMPINAS;350950205;CAMPINAS;35095020500;CAMPINAS;3509502000;CAMPINAS (todos os setores);1;329.0;740.0;2.25;1.22;4339.37;9532611.3;4546.67;9043933.14;2915.6;8888334.37;3950.55;7952897.78
350950205000791;3;Região Sudeste;35;São Paulo;3507;Campinas;35032;Campinas;22;RM Campinas;3509502;CAMPINAS;350950205;CAMPINAS;35095020500;CAMPINAS;3509502000;CAMPINAS (todos os setores);1;206.0;491.0;2.38;1.04;4306.94;18682306.21;5128.5;18028861.68;3470.39;14663002.59;4630.77;14190885.06
350950205000792;3;Região Sudeste;35;São Paulo;3507;Campinas;35032;Campinas;22;RM Campinas;3509502;CAMPINAS;350950205;CAMPINAS;35095020500;CAMPINAS;3509502000;CAMPINAS (todos os setores);1;166.0;499.0;3.01;2.04;998.86;2596273.23;2072.63;3168903.15;798.93;1894660.53;1747.2;2489438.11
350950205000793;3;Região Sudeste;35;São Paulo;3507;Campinas;35032;Campinas;22;RM Campinas;3509502;CAMPINAS;350950205;CAMPINAS;35095020500;CAMPINAS;3509502000;CAMPINAS (todos os setores);1;189.0;557.0;2.95;1.77;2537.97;13281165.49;4244.93;14982783.42;1660.01;7830753.76;3008.77;10143153.23
350950205000794;3;Região Sudeste;35;São Paulo;3507;Campinas;35032;Campinas;22;RM Campinas;3509502;CAMPINAS;350950205;CAMPINAS;35095020500;CAMPINAS;3509502000;CAMPINAS (todos os setores);1;212.0;716.0;3.38;2.39;2041.56;5729369.6;2174.92;5814009.97;1176.1;2970354.37;1682.77;3398339.8
350950205000795;3;Região Sudeste;35;São Paulo;3507;Campinas;35032;Campinas;22;RM Campinas;3509502;CAMPINAS;350950205;CAMPINAS;35095020500;CAMPINAS;3509502000;CAMPINAS (todos os setores);1;200.0;740.0;3.7;2.61;833.35;331060.58;915.77;288089.74;508.51;260113.49;783.35;185226.98
350950205000796;3;Região Sudeste;35;São Paulo;3507;Campinas;35032;Campinas;22;RM Campinas;3509502;CAMPINAS;350950205;CAMPINAS;35095020500;CAMPINAS;3509502000;CAMPINAS (todos os setores);1;149.0;524.0;3.52;3.22;780.99;368394.76;881.57;326855.3;499.78;279851.93;794.07;210712.44
350950205000797;3;Região Sudeste;35;São Paulo;3507;Campinas;35032;Campinas;22;RM Campinas;3509502;CAMPINAS;350950205;CAMPINAS;35095020500;CAMPINAS;3509502000;CAMPINAS (todos os setores);1;213.0;685.0;3.22;1.85;2138.29;11106248.9;2189.69;11261419.67;1189.87;5107240.58;1621.64;6262769.04
350950205000798;3;Região Sudeste;35;São Paulo;3507;Campinas;35032;Campinas;22;RM Campinas;3509502;CAMPINAS;350950205;CAMPINAS;35095020500;CAMPINAS;3509502000;CAMPINAS (todos os setores);1;154.0;469.0;3.05;2.25;3085.86;26419217.21;3468.77;28383601.84;2294.06;21609072.89;3270.42;27633745.23
350950205000799;3;Região Sudeste;35;São Paulo;3507;Campinas;35032;Campinas;22;RM Campinas;3509502;CAMPINAS;350950205;CAMPINAS;35095020500;CAMPINAS;3509502000;CAMPINAS (todos os setores);1;161.0;599.0;3.72;3.03;649.67;200295.12;798.45;126810.17;412.22;194715.25;744.75;103798.26
350950205000800;3;Região Sudeste;35;São Paulo;3507;Campinas;35032;Campinas;22;RM Campinas;3509502;CAMPINAS;350950205;CAMPINAS;35095020500;CAMPINAS;3509502000;CAMPINAS (todos os setores);1;288.0;883.0;3.07;2.1;840.83;826427.8;1169.85;764612.58;808.9;998459.04;1176.17;1019863.75
350950205000801;3;Região Sudeste;35;São Paulo;3507;Campinas;35032;Campinas;22;RM Campinas;3509502;CAMPINAS;350950205;CAMPINAS;35095020500;CAMPINAS;3509502000;CAMPINAS (todos os setores);1;254.0;920.0;3.62;2.89;753.31;307658.47;854.2;262481.73;472.76;244991.68;729.88;190463.49
350950205000802;3;Região Sudeste;35;São Paulo;3507;Campinas;35032;Campinas;22;RM Campinas;3509502;CAMPINAS;350950205;CAMPINAS;35095020500;CAMPINAS;3509502000;CAMPINAS (todos os setores);1;211.0;699.0;3.31;1.97;984.42;810317.7;1251.28;695370.6;584.23;567037.39;1036.71;537021.02
350950205000803;3;Região Sudeste;35;São Paulo;3507;Campinas;35032;Campinas;22;RM Campinas;3509502;CAMPINAS;350950205;CAMPINAS;35095020500;CAMPINAS;3509502000;CAMPINAS (todos os setores);1;26.0;88.0;3.38;4.25;887.27;414842.68;887.27;414842.68;475.6;316940.69;789.07;277593.55
350950205000804;3;Região Sudeste;35;São Paulo;3507;Campinas;35032;Campinas;22;RM Campinas;3509502;CAMPINAS;350950205;CAMPINAS;35095020500;CAMPINAS;3509502000;CAMPINAS (todos os setores);1;189.0;626.0;3.31;3.67;1045.34;744674.92;1142.02;702896.32;641.04;535334.83;957.17;496638.19
350950205000805;3;Região Sudeste;35;São Paulo;3507;Campinas;35032;Campinas;22;RM Campinas;3509502;CAMPINAS;350950205;CAMPINAS;35095020500;CAMPINAS;3509502000;CAMPINAS (todos os setores);1;163.0;596.0;3.66;4.1;527.38;252819.4;803.39;162546.32;498.62;243924.95;792.21;154688.95
350950205000806;3;Região Sudeste;35;São Paulo;3507;Campinas;35032;Campinas;22;RM Campinas;3509502;CAMPINAS;350950205;CAMPINAS;35095020500;CAMPINAS;3509502000;CAMPINAS (todos os setores);1;175.0;596.0;3.41;2.31;481.11;487794.47;1107.83;428133.29;402.23;391783.83;974.22;391672.7
350950205000807;3;Região Sudeste;35;São Paulo;3507;Campinas;35032;Campinas;22;RM Campinas;3509502;CAMPINAS;350950205;CAMPINAS;35095020500;CAMPINAS;3509502000;CAMPINAS (todos os setores);1;221.0;691.0;3.13;1.77;1152.57;1021099.01;1319.78;948176.11;891.65;890352.09;1227.02;813553.86
350950205000808;3;Região Sudeste;35;São Paulo;3507;Campinas;35032;Campinas;22;RM Campinas;3509502;CAMPINAS;350950205;CAMPINAS;35095020500;CAMPINAS;3509502000;CAMPINAS (todos os setores);1;272.0;977.0;3.59;3.17;1695.68;1890737.57;1780.8;1833853.59;919.54;1251500.99;1347.19;1257422.43
350950205000809;3;Região Sudeste;35;São Paulo;3507;Campinas;35032;Campinas;22;RM Campinas;3509502;CAMPINAS;350950205;CAMPINAS;35095020500;CAMPINAS;3509502000;CAMPINAS (todos os setores);1;241.0;746.0;3.1;2.22;1100.03;1352529.43;1606.72;1160253.8;725.91;849079.99;1267.98;795654.04
350950205000810;3;Região Sudeste;35;São Paulo;3507;Campinas;35032;Campinas;22;RM Campinas;3509502;CAMPINAS;350950205;CAMPINAS;35095020500;CAMPINAS;3509502000;CAMPINAS (todos os setores);1;140.0;542.0;3.87;2.34;1060.25;1048223.86;1400.33;906888.7;693.92;789797.19;1211.21;751876.11
350950205000811;3;Região Sudeste;35;São Paulo;3507;Campinas;35032;Campinas;22;RM Campinas;3509502;CAMPINAS;350950205;CAMPINAS;35095020500;CAMPINAS;3509502000;CAMPINAS (todos os setores);1;238.0;869.0;3.65;2.05;1307.32;681500.46;1376.74;621855.52;746.73;543648.61;1076.18;428744.88
350950205000812;3;Região Sudeste;35;São Paulo;3507;Campinas;35032;Campinas;22;RM Campinas;3509502;CAMPINAS;350950205;CAMPINAS;35095020500;CAMPINAS;3509502000;CAMPINAS (todos os setores);1;277.0;951.0;3.43;2.22;833.75;924572.79;1160.55;907616.33;661.48;651396.89;1059.38;621646.57
350950205000813;3;Região Sudeste;35;São Paulo;3507;Campinas;35032;Campinas;22;RM Campinas;3509502;CAMPINAS;350950205;CAMPINAS;35095020500;CAMPINAS;3509502000;CAMPINAS (todos os setores);1;193.0;658.0;3.41;1.62;1384.15;951242.04;1428.56;918142.46;812.39;753682.24;1172.14;665543.23
350950205000814;3;Região Sudeste;35;São Paulo;3507;Campinas;35032;Campinas;22;RM Campinas;3509502;CAMPINAS;350950205;CAMPINAS;35095020500;CAMPINAS;3509502000;CAMPINAS (todos os setores);1;26.0;53.0;2.04;0.68;5192.31;7240738.46;5192.31;7240738.46;4322.5;8207959.57;4610.67;7408756.36
350950205000815;3;Região Sudeste;35;São Paulo;3507;Campinas;35032;Campinas;22;RM Campinas;3509502;CAMPINAS;350950205;CAMPINAS;35095020500;CAMPINAS;3509502000;CAMPINAS (todos os setores);1;246.0;509.0;2.07;1.0;4491.73;15083283.63;5092.0;14037590.05;3314.11;12947850.94;4355.69;12479053.96
350950205000816;3;Região Sudeste;35;São Paulo;3507;Campinas;35032;Campinas;22;RM Campinas;3509502;CAMPINAS;350950205;CAMPINAS;35095020500;CAMPINAS;3509502000;CAMPINAS (todos os setores);1;206.0;552.0;2.68;1.17;5881.36;48846288.88;6806.52;50240707.57;3569.8;30867137.8;5388.38;36811406.28
350950205000817;3;Região Sudeste;35;São Paulo;3507;Campinas;35032;Campinas;22;RM Campinas;3509502;CAMPINAS;350950205;CAMPINAS;35095020500;CAMPINAS;3509502000;CAMPINAS (todos os setores);1;334.0;806.0;2.41;1.02;4173.86;31606658.91;5032.74;33795935.98;2807.73;19477431.79;4061.77;23090339.08
350950205000818;3;Região Sudeste;35;São Paulo;3507;Campinas;35032;Campinas;22;RM Campinas;3509502;CAMPINAS;350950205;CAMPINAS;35095020500;CAMPINAS;3509502000;CAMPINAS (todos os setores);1;152.0;390.0;2.57;1.0;3512.73;8365358.22;3925.99;7722324.75;2545.28;7327492.2;3481.48;6761152.33
350950205000819;3;Região Sudeste;35;São Paulo;3507;Campinas;35032;Campinas;22;RM Campinas;3509502;CAMPINAS;350950205;CAMPINAS;35095020500;CAMPINAS;3509502000;CAMPINAS (todos os setores);1;185.0;479.0;2.59;1.32;3987.78;16241222.78;4582.24;15936461.22;2644.5;11184843.88;3653.14;11768023.54
350950205000820;3;Região Sudeste;35;São Paulo;3507;Campinas;35032;Campinas;22;RM Campinas;3509502;CAMPINAS;350950205;CAMPINAS;35095020500;CAMPINAS;3509502000;CAMPINAS (todos os setores);1;356.0;903.0;2.54;2.16;3080.4;11674806.27;3679.94;11741032.6;2075.31;8169245.93;2932.42;9031290.8
350950205000821;3;Região Sudeste;35;São Paulo;3507;Campinas;35032;Campinas;22;RM Campinas;3509502;CAMPINAS;350950205;CAMPINAS;35095020500;CAMPINAS;3509502000;CAMPINAS (todos os setores);1;302.0;939.0;3.11;1.89;1437.93;2773952.6;1670.21;2834326.31;863.74;1525728.48;1343.94;1728982.56
350950205000822;3;Região Sudeste;35;São Paulo;3507;Campinas;35032;Campinas;22;RM Campinas;3509502;CAMPINAS;350950205;CAMPINAS;35095020500;CAMPINAS;3509502000;CAMPINAS (todos os setores);1;188.0;576.0;3.06;1.95;1949.78;3746989.75;2106.66;3717813.14;1145.38;2630333.26;1725.99;2962489.62
350950205000823;3;Região Sudeste;35;São Paulo;3507;Campinas;35032;Campinas;22;RM Campinas;3509502;CAMPINAS;350950205;CAMPINAS;35095020500;CAMPINAS;3509502000;CAMPINAS (todos os setores);1;179.0;534.0;2.98;1.65;1048.11;3261596.31;1454.36;3940216.67;894.84;2012391.82;1374.72;2433217.73
350950205000824;3;Região Sudeste;35;São Paulo;3507;Campinas;35032;Campinas;22;RM Campinas;3509502;CAMPINAS;350950205;CAMPINAS;35095020500;CAMPINAS;3509502000;CAMPINAS (todos os setores);1;197.0;747.0;3.79;3.78;1036.71;1912667.15;1160.4;1997827.6;671.56;872716.39;970.53;971302.28
350950205000825;3;Região Sudeste;35;São Paulo;3507;Campinas;35032;Campinas;22;RM Campinas;3509502;CAMPINAS;350950205;CAMPINAS;35095020500;CAMPINAS;3509502000;CAMPINAS (todos os setores);1;171.0;581.0;3.4;2.48;2032.68;2352995.55;2158.93;2225781.91;1127.25;1610314.83;1588.13;1536565.79
350950205000826;3;Região Sudeste;35;São Paulo;3507;Campinas;35032;Campinas;22;RM Campinas;3509502;CAMPINAS;350950205;CAMPINAS;35095020500;CAMPINAS;3509502000;CAMPINAS (todos os setores);1;403.0;1356.0;3.36;2.11;3962.07;17697936.0;4280.73;17757402.89;2020.21;10217249.62;3016.27;12253029.85
350950205000827;3;Região Sudeste;35;São Paulo;3507;Campinas;35032;Campinas;22;RM Campinas;3509502;CAMPINAS;350950205;CAMPINAS;35095020500;CAMPINAS;3509502000;CAMPINAS (todos os setores);1;292.0;839.0;2.87;1.36;1711.9;7765682.36;2082.82;8679511.64;1127.8;5906409.1;1722.63;8001351.65
350950205000828;3;Região Sudeste;35;São Paulo;3507;Campinas;35032;Campinas;22;RM Campinas;3509502;CAMPINAS;350950205;CAMPINAS;35095020500;CAMPINAS;3509502000;CAMPINAS (todos os setores);1;262.0;761.0;2.9;2.26;1205.89;681815.98;1391.82;527479.18;854.8;906963.48;1314.0;790523.27
350950205000829;3;Região Sudeste;35;São Paulo;3507;Campinas;35032;Campinas;22;RM Campinas;3509502;CAMPINAS;350950205;CAMPINAS;35095020500;CAMPINAS;3509502000;CAMPINAS (todos os setores);1;304.0;981.0;3.23;1.75;1316.07;1459513.4;1717.1;1214593.55;810.13;1193287.38;1458.91;1202416.22
350950205000830;3;Região Sudeste;35;São Paulo;3507;Campinas;35032;Campinas;22;RM Campinas;3509502;CAMPINAS;350950205;CAMPINAS;35095020500;CAMPINAS;3509502000;CAMPINAS (todos os setores);1;309.0;876.0;2.83;1.38;1221.5;1085266.23;1462.96;946009.78;885.34;885369.5;1309.52;753828.5
350950205000831;3;Região Sudeste;35;São Paulo;3507;Campinas;35032;Campinas;22;RM Campinas;3509502;CAMPINAS;350950205;CAMPINAS;35095020500;CAMPINAS;3509502000;CAMPINAS (todos os setores);1;182.0;629.0;3.46;1.48;1497.91;1108472.96;1672.52;944649.81;965.93;1046482.33;1388.98;916878.56
350950205000832;3;Região Sudeste;35;São Paulo;3507;Campinas;35032;Campinas;22;RM Campinas;3509502;CAMPINAS;350950205;CAMPINAS;35095020500;CAMPINAS;3509502000;CAMPINAS (todos os setores);1;169.0;472.0;2.79;1.32;1799.86;3452732.44;1925.17;3451869.73;1145.38;2847857.8;1599.0;3251721.54
350950205000833;3;Região Sudeste;35;São Paulo;3507;Campinas;35032;Campinas;22;RM Campinas;3509502;CAMPINAS;350950205;CAMPINAS;35095020500;CAMPINAS;3509502000;CAMPINAS (todos os setores);1;160.0;444.0;2.78;1.43;1809.47;2715282.26;1892.25;2682645.05;1155.32;1750008.57;1479.13;1761575.81
350950205000834;3;Região Sudeste;35;São Paulo;3507;Campinas;35032;Campinas;22;RM Campinas;3509502;CAMPINAS;350950205;CAMPINAS;35095020500;CAMPINAS;3509502000;CAMPINAS (todos os setores);1;191.0;541.0;2.83;1.29;1550.18;1475012.73;1701.64;1360745.42;1037.21;1103076.61;1409.86;973617.62
350950205000835;3;Região Sudeste;35;São Paulo;3507;Campinas;35032;Campinas;22;RM Campinas;3509502;CAMPINAS;350950205;CAMPINAS;35095020500;CAMPINAS;3509502000;CAMPINAS (todos os setores);1;190.0;544.0;2.86;1.35;1719.02;1241089.02;1755.99;1202656.72;1107.32;1056427.95;1423.69;907423.45
350950205000836;3;Região Sudeste;35;São Paulo;3507;Campinas;35032;Campinas;22;RM Campinas;3509502;CAMPINAS;350950205;CAMPINAS;35095020500;CAMPINAS;3509502000;CAMPINAS (todos os setores);1;170.0;453.0;2.66;1.15;1514.94;1496902.07;1866.23;1186168.18;1086.31;1438130.76;1653.45;1250455.76
350950205000837;3;Região Sudeste;35;São Paulo;3507;Campinas;35032;Campinas;22;RM Campinas;3509502;CAMPINAS;350950205;CAMPINAS;35095020500;CAMPINAS;3509502000;CAMPINAS (todos os setores);1;209.0;701.0;3.35;1.64;1700.2;1612252.67;1831.66;1495521.81;1016.42;1257450.48;1483.88;1141834.85
350950205000838;3;Região Sudeste;35;São Paulo;3507;Campinas;35032;Campinas;22;RM Campinas;3509502;CAMPINAS;350950205;CAMPINAS;35095020500;CAMPINAS;3509502000;CAMPINAS (todos os setores);1;228.0;785.0;3.44;2.12;1166.63;1917398.39;1652.12;1913201.72;901.5;1178354.22;1422.36;1118186.32
350950205000839;3;Região Sudeste;35;São Paulo;3507;Campinas;35032;Campinas;22;RM Campinas;3509502;CAMPINAS;350950205;CAMPINAS;35095020500;CAMPINAS;3509502000;CAMPINAS (todos os setores);1;147.0;505.0;3.44;1.51;1460.82;2227035.22;1544.9;2225308.29;854.81;1217631.45;1231.85;1290493.18
350950205000840;3;Região Sudeste;35;São Paulo;3507;Campinas;35032;Campinas;22;RM Campinas;3509502;CAMPINAS;350950205;CAMPINAS;35095020500;CAMPINAS;3509502000;CAMPINAS (todos os setores);1;153.0;550.0;3.59;2.37;673.1;784946.38;1240.78;742066.76;583.05;508912.15;1058.29;420443.41
350950205000841;3;Região Sudeste;35;São Paulo;3507;Campinas;35032;Campinas;22;RM Campinas;3509502;CAMPINAS;350950205;CAMPINAS;35095020500;CAMPINAS;3509502000;CAMPINAS (todos os setores);1;297.0;950.0;3.2;2.22;1141.32;845530.75;1283.98;767747.78;745.72;669760.43;1136.91;576182.95
350950205000842;3;Região Sudeste;35;São Paulo;3507;Campinas;35032;Campinas;22;RM Campinas;3509502;CAMPINAS;350950205;CAMPINAS;35095020500;CAMPINAS;3509502000;CAMPINAS (todos os setores);1;232.0;740.0;3.19;2.09;1060.06;831377.08;1211.5;766359.16;687.13;625481.31;1057.62;570763.12
350950205000843;3;Região Sudeste;35;São Paulo;3507;Campinas;35032;Campinas;22;RM Campinas;3509502;CAMPINAS;350950205;CAMPINAS;35095020500;CAMPINAS;3509502000;CAMPINAS (todos os setores);1;159.0;573.0;3.6;3.29;573.47;143695.29;712.35;79055.73;379.02;175241.24;723.29;85032.17
350950205000844;3;Região Sudeste;35;São Paulo;3507;Campinas;35032;Campinas;22;RM Campinas;3509502;CAMPINAS;350950205;CAMPINAS;35095020500;CAMPINAS;3509502000;CAMPINAS (todos os setores);1;239.0;745.0;3.12;1.94;1221.17;1624410.39;1376.7;1617145.44;794.93;1012531.93;1189.79;1045752.75
350950205000845;3;Região Sudeste;35;São Paulo;3507;Campinas;35032;Campinas;22;RM Campinas;3509502;CAMPINAS;350950205;CAMPINAS;35095020500;CAMPINAS;3509502000;CAMPINAS (todos os setores);1;396.0;1176.0;2.97;2.44;2933.2;13503232.25;3347.39;14025048.82;1833.9;8977909.15;2674.87;10848098.05
350950205000846;3;Região Sudeste;35;São Paulo;3507;Campinas;35032;Campinas;22;RM Campinas;3509502;CAMPINAS;350950205;CAMPINAS;35095020500;CAMPINAS;3509502000;CAMPINAS (todos os setores);1;241.0;755.0;3.13;2.67;1513.76;1758659.81;1635.95;1700461.23;934.82;1172978.34;1273.74;1166535.73
350950205000847;3;Região Sudeste;35;São Paulo;3507;Campinas;35032;Campinas;22;RM Campinas;3509502;CAMPINAS;350950205;CAMPINAS;35095020500;CAMPINAS;3509502000;CAMPINAS (todos os setores);1;211.0;672.0;3.18;2.6;1604.44;4484495.99;1667.67;4556132.99;998.31;2140273.23;1291.41;2390693.1
350950205000848;3;Região Sudeste;35;São Paulo;3507;Campinas;35032;Campinas;22;RM Campinas;3509502;CAMPINAS;350950205;CAMPINAS;35095020500;CAMPINAS;3509502000;CAMPINAS (todos os setores);1;220.0;720.0;3.27;2.54;1038.56;659215.4;1159.82;595222.75;727.7;541841.49;1026.87;457205.66
350950205000849;3;Região Sudeste;35;São Paulo;3507;Campinas;35032;Campinas;22;RM Campinas;3509502;CAMPINAS;350950205;CAMPINAS;35095020500;CAMPINAS;3509502000;CAMPINAS (todos os setores);1;102.0;384.0;3.76;2.44;767.2;213001.66;859.93;158400.55;492.1;194070.94;732.42;112449.51
350950205000850;3;Região Sudeste;35;São Paulo;3507;Campinas;35032;Campinas;22;RM Campinas;3509502;CAMPINAS;350950205;CAMPINAS;35095020500;CAMPINAS;3509502000;CAMPINAS (todos os setores);1;114.0;451.0;3.96;3.49;641.35;129930.0;709.84;94845.45;453.13;166492.13;663.9;103764.33
350950205000851;3;Região Sudeste;35;São Paulo;3507;Campinas;35032;Campinas;22;RM Campinas;3509502;CAMPINAS;350950205;CAMPINAS;35095020500;CAMPINAS;3509502000;CAMPINAS (todos os setores);1;76.0;288.0;3.79;2.14;841.0;278353.73;900.23;244158.32;594.9;256497.62;810.36;174354.36
350950205000852;3;Região Sudeste;35;São Paulo;3507;Campinas;35032;Campinas;22;RM Campinas;3509502;CAMPINAS;350950205;CAMPINAS;35095020500;CAMPINAS;3509502000;CAMPINAS (todos os setores);1;61.0;222.0;3.64;3.57;831.0;253944.07;889.32;219295.68;584.94;330750.43;794.41;282461.56
350950205000853;3;Região Sudeste;35;São Paulo;3507;Campinas;35032;Campinas;22;RM Campinas;3509502;CAMPINAS;350950205;CAMPINAS;35095020500;CAMPINAS;3509502000;CAMPINAS (todos os setores);2;186.0;669.0;3.6;2.36;1383.73;1419361.33;1462.35;1384838.98;777.71;907607.62;1140.9;917123.25
350950205000854;3;Região Sudeste;35;São Paulo;3507;Campinas;35032;Campinas;22;RM Campinas;3509502;CAMPINAS;350950205;CAMPINAS;35095020500;CAMPINAS;3509502000;CAMPINAS (todos os setores);1;73.0;289.0;3.96;2.01;879.01;197772.93;943.65;150630.71;489.3;249623.94;821.08;145755.94
350950205000855;3;Região Sudeste;35;São Paulo;3507;Campinas;35032;Campinas;22;RM Campinas;3509502;CAMPINAS;350950205;CAMPINAS;35095020500;CAMPINAS;3509502000;CAMPINAS (todos os setores);1;358.0;1326.0;3.7;3.04;747.64;270817.5;926.14;169808.47;439.34;287805.03;857.38;203088.76
350950205000856;3;Região Sudeste;35;São Paulo;3507;Campinas;35032;Campinas;22;RM Campinas;3509502;CAMPINAS;350950205;CAMPINAS;35095020500;CAMPINAS;3509502000;CAMPINAS (todos os setores);1;205.0;693.0;3.38;2.78;733.67;309834.13;874.43;245820.39;544.31;290725.2;825.52;208571.6
350950205000857;3;Região Sudeste;35;São Paulo;3507;Campinas;35032;Campinas;22;RM Campinas;3509502;CAMPINAS;350950205;CAMPINAS;35095020500;CAMPINAS;3509502000;CAMPINAS (todos os setores);1;222.0;716.0;3.23;2.16;725.63;547944.76;988.28;486328.7;603.03;407033.94;921.04;328590.2
350950205000858;3;Região Sudeste;35;São Paulo;3507;Campinas;35032;Campinas;22;RM Campinas;3509502;CAMPINAS;350950205;CAMPINAS;35095020500;CAMPINAS;3509502000;CAMPINAS (todos os setores);1;60.0;185.0;3.08;1.98;1325.33;1519703.28;1472.59;1470800.7;803.59;884448.46;1137.29;872107.11
350950205000859;3;Região Sudeste;35;São Paulo;3507;Campinas;35032;Campinas;22;RM Campinas;3509502;CAMPINAS;350950205;CAMPINAS;35095020500;CAMPINAS;3509502000;CAMPINAS (todos os setores);1;210.0;694.0;3.3;2.38;1247.85;1140149.07;1386.5;1074246.11;772.1;791369.39;1174.93;730801.35
350950205000860;3;Região Sudeste;35;São Paulo;3507;Campinas;35032;Campinas;22;RM Campinas;3509502;CAMPINAS;350950205;CAMPINAS;35095020500;CAMPINAS;3509502000;CAMPINAS (todos os setores);1;253.0;820.0;3.24;1.92;1421.27;1869023.89;1825.29;1661821.01;991.73;2094182.93;1514.01;2406961.59
350950205000861;3;Região Sudeste;35;São Paulo;3507;Campinas;35032;Campinas;22;RM Campinas;3509502;CAMPINAS;350950205;CAMPINAS;35095020500;CAMPINAS;3509502000;CAMPINAS (todos os setores);1;186.0;598.0;3.22;2.12;1164.19;969385.83;1273.76;920768.29;730.34;648040.43;1070.49;585560.88
350950205000862;3;Região Sudeste;35;São Paulo;3507;Campinas;35032;Campinas;22;RM Campinas;3509502;CAMPINAS;350950205;CAMPINAS;35095020500;CAMPINAS;3509502000;CAMPINAS (todos os setores);1;268.0;787.0;2.94;1.37;1589.57;2064298.49;1670.61;2034037.6;995.03;1436627.96;1429.22;1442974.9
350950205000863;3;Região Sudeste;35;São Paulo;3507;Campinas;35032;Campinas;22;RM Campinas;3509502;CAMPINAS;350950205;CAMPINAS;35095020500;CAMPINAS;3509502000;CAMPINAS (todos os setores);1;229.0;750.0;3.28;1.97;1239.65;1430305.14;1559.78;1299619.84;948.19;1154903.63;1365.63;1093152.58
350950205000864;3;Região Sudeste;35;São Paulo;3507;Campinas;35032;Campinas;22;RM Campinas;3509502;CAMPINAS;350950205;CAMPINAS;35095020500;CAMPINAS;3509502000;CAMPINAS (todos os setores);1;431.0;1696.0;3.94;3.14;993.22;914392.04;1135.49;883744.85;588.46;554053.88;952.14;550187.2
350950205000865;3;Região Sudeste;35;São Paulo;3507;Campinas;35032;Campinas;22;RM Campinas;3509502;CAMPINAS;350950205;CAMPINAS;35095020500;CAMPINAS;3509502000;CAMPINAS (todos os setores);1;338.0;1204.0;3.56;2.29;1162.0;884078.7;1223.54;855514.41;678.38;585329.69;996.61;542698.51
350950205000866;3;Região Sudeste;35;São Paulo;3507;Campinas;35032;Campinas;22;RM Campinas;3509502;CAMPINAS;350950205;CAMPINAS;35095020500;CAMPINAS;3509502000;CAMPINAS (todos os setores);2;134.0;432.0;3.22;2.76;767.23;419065.97;988.55;320217.69;600.86;425443.03;897.65;368945.3
350950205000867;3;Região Sudeste;35;São Paulo;3507;Campinas;35032;Campinas;22;RM Campinas;3509502;CAMPINAS;350950205;CAMPINAS;35095020500;CAMPINAS;3509502000;CAMPINAS (todos os setores);1;226.0;873.0;3.86;3.68;439.64;295977.49;842.02;227481.08;343.93;240878.94;805.82;192013.02
350950205000868;3;Região Sudeste;35;São Paulo;3507;Campinas;35032;Campinas;22;RM Campinas;3509502;CAMPINAS;350950205;CAMPINAS;35095020500;CAMPINAS;3509502000;CAMPINAS (todos os setores);1;209.0;767.0;3.67;2.9;701.48;268042.14;837.77;205583.65;389.31;225374.1;741.61;167877.21
350950205000869;3;Região Sudeste;35;São Paulo;3507;Campinas;35032;Campinas;22;RM Campinas;3509502;CAMPINAS;350950205;CAMPINAS;35095020500;CAMPINAS;3509502000;CAMPINAS (todos os setores);1;139.0;500.0;3.6;2.21;801.95;302625.25;928.93;232001.8;464.99;269540.47;838.2;172631.83
350950205000870;3;Região Sudeste;35;São Paulo;3507;Campinas;35032;Campinas;22;RM Campinas;3509502;CAMPINAS;350950205;CAMPINAS;35095020500;CAMPINAS;3509502000;CAMPINAS (todos os setores);1;175.0;648.0;3.7;3.73;783.39;314092.53;939.0;229789.59;496.48;275077.34;849.53;170430.03
350950205000871;3;Região Sudeste;35;São Paulo;3507;Campinas;35032;Campinas;22;RM Campinas;3509502;CAMPINAS;350950205;CAMPINAS;35095020500;CAMPINAS;3509502000;CAMPINAS (todos os setores);1;230.0;798.0;3.47;2.15;1200.66;1091332.33;1430.84;970577.33;894.73;980778.39;1301.93;896822.43
350950205000872;3;Região Sudeste;35;São Paulo;3507;Campinas;35032;Campinas;22;RM Campinas;3509502;CAMPINAS;350950205;CAMPINAS;35095020500;CAMPINAS;3509502000;CAMPINAS (todos os setores);1;190.0;668.0;3.52;2.27;1552.44;1781703.85;1714.91;1689010.17;943.96;1218915.08;1413.51;1161376.45
350950205000873;3;Região Sudeste;35;São Paulo;3507;Campinas;35032;Campinas;22;RM Campinas;3509502;CAMPINAS;350950205;CAMPINAS;35095020500;CAMPINAS;3509502000;CAMPINAS (todos os setores);1;442.0;1425.0;3.22;1.75;2398.98;4107566.08;2783.07;3695178.7;1418.0;3625188.45;2260.74;3874807.09
350950205000874;3;Região Sudeste;35;São Paulo;3507;Campinas;35032;Campinas;22;RM Campinas;3509502;CAMPINAS;350950205;CAMPINAS;35095020500;CAMPINAS;3509502000;CAMPINAS (todos os setores);1;234.0;776.0;3.32;1.63;615.35;378636.3;928.97;279627.54;654.71;519676.25;951.37;472813.95
350950205000875;3;Região Sudeste;35;São Paulo;3507;Campinas;35032;Campinas;22;RM Campinas;3509502;CAMPINAS;350950205;CAMPINAS;35095020500;CAMPINAS;3509502000;CAMPINAS (todos os setores);1;8.0;20.0;2.5;2.0;1251.25;3146441.07;2002.0;3627520.0;810.5;1621678.68;1621.0;1963743.33
350950205000876;3;Região Sudeste;35;São Paulo;3507;Campinas;35032;Campinas;22;RM Campinas;3509502;CAMPINAS;350950205;CAMPINAS;35095020500;CAMPINAS;3509502000;CAMPINAS (todos os setores);1;334.0;1082.0;3.24;2.44;684.35;454859.22;896.36;405542.43;597.77;413110.45;891.25;354267.63
350950205000877;3;Região Sudeste;35;São Paulo;3507;Campinas;35032;Campinas;22;RM Campinas;3509502;CAMPINAS;350950205;CAMPINAS;35095020500;CAMPINAS;3509502000;CAMPINAS (todos os setores);1;77.0;280.0;3.64;2.31;708.08;235586.89;879.39;140401.39;496.39;301920.53;844.23;219224.53
350950205000878;3;Região Sudeste;35;São Paulo;3507;Campinas;35032;Campinas;22;RM Campinas;3509502;CAMPINAS;350950205;CAMPINAS;35095020500;CAMPINAS;3509502000;CAMPINAS (todos os setores);1;159.0;582.0;3.66;2.9;710.13;561891.28;889.06;544250.42;493.56;354902.55;804.08;328418.42
350950205000879;3;Região Sudeste;35;São Paulo;3507;Campinas;35032;Campinas;22;RM Campinas;3509502;CAMPINAS;350950205;CAMPINAS;35095020500;CAMPINAS;3509502000;CAMPINAS (todos os setores);1;169.0;549.0;3.25;1.95;1079.55;838150.07;1147.45;812797.15;716.7;581108.8;988.05;532874.87
350950205000880;3;Região Sudeste;35;São Paulo;3507;Campinas;35032;Campinas;22;RM Campinas;3509502;CAMPINAS;350950205;CAMPINAS;35095020500;CAMPINAS;3509502000;CAMPINAS (todos os setores);1;138.0;467.0;3.38;2.22;432.85;188308.07;765.81;76746.94;404.04;189790.8;773.91;76725.42
350950205000881;3;Região Sudeste;35;São Paulo;3507;Campinas;35032;Campinas;22;RM Campinas;3509502;CAMPINAS;350950205;CAMPINAS;35095020500;CAMPINAS;3509502000;CAMPINAS (todos os setores);1;299.0;981.0;3.28;2.2;909.22;337976.42;984.99;291340.56;570.56;324934.96;899.98;215866.04
350950205000882;3;Região Sudeste;35;São Paulo;3507;Campinas;35032;Campinas;22;RM Campinas;3509502;CAMPINAS;350950205;CAMPINAS;35095020500;CAMPINAS;3509502000;CAMPINAS (todos os setores);1;249.0;894.0;3.59;2.83;501.55;178996.29;660.77;130353.43;454.3;196751.17;680.56;140647.88
350950205000883;3;Região Sudeste;35;São Paulo;3507;Campinas;35032;Campinas;22;RM Campinas;3509502;CAMPINAS;350950205;CAMPINAS;35095020500;CAMPINAS;3509502000;CAMPINAS (todos os setores);1;290.0;887.0;3.06;2.09;806.17;683980.05;1003.39;653288.79;712.58;828937.74;975.57;878394.03
350950205000884;3;Região Sudeste;35;São Paulo;3507;Campinas;35032;Campinas;22;RM Campinas;3509502;CAMPINAS;350950205;CAMPINAS;35095020500;CAMPINAS;3509502000;CAMPINAS (todos os setores);1;244.0;749.0;3.07;2.89;1056.51;457900.98;1101.66;427599.74;693.61;500160.21;981.86;424834.03
350950205000885;3;Região Sudeste;35;São Paulo;3507;Campinas;35032;Campinas;22;RM Campinas;3509502;CAMPINAS;350950205;CAMPINAS;35095020500;CAMPINAS;3509502000;CAMPINAS (todos os setores);1;55.0;220.0;4.0;2.56;407.64;131610.98;659.41;44308.73;365.35;156435.05;695.9;67085.95
350950205000886;3;Região Sudeste;35;São Paulo;3507;Campinas;35032;Campinas;22;RM Campinas;3509502;CAMPINAS;350950205;CAMPINAS;35095020500;CAMPINAS;3509502000;CAMPINAS (todos os setores);1;325.0;1052.0;3.24;2.74;705.06;548862.93;942.99;509555.69;589.56;398440.58;870.86;343489.57
350950205000887;3;Região Sudeste;35;São Paulo;3507;Campinas;35032;Campinas;22;RM Campinas;3509502;CAMPINAS;350950205;CAMPINAS;35095020500;CAMPINAS;3509502000;CAMPINAS (todos os setores);1;311.0;1054.0;3.39;2.37;700.54;442819.81;935.06;371466.5;615.6;355258.92;902.41;261802.07
350950205000888;3;Região Sudeste;35;São Paulo;3507;Campinas;35032;Campinas;22;RM Campinas;3509502;CAMPINAS;350950205;CAMPINAS;35095020500;CAMPINAS;3509502000;CAMPINAS (todos os setores);1;146.0;524.0;3.59;2.51;582.62;155532.71;739.68;80637.5;452.31;179465.74;741.2;79600.52
350950205000889;3;Região Sudeste;35;São Paulo;3507;Campinas;35032;Campinas;22;RM Campinas;3509502;CAMPINAS;350950205;CAMPINAS;35095020500;CAMPINAS;3509502000;CAMPINAS (todos os setores);1;154.0;527.0;3.42;2.27;588.05;251485.55;823.27;157575.19;490.5;246477.68;837.63;129697.91
350950205000890;3;Região Sudeste;35;São Paulo;3507;Campinas;35032;Campinas;22;RM Campinas;3509502;CAMPINAS;350950205;CAMPINAS;35095020500;CAMPINAS;3509502000;CAMPINAS (todos os setores);1;133.0;432.0;3.25;2.25;3552.82;13767586.12;3810.69;13784335.5;1915.26;7874647.72;2899.6;9072367.76
350950205000891;3;Região Sudeste;35;São Paulo;3507;Campinas;35032;Campinas;22;RM Campinas;3509502;CAMPINAS;350950205;CAMPINAS;35095020500;CAMPINAS;3509502000;CAMPINAS (todos os setores);1;161.0;535.0;3.32;2.32;375.34;376747.54;1119.07;289355.73;393.55;448691.6;1088.6;484705.08
350950205000892;3;Região Sudeste;35;São Paulo;3507;Campinas;35032;Campinas;22;RM Campinas;3509502;CAMPINAS;350950205;CAMPINAS;35095020500;CAMPINAS;3509502000;CAMPINAS (todos os setores);1;276.0;778.0;2.82;1.63;1134.63;460663.22;1223.27;387934.5;787.57;567084.34;1113.64;438473.53
350950205000893;3;Região Sudeste;35;São Paulo;3507;Campinas;35032;Campinas;22;RM Campinas;3509502;CAMPINAS;350950205;CAMPINAS;35095020500;CAMPINAS;3509502000;CAMPINAS (todos os setores);1;196.0;656.0;3.35;2.36;831.72;793336.94;1198.66;702839.43;647.73;565821.59;1079.55;476609.34
350950205000894;3;Região Sudeste;35;São Paulo;3507;Campinas;35032;Campinas;22;RM Campinas;3509502;CAMPINAS;350950205;CAMPINAS;35095020500;CAMPINAS;3509502000;CAMPINAS (todos os setores);1;185.0;672.0;3.63;3.02;1147.46;818461.98;1294.4;732553.64;630.58;560355.05;1050.96;491924.62
350950205000895;3;Região Sudeste;35;São Paulo;3507;Campinas;35032;Campinas;22;RM Campinas;3509502;CAMPINAS;350950205;CAMPINAS;35095020500;CAMPINAS;3509502000;CAMPINAS (todos os setores);1;273.0;797.0;2.92;1.54;950.26;569165.72;1173.86;440038.77;616.83;450892.24;1015.79;336994.82
350950205000896;3;Região Sudeste;35;São Paulo;3507;Campinas;35032;Campinas;22;RM Campinas;3509502;CAMPINAS;350950205;CAMPINAS;35095020500;CAMPINAS;3509502000;CAMPINAS (todos os setores);1;244.0;808.0;3.31;2.12;1199.52;1473762.35;1300.82;1466416.77;706.5;837920.06;1082.3;876976.88
350950205000897;3;Região Sudeste;35;São Paulo;3507;Campinas;35032;Campinas;22;RM Campinas;3509502;CAMPINAS;350950205;CAMPINAS;35095020500;CAMPINAS;3509502000;CAMPINAS (todos os setores);1;218.0;782.0;3.59;3.3;694.33;192845.58;809.44;131316.28;403.52;196531.59;737.9;112412.4
350950205000898;3;Região Sudeste;35;São Paulo;3507;Campinas;35032;Campinas;22;RM Campinas;3509502;CAMPINAS;350950205;CAMPINAS;35095020500;CAMPINAS;3509502000;CAMPINAS (todos os setores);1;299.0;1102.0;3.69;2.9;681.46;259097.63;795.93;211326.29;467.79;236434.52;726.86;178966.24
350950205000899;3;Região Sudeste;35;São Paulo;3507;Campinas;35032;Campinas;22;RM Campinas;3509502;CAMPINAS;350950205;CAMPINAS;35095020500;CAMPINAS;3509502000;CAMPINAS (todos os setores);1;247.0;793.0;3.21;1.73;872.59;548203.5;1056.51;469045.9;624.41;506899.19;969.62;452302.53
350950205000900;3;Região Sudeste;35;São Paulo;3507;Campinas;35032;Campinas;22;RM Campinas;3509502;CAMPINAS;350950205;CAMPINAS;35095020500;CAMPINAS;3509502000;CAMPINAS (todos os setores);1;184.0;564.0;3.07;2.04;1031.47;703715.33;1240.46;586287.3;709.92;520177.49;1033.92;422305.53
350950205000901;3;Região Sudeste;35;São Paulo;3507;Campinas;35032;Campinas;22;RM Campinas;3509502;CAMPINAS;350950205;CAMPINAS;35095020500;CAMPINAS;3509502000;CAMPINAS (todos os setores);1;220.0;764.0;3.47;2.64;955.32;566357.63;1077.8;506655.41;597.96;465238.14;954.38;402229.54
350950205000902;3;Região Sudeste;35;São Paulo;3507;Campinas;35032;Campinas;22;RM Campinas;3509502;CAMPINAS;350950205;CAMPINAS;35095020500;CAMPINAS;3509502000;CAMPINAS (todos os setores);1;205.0;709.0;3.46;2.75;1164.0;903453.12;1318.35;819305.06;799.17;983048.94;1246.54;975666.79
350950205000903;3;Região Sudeste;35;São Paulo;3507;Campinas;35032;Campinas;22;RM Campinas;3509502;CAMPINAS;350950205;CAMPINAS;35095020500;CAMPINAS;3509502000;CAMPINAS (todos os setores);1;232.0;751.0;3.24;2.03;1015.94;1103604.7;1411.37;974287.1;699.13;757401.19;1192.53;703400.34
350950205000904;3;Região Sudeste;35;São Paulo;3507;Campinas;35032;Campinas;22;RM Campinas;3509502;CAMPINAS;350950205;CAMPINAS;35095020500;CAMPINAS;3509502000;CAMPINAS (todos os setores);1;222.0;702.0;3.16;1.9;866.99;1520246.9;1404.9;1709134.08;623.61;941242.21;1269.63;1096611.56
350950205000905;3;Região Sudeste;35;São Paulo;3507;Campinas;35032;Campinas;22;RM Campinas;3509502;CAMPINAS;350950205;CAMPINAS;35095020500;CAMPINAS;3509502000;CAMPINAS (todos os setores);1;213.0;677.0;3.18;1.92;849.55;1111189.64;1222.67;1143232.6;602.11;1355197.09;1144.61;1957251.04
350950205000906;3;Região Sudeste;35;São Paulo;3507;Campinas;35032;Campinas;22;RM Campinas;3509502;CAMPINAS;350950205;CAMPINAS;35095020500;CAMPINAS;3509502000;CAMPINAS (todos os setores);1;198.0;600.0;3.03;1.43;778.43;718658.15;1070.35;675406.45;734.83;643444.13;1106.44;557432.26
350950205000907;3;Região Sudeste;35;São Paulo;3507;Campinas;35032;Campinas;22;RM Campinas;3509502;CAMPINAS;350950205;CAMPINAS;35095020500;CAMPINAS;3509502000;CAMPINAS (todos os setores);1;388.0;1399.0;3.61;2.43;1038.71;2520093.19;1122.62;2629775.64;545.04;1097731.41;946.6;1527030.7
350950205000908;3;Região Sudeste;35;São Paulo;3507;Campinas;35032;Campinas;22;RM Campinas;3509502;CAMPINAS;350950205;CAMPINAS;35095020500;CAMPINAS;3509502000;CAMPINAS (todos os setores);1;304.0;1128.0;3.71;2.71;719.35;321302.91;950.8;204113.46;460.51;278897.36;860.07;177026.58
350950205000909;3;Região Sudeste;35;São Paulo;3507;Campinas;35032;Campinas;22;RM Campinas;3509502;CAMPINAS;350950205;CAMPINAS;35095020500;CAMPINAS;3509502000;CAMPINAS (todos os setores);1;302.0;1130.0;3.74;3.24;837.85;403689.85;923.47;365736.29;550.98;337579.19;839.1;272237.36
350950205000910;3;Região Sudeste;35;São Paulo;3507;Campinas;35032;Campinas;22;RM Campinas;3509502;CAMPINAS;350950205;CAMPINAS;35095020500;CAMPINAS;3509502000;CAMPINAS (todos os setores);1;405.0;1515.0;3.74;2.86;603.28;465119.26;981.23;385335.61;444.61;375424.12;920.18;339319.93
350950205000912;3;Região Sudeste;35;São Paulo;3507;Campinas;35032;Campinas;22;RM Campinas;3509502;CAMPINAS;350950205;CAMPINAS;35095020500;CAMPINAS;3509502000;CAMPINAS (todos os setores);1;43.0;159.0;3.7;2.22;545.81;184229.68;757.1;92627.96;336.77;161571.62;720.0;67891.23
350950205000913;3;Região Sudeste;35;São Paulo;3507;Campinas;35032;Campinas;22;RM Campinas;3509502;CAMPINAS;350950205;CAMPINAS;35095020500;CAMPINAS;3509502000;CAMPINAS (todos os setores);1;95.0;378.0;3.98;3.7;734.17;221613.27;801.68;187478.06;418.4;254606.5;743.02;210696.02
350950205000914;3;Região Sudeste;35;São Paulo;3507;Campinas;35032;Campinas;22;RM Campinas;3509502;CAMPINAS;350950205;CAMPINAS;35095020500;CAMPINAS;3509502000;CAMPINAS (todos os setores);1;133.0;507.0;3.81;3.11;754.53;213476.45;809.3;184415.48;407.92;195331.48;674.52;142960.81
350950205000915;3;Região Sudeste;35;São Paulo;3507;Campinas;35032;Campinas;22;RM Campinas;3509502;CAMPINAS;350950205;CAMPINAS;35095020500;CAMPINAS;3509502000;CAMPINAS (todos os setores);1;81.0;315.0;3.89;3.83;570.63;227434.36;796.91;135713.48;355.74;171080.75;711.48;88435.44
350950205000916;3;Região Sudeste;35;São Paulo;3507;Campinas;35032;Campinas;22;RM Campinas;3509502;CAMPINAS;350950205;CAMPINAS;35095020500;CAMPINAS;3509502000;CAMPINAS (todos os setores);1;218.0;721.0;3.31;2.99;877.04;672848.46;1151.78;566545.46;736.59;600715.18;1088.27;504573.78
350950205000917;3;Região Sudeste;35;São Paulo;3507;Campinas;35032;Campinas;22;RM Campinas;3509502;CAMPINAS;350950205;CAMPINAS;35095020500;CAMPINAS;3509502000;CAMPINAS (todos os setores);1;222.0;713.0;3.21;2.22;1142.37;1088292.19;1280.84;1042619.29;770.12;733636.31;1151.48;657617.56
350950205000918;3;Região Sudeste;35;São Paulo;3507;Campinas;35032;Campinas;22;RM Campinas;3509502;CAMPINAS;350950205;CAMPINAS;35095020500;CAMPINAS;3509502000;CAMPINAS (todos os setores);1;271.0;855.0;3.15;1.89;1448.51;3730334.07;1563.93;3847530.7;843.72;1878302.42;1263.07;2283001.46
350950205000919;3;Região Sudeste;35;São Paulo;3507;Campinas;35032;Campinas;22;RM Campinas;3509502;CAMPINAS;350950205;CAMPINAS;35095020500;CAMPINAS;3509502000;CAMPINAS (todos os setores);1;237.0;740.0;3.12;2.41;1411.45;1235801.29;1460.76;1206819.61;841.24;953063.07;1178.1;937813.32
350950205000920;3;Região Sudeste;35;São Paulo;3507;Campinas;35032;Campinas;22;RM Campinas;3509502;CAMPINAS;350950205;CAMPINAS;35095020500;CAMPINAS;3509502000;CAMPINAS (todos os setores);1;213.0;694.0;3.26;2.0;1251.37;853914.83;1381.05;762843.29;827.85;702210.51;1176.52;587475.43
350950205000921;3;Região Sudeste;35;São Paulo;3507;Campinas;35032;Campinas;22;RM Campinas;3509502;CAMPINAS;350950205;CAMPINAS;35095020500;CAMPINAS;3509502000;CAMPINAS (todos os setores);1;200.0;629.0;3.15;1.89;1305.33;877036.73;1366.83;834067.71;794.4;758779.26;1142.72;693282.72
350950205000922;3;Região Sudeste;35;São Paulo;3507;Campinas;35032;Campinas;22;RM Campinas;3509502;CAMPINAS;350950205;CAMPINAS;35095020500;CAMPINAS;3509502000;CAMPINAS (todos os setores);1;189.0;679.0;3.59;2.16;1363.61;1912172.0;1777.4;1755875.73;773.01;1166426.95;1390.53;1239753.28
350950205000923;3;Região Sudeste;35;São Paulo;3507;Campinas;35032;Campinas;22;RM Campinas;3509502;CAMPINAS;350950205;CAMPINAS;35095020500;CAMPINAS;3509502000;CAMPINAS (todos os setores);1;186.0;640.0;3.44;1.71;1170.82;1652635.69;1701.35;1497659.17;719.03;1004863.22;1335.34;1043317.86
350950205000924;3;Região Sudeste;35;São Paulo;3507;Campinas;35032;Campinas;22;RM Campinas;3509502;CAMPINAS;350950205;CAMPINAS;35095020500;CAMPINAS;3509502000;CAMPINAS (todos os setores);1;193.0;661.0;3.42;2.19;1511.84;1586370.53;1577.22;1551669.36;801.66;1005333.07;1238.54;1012135.11
350950205000925;3;Região Sudeste;35;São Paulo;3507;Campinas;35032;Campinas;22;RM Campinas;3509502;CAMPINAS;350950205;CAMPINAS;35095020500;CAMPINAS;3509502000;CAMPINAS (todos os setores);1;159.0;550.0;3.46;3.38;1076.39;661501.38;1164.26;612868.93;630.77;633646.56;994.76;637223.3
350950205000926;3;Região Sudeste;35;São Paulo;3507;Campinas;35032;Campinas;22;RM Campinas;3509502;CAMPINAS;350950205;CAMPINAS;35095020500;CAMPINAS;3509502000;CAMPINAS (todos os setores);1;60.0;217.0;3.62;2.48;1094.75;571255.44;1132.5;547797.59;620.13;504842.68;957.05;456296.97
350950205000927;3;Região Sudeste;35;São Paulo;3507;Campinas;35032;Campinas;22;RM Campinas;3509502;CAMPINAS;350950205;CAMPINAS;35095020500;CAMPINAS;3509502000;CAMPINAS (todos os setores);1;87.0;362.0;4.16;4.23;741.72;324672.57;935.22;226995.91;454.73;278258.0;856.65;179261.4
350950205000928;3;Região Sudeste;35;São Paulo;3507;Campinas;35032;Campinas;22;RM Campinas;3509502;CAMPINAS;350950205;CAMPINAS;35095020500;CAMPINAS;3509502000;CAMPINAS (todos os setores);1;;;;;;;;;53.18;14163.05;274.51;12339.14
350950205000929;3;Região Sudeste;35;São Paulo;3507;Campinas;35032;Campinas;22;RM Campinas;3509502;CAMPINAS;350950205;CAMPINAS;35095020500;CAMPINAS;3509502000;CAMPINAS (todos os setores);1;116.0;376.0;3.24;2.5;908.84;344105.52;967.21;309433.54;582.19;326897.28;841.25;254076.36
350950205000930;3;Região Sudeste;35;São Paulo;3507;Campinas;35032;Campinas;22;RM Campinas;3509502;CAMPINAS;350950205;CAMPINAS;35095020500;CAMPINAS;3509502000;CAMPINAS (todos os setores);1;259.0;922.0;3.56;3.28;1269.96;776283.33;1310.44;747869.81;752.52;638237.16;1069.36;568018.35
350950205000931;3;Região Sudeste;35;São Paulo;3507;Campinas;35032;Campinas;22;RM Campinas;3509502;CAMPINAS;350950205;CAMPINAS;35095020500;CAMPINAS;3509502000;CAMPINAS (todos os setores);1;196.0;619.0;3.16;2.49;1101.77;1360564.8;1300.88;1347346.77;769.11;1004180.38;1199.22;1050077.68
350950205000932;3;Região Sudeste;35;São Paulo;3507;Campinas;35032;Campinas;22;RM Campinas;3509502;CAMPINAS;350950205;CAMPINAS;35095020500;CAMPINAS;3509502000;CAMPINAS (todos os setores);1;173.0;502.0;2.9;1.82;946.87;574643.4;1170.06;448042.42;808.26;655718.66;1146.31;542100.85
350950205000933;3;Região Sudeste;35;São Paulo;3507;Campinas;35032;Campinas;22;RM Campinas;3509502;CAMPINAS;350950205;CAMPINAS;35095020500;CAMPINAS;3509502000;CAMPINAS (todos os setores);1;363.0;1218.0;3.36;1.45;1408.56;1144212.93;1544.73;1044176.26;843.33;1049417.6;1300.43;1023756.4
350950205000934;3;Região Sudeste;35;São Paulo;3507;Campinas;35032;Campinas;22;RM Campinas;3509502;CAMPINAS;350950205;CAMPINAS;35095020500;CAMPINAS;3509502000;CAMPINAS (todos os setores);1;182.0;702.0;3.86;2.7;779.86;563570.02;887.09;545825.95;494.85;427202.29;814.33;442890.2
350950205000935;3;Região Sudeste;35;São Paulo;3507;Campinas;35032;Campinas;22;RM Campinas;3509502;CAMPINAS;350950205;CAMPINAS;35095020500;CAMPINAS;3509502000;CAMPINAS (todos os setores);1;312.0;1036.0;3.32;1.76;1378.19;1005015.95;1503.48;907670.78;834.12;880551.55;1235.95;807977.3
350950205000936;3;Região Sudeste;35;São Paulo;3507;Campinas;35032;Campinas;22;RM Campinas;3509502;CAMPINAS;350950205;CAMPINAS;35095020500;CAMPINAS;3509502000;CAMPINAS (todos os setores);1;202.0;662.0;3.28;1.79;1619.77;1475942.96;1652.49;1451562.81;954.12;1117671.37;1291.14;1077224.05
350950205000937;3;Região Sudeste;35;São Paulo;3507;Campinas;35032;Campinas;22;RM Campinas;3509502;CAMPINAS;350950205;CAMPINAS;35095020500;CAMPINAS;3509502000;CAMPINAS (todos os setores);1;179.0;647.0;3.61;2.72;611.37;109762.16;683.97;72909.93;373.71;142118.19;627.38;79230.29
350950205000938;3;Região Sudeste;35;São Paulo;3507;Campinas;35032;Campinas;22;RM Campinas;3509502;CAMPINAS;350950205;CAMPINAS;35095020500;CAMPINAS;3509502000;CAMPINAS (todos os setores);1;32.0;106.0;3.31;2.03;578.44;163652.32;771.25;65402.72;382.91;170013.8;715.87;77482.56
350950205000939;3;Região Sudeste;35;São Paulo;3507;Campinas;35032;Campinas;22;RM Campinas;3509502;CAMPINAS;350950205;CAMPINAS;35095020500;CAMPINAS;3509502000;CAMPINAS (todos os setores);1;112.0;405.0;3.62;2.56;614.96;196210.54;810.31;99107.41;393.25;201246.95;776.85;98930.67
350950205000940;3;Região Sudeste;35;São Paulo;3507;Campinas;35032;Campinas;22;RM Campinas;3509502;CAMPINAS;350950205;CAMPINAS;35095020500;CAMPINAS;3509502000;CAMPINAS (todos os setores);1;210.0;772.0;3.68;3.41;667.96;287151.35;845.01;213208.81;447.07;233377.91;779.66;147458.29
350950205000941;3;Região Sudeste;35;São Paulo;3507;Campinas;35032;Campinas;22;RM Campinas;3509502;CAMPINAS;350950205;CAMPINAS;35095020500;CAMPINAS;3509502000;CAMPINAS (todos os setores);1;229.0;790.0;3.45;2.54;864.36;486777.12;984.77;435758.03;579.54;511361.13;897.48;506539.95
350950205000942;3;Região Sudeste;35;São Paulo;3507;Campinas;35032;Campinas;22;RM Campinas;3509502;CAMPINAS;350950205;CAMPINAS;35095020500;CAMPINAS;3509502000;CAMPINAS (todos os setores);1;364.0;1308.0;3.59;2.81;811.33;815451.43;1032.6;809338.86;589.95;889529.75;925.21;1085133.04
350950205000943;3;Região Sudeste;35;São Paulo;3507;Campinas;35032;Campinas;22;RM Campinas;3509502;CAMPINAS;350950205;CAMPINAS;35095020500;CAMPINAS;3509502000;CAMPINAS (todos os setores);1;96.0;366.0;3.81;3.5;581.07;309996.78;885.44;201144.15;350.79;224622.5;787.37;159964.71
350950205000944;3;Região Sudeste;35;São Paulo;3507;Campinas;35032;Campinas;22;RM Campinas;3509502;CAMPINAS;350950205;CAMPINAS;35095020500;CAMPINAS;3509502000;CAMPINAS (todos os setores);1;60.0;227.0;3.78;2.61;615.0;405025.42;900.0;334500.0;312.69;250073.26;791.88;253888.84
350950205000945;3;Região Sudeste;35;São Paulo;3507;Campinas;35032;Campinas;22;RM Campinas;3509502;CAMPINAS;350950205;CAMPINAS;35095020500;CAMPINAS;3509502000;CAMPINAS (todos os setores);1;56.0;244.0;4.36;3.8;531.79;201302.21;744.5;121461.28;256.68;143834.78;688.06;87973.63
350950205000946;3;Região Sudeste;35;São Paulo;3507;Campinas;35032;Campinas;22;RM Campinas;3509502;CAMPINAS;350950205;CAMPINAS;35095020500;CAMPINAS;3509502000;CAMPINAS (todos os setores);1;122.0;510.0;4.18;3.09;365.07;193343.19;754.88;104015.69;400.03;201050.59;734.24;123301.24
350950205000947;3;Região Sudeste;35;São Paulo;3507;Campinas;35032;Campinas;22;RM Campinas;3509502;CAMPINAS;350950205;CAMPINAS;35095020500;CAMPINAS;3509502000;CAMPINAS (todos os setores);1;138.0;496.0;3.59;2.21;873.65;560853.19;1048.38;489216.55;532.36;397245.04;916.01;331831.36
350950205000948;3;Região Sudeste;35;São Paulo;3507;Campinas;35032;Campinas;22;RM Campinas;3509502;CAMPINAS;350950205;CAMPINAS;35095020500;CAMPINAS;3509502000;CAMPINAS (todos os setores);1;159.0;610.0;3.84;3.19;624.52;622027.45;973.51;629959.64;444.01;327466.37;828.11;292549.69
350950205000950;3;Região Sudeste;35;São Paulo;3507;Campinas;35032;Campinas;22;RM Campinas;3509502;CAMPINAS;350950205;CAMPINAS;35095020500;CAMPINAS;3509502000;CAMPINAS (todos os setores);1;285.0;963.0;3.38;2.68;1472.36;2202903.52;1583.48;2193165.29;862.79;1196324.77;1233.8;1253105.04
350950205000951;3;Região Sudeste;35;São Paulo;3507;Campinas;35032;Campinas;22;RM Campinas;3509502;CAMPINAS;350950205;CAMPINAS;35095020500;CAMPINAS;3509502000;CAMPINAS (todos os setores);2;169.0;566.0;3.35;2.29;2032.99;5985844.57;2120.83;6058636.55;1155.13;3480504.7;1679.88;4182170.39
350950205000952;3;Região Sudeste;35;São Paulo;3507;Campinas;35032;Campinas;22;RM Campinas;3509502;CAMPINAS;350950205;CAMPINAS;35095020500;CAMPINAS;3509502000;CAMPINAS (todos os setores);1;395.0;1189.0;3.01;1.34;4470.14;17279799.39;5286.55;16116250.48;2590.64;14627100.44;4320.49;16923940.19
350950205000953;3;Região Sudeste;35;São Paulo;3507;Campinas;35032;Campinas;22;RM Campinas;3509502;CAMPINAS;350950205;CAMPINAS;35095020500;CAMPINAS;3509502000;CAMPINAS (todos os setores);1;280.0;924.0;3.3;1.82;1658.52;1059159.54;1739.27;969945.81;983.31;951156.99;1423.3;750155.65
350950205000954;3;Região Sudeste;35;São Paulo;3507;Campinas;35032;Campinas;22;RM Campinas;3509502;CAMPINAS;350950205;CAMPINAS;35095020500;CAMPINAS;3509502000;CAMPINAS (todos os setores);1;201.0;705.0;3.51;5.9;846.52;907069.33;1173.46;873513.37;712.93;614135.49;1067.69;540785.25
350950205000955;3;Região Sudeste;35;São Paulo;3507;Campinas;35032;Campinas;22;RM Campinas;3509502;CAMPINAS;350950205;CAMPINAS;35095020500;CAMPINAS;3509502000;CAMPINAS (todos os setores);1;212.0;738.0;3.48;2.44;697.51;683450.7;1128.8;618710.3;578.91;557848.47;1073.4;503397.19
350950205000956;3;Região Sudeste;35;São Paulo;3507;Campinas;35032;Campinas;22;RM Campinas;3509502;CAMPINAS;350950205;CAMPINAS;35095020500;CAMPINAS;3509502000;CAMPINAS (todos os setores);1;195.0;662.0;3.39;2.44;589.18;291054.69;890.62;170563.22;476.39;265328.79;833.31;166379.81
350950205000957;3;Região Sudeste;35;São Paulo;3507;Campinas;35032;Campinas;22;RM Campinas;3509502;CAMPINAS;350950205;CAMPINAS;35095020500;CAMPINAS;3509502000;CAMPINAS (todos os setores);1;114.0;424.0;3.72;2.42;665.4;367658.56;948.2;254349.45;441.78;277382.11;859.94;179817.75
350950205000958;3;Região Sudeste;35;São Paulo;3507;Campinas;35032;Campinas;22;RM Campinas;3509502;CAMPINAS;350950205;CAMPINAS;35095020500;CAMPINAS;3509502000;CAMPINAS (todos os setores);1;113.0;440.0;3.89;2.99;803.54;322577.43;899.01;274599.89;465.72;257283.94;760.18;195836.75
350950205000959;3;Região Sudeste;35;São Paulo;3507;Campinas;35032;Campinas;22;RM Campinas;3509502;CAMPINAS;350950205;CAMPINAS;35095020500;CAMPINAS;3509502000;CAMPINAS (todos os setores);1;159.0;568.0;3.57;2.83;648.5;377401.44;896.62;298644.48;437.76;278782.3;788.66;225299.51
350950205000960;3;Região Sudeste;35;São Paulo;3507;Campinas;35032;Campinas;22;RM Campinas;3509502;CAMPINAS;350950205;CAMPINAS;35095020500;CAMPINAS;3509502000;CAMPINAS (todos os setores);1;149.0;601.0;4.03;3.44;589.21;289343.72;844.15;198453.1;369.35;270083.32;751.02;262498.46
350950205000961;3;Região Sudeste;35;São Paulo;3507;Campinas;35032;Campinas;22;RM Campinas;3509502;CAMPINAS;350950205;CAMPINAS;35095020500;CAMPINAS;3509502000;CAMPINAS (todos os setores);1;266.0;990.0;3.72;2.76;868.62;840921.18;1004.58;835941.56;462.62;499240.55;862.16;586135.76
350950205000962;3;Região Sudeste;35;São Paulo;3507;Campinas;35032;Campinas;22;RM Campinas;3509502;CAMPINAS;350950205;CAMPINAS;35095020500;CAMPINAS;3509502000;CAMPINAS (todos os setores);1;172.0;617.0;3.59;2.9;501.82;422482.72;948.49;374341.21;433.42;291275.43;855.14;213759.82
350950205000963;3;Região Sudeste;35;São Paulo;3507;Campinas;35032;Campinas;22;RM Campinas;3509502;CAMPINAS;350950205;CAMPINAS;35095020500;CAMPINAS;3509502000;CAMPINAS (todos os setores);1;145.0;554.0;3.82;2.48;447.17;453755.14;982.42;471307.88;391.84;296875.82;848.68;255090.63
350950205000964;3;Região Sudeste;35;São Paulo;3507;Campinas;35032;Campinas;22;RM Campinas;3509502;CAMPINAS;350950205;CAMPINAS;35095020500;CAMPINAS;3509502000;CAMPINAS (todos os setores);1;253.0;927.0;3.66;2.07;947.87;639463.68;1047.21;602289.53;547.33;433805.4;875.73;406446.53
350950205000965;3;Região Sudeste;35;São Paulo;3507;Campinas;35032;Campinas;22;RM Campinas;3509502;CAMPINAS;350950205;CAMPINAS;35095020500;CAMPINAS;3509502000;CAMPINAS (todos os setores);1;94.0;316.0;3.36;2.0;797.41;239294.5;903.1;174790.5;478.55;230407.98;795.47;130231.89
350950205000966;3;Região Sudeste;35;São Paulo;3507;Campinas;35032;Campinas;22;RM Campinas;3509502;CAMPINAS;350950205;CAMPINAS;35095020500;CAMPINAS;3509502000;CAMPINAS (todos os setores);1;139.0;516.0;3.71;2.71;980.07;538522.01;1144.79;439631.42;580.44;443075.14;973.28;360288.84
350950205000967;3;Região Sudeste;35;São Paulo;3507;Campinas;35032;Campinas;22;RM Campinas;3509502;CAMPINAS;350950205;CAMPINAS;35095020500;CAMPINAS;3509502000;CAMPINAS (todos os setores);1;84.0;332.0;3.95;2.55;830.56;238559.7;883.13;206833.45;497.57;269097.15;830.25;172247.3
350950205000968;3;Região Sudeste;35;São Paulo;3507;Campinas;35032;Campinas;22;RM Campinas;3509502;CAMPINAS;350950205;CAMPINAS;35095020500;CAMPINAS;3509502000;CAMPINAS (todos os setores);1;149.0;557.0;3.74;3.29;972.59;703057.53;1106.23;651432.09;556.05;434558.59;883.45;401073.16
350950205000969;3;Região Sudeste;35;São Paulo;3507;Campinas;35032;Campinas;22;RM Campinas;3509502;CAMPINAS;350950205;CAMPINAS;35095020500;CAMPINAS;3509502000;CAMPINAS (todos os setores);1;122.0;390.0;3.2;2.69;1019.97;546042.0;1111.04;493143.08;606.18;444240.08;951.32;368475.76
350950205000970;3;Região Sudeste;35;São Paulo;3507;Campinas;35032;Campinas;22;RM Campinas;3509502;CAMPINAS;350950205;CAMPINAS;35095020500;CAMPINAS;3509502000;CAMPINAS (todos os setores);1;85.0;293.0;3.45;2.44;872.59;368971.72;927.13;341121.93;515.74;284447.93;784.55;221431.31
350950205000971;3;Região Sudeste;35;São Paulo;3507;Campinas;35032;Campinas;22;RM Campinas;3509502;CAMPINAS;350950205;CAMPINAS;35095020500;CAMPINAS;3509502000;CAMPINAS (todos os setores);1;114.0;383.0;3.36;3.13;885.75;312410.35;926.38;288886.13;534.48;295008.0;837.02;208355.8
350950205000972;3;Região Sudeste;35;São Paulo;3507;Campinas;35032;Campinas;22;RM Campinas;3509502;CAMPINAS;350950205;CAMPINAS;35095020500;CAMPINAS;3509502000;CAMPINAS (todos os setores);1;305.0;997.0;3.27;2.87;1213.11;702527.42;1345.45;600740.43;801.54;609306.1;1131.81;486371.7
350950205000973;3;Região Sudeste;35;São Paulo;3507;Campinas;35032;Campinas;22;RM Campinas;3509502;CAMPINAS;350950205;CAMPINAS;35095020500;CAMPINAS;3509502000;CAMPINAS (todos os setores);1;324.0;980.0;3.02;1.89;1208.12;962778.51;1383.14;859809.95;861.65;750140.54;1186.7;647219.81
350950205000974;3;Região Sudeste;35;São Paulo;3507;Campinas;35032;Campinas;22;RM Campinas;3509502;CAMPINAS;350950205;CAMPINAS;35095020500;CAMPINAS;3509502000;CAMPINAS (todos os setores);1;126.0;396.0;3.14;1.77;1256.27;586426.77;1341.44;511296.2;794.33;556068.08;1139.11;404044.07
350950205000975;3;Região Sudeste;35;São Paulo;3507;Campinas;35032;Campinas;22;RM Campinas;3509502;CAMPINAS;350950205;CAMPINAS;35095020500;CAMPINAS;3509502000;CAMPINAS (todos os setores);1;208.0;633.0;3.04;2.16;942.13;607244.04;1180.5;478713.8;752.6;610711.55;1133.82;487502.88
350950205000976;3;Região Sudeste;35;São Paulo;3507;Campinas;35032;Campinas;22;RM Campinas;3509502;CAMPINAS;350950205;CAMPINAS;35095020500;CAMPINAS;3509502000;CAMPINAS (todos os setores);1;185.0;638.0;3.45;2.27;1151.15;680131.8;1282.91;588391.59;710.55;561791.18;1091.4;446941.89
350950205000977;3;Região Sudeste;35;São Paulo;3507;Campinas;35032;Campinas;22;RM Campinas;3509502;CAMPINAS;350950205;CAMPINAS;35095020500;CAMPINAS;3509502000;CAMPINAS (todos os setores);1;167.0;497.0;2.98;2.08;1294.67;683851.51;1368.42;621493.62;834.23;657247.82;1167.37;530399.84
350950205000978;3;Região Sudeste;35;São Paulo;3507;Campinas;35032;Campinas;22;RM Campinas;3509502;CAMPINAS;350950205;CAMPINAS;35095020500;CAMPINAS;3509502000;CAMPINAS (todos os setores);1;334.0;1057.0;3.16;1.84;1278.86;755656.02;1360.32;692780.36;814.41;661699.98;1124.88;564567.24
350950205000979;3;Região Sudeste;35;São Paulo;3507;Campinas;35032;Campinas;22;RM Campinas;3509502;CAMPINAS;350950205;CAMPINAS;35095020500;CAMPINAS;3509502000;CAMPINAS (todos os setores);1;156.0;491.0;3.15;2.28;1180.45;664073.15;1270.0;600281.04;785.39;1190705.65;1126.42;1324021.62
350950205000980;3;Região Sudeste;35;São Paulo;3507;Campinas;35032;Campinas;22;RM Campinas;3509502;CAMPINAS;350950205;CAMPINAS;35095020500;CAMPINAS;3509502000;CAMPINAS (todos os setores);1;214.0;643.0;3.0;1.48;1218.57;660239.27;1265.9;625806.01;791.41;571068.32;1057.12;481696.26
350950205000981;3;Região Sudeste;35;São Paulo;3507;Campinas;35032;Campinas;22;RM Campinas;3509502;CAMPINAS;350950205;CAMPINAS;35095020500;CAMPINAS;3509502000;CAMPINAS (todos os setores);1;272.0;900.0;3.31;2.18;1198.02;572160.17;1239.02;540824.64;740.14;508640.23;1023.92;412927.11
350950205000982;3;Região Sudeste;35;São Paulo;3507;Campinas;35032;Campinas;22;RM Campinas;3509502;CAMPINAS;350950205;CAMPINAS;35095020500;CAMPINAS;3509502000;CAMPINAS (todos os setores);1;227.0;718.0;3.16;2.5;1066.55;867248.07;1169.59;830337.56;686.22;627617.03;1011.27;596122.82
350950205000983;3;Região Sudeste;35;São Paulo;3507;Campinas;35032;Campinas;22;RM Campinas;3509502;CAMPINAS;350950205;CAMPINAS;35095020500;CAMPINAS;3509502000;CAMPINAS (todos os setores);1;93.0;387.0;4.16;3.12;741.77;576720.18;1112.66;450370.65;472.42;340117.62;908.51;257434.57
350950205000984;3;Região Sudeste;35;São Paulo;3507;Campinas;35032;Campinas;22;RM Campinas;3509502;CAMPINAS;350950205;CAMPINAS;35095020500;CAMPINAS;3509502000;CAMPINAS (todos os setores);1;261.0;879.0;3.37;2.39;981.97;1023361.15;1244.15;970144.83;758.31;706055.37;1113.17;641313.55
350950205000985;3;Região Sudeste;35;São Paulo;3507;Campinas;35032;Campinas;22;RM Campinas;3509502;CAMPINAS;350950205;CAMPINAS;35095020500;CAMPINAS;3509502000;CAMPINAS (todos os setores);1;217.0;715.0;3.29;1.89;1011.24;959213.72;1482.7;705668.84;699.68;665019.14;1236.55;510996.91
350950205000986;3;Região Sudeste;35;São Paulo;3507;Campinas;35032;Campinas;22;RM Campinas;3509502;CAMPINAS;350950205;CAMPINAS;35095020500;CAMPINAS;3509502000;CAMPINAS (todos os setores);1;176.0;583.0;3.31;2.31;1748.29;10421324.17;1778.61;10548855.64;962.47;4225466.8;1342.18;5386036.1
350950205000987;3;Região Sudeste;35;São Paulo;3507;Campinas;35032;Campinas;22;RM Campinas;3509502;CAMPINAS;350950205;CAMPINAS;35095020500;CAMPINAS;3509502000;CAMPINAS (todos os setores);1;176.0;585.0;3.32;1.98;975.34;634642.08;1121.95;565091.37;692.82;476032.62;991.12;385091.12
350950205000988;3;Região Sudeste;35;São Paulo;3507;Campinas;35032;Campinas;22;RM Campinas;3509502;CAMPINAS;350950205;CAMPINAS;35095020500;CAMPINAS;3509502000;CAMPINAS (todos os setores);1;136.0;504.0;3.71;2.58;1017.26;1171828.4;1343.17;1108893.52;671.99;689984.61;1133.98;640264.87
350950205000989;3;Região Sudeste;35;São Paulo;3507;Campinas;35032;Campinas;22;RM Campinas;3509502;CAMPINAS;350950205;CAMPINAS;35095020500;CAMPINAS;3509502000;CAMPINAS (todos os setores);1;173.0;564.0;3.26;2.09;1020.2;507624.55;1168.83;407184.83;636.47;433951.28;1017.55;305599.81
350950205000990;3;Região Sudeste;35;São Paulo;3507;Campinas;35032;Campinas;22;RM Campinas;3509502;CAMPINAS;350950205;CAMPINAS;35095020500;CAMPINAS;3509502000;CAMPINAS (todos os setores);1;229.0;835.0;3.65;3.12;932.65;486557.48;1057.31;419455.65;565.76;378480.22;879.4;312340.23
350950205000991;3;Região Sudeste;35;São Paulo;3507;Campinas;35032;Campinas;22;RM Campinas;3509502;CAMPINAS;350950205;CAMPINAS;35095020500;CAMPINAS;3509502000;CAMPINAS (todos os setores);1;206.0;688.0;3.34;1.63;812.82;1066595.94;1328.89;1057926.76;547.5;667454.69;1179.39;692641.69
350950205000992;3;Região Sudeste;35;São Paulo;3507;Campinas;35032;Campinas;22;RM Campinas;3509502;CAMPINAS;350950205;CAMPINAS;35095020500;CAMPINAS;3509502000;CAMPINAS (todos os setores);1;526.0;1606.0;3.05;1.37;1519.87;2400954.55;1634.87;2394597.96;922.78;1429058.69;1339.62;1516277.33
350950205000993;3;Região Sudeste;35;São Paulo;3507;Campinas;35032;Campinas;22;RM Campinas;3509502;CAMPINAS;350950205;CAMPINAS;35095020500;CAMPINAS;3509502000;CAMPINAS (todos os setores);1;127.0;406.0;3.2;2.14;670.63;673171.03;1106.1;628029.36;583.07;530876.07;1026.08;479413.7
350950205000994;3;Região Sudeste;35;São Paulo;3507;Campinas;35032;Campinas;22;RM Campinas;3509502;CAMPINAS;350950205;CAMPINAS;35095020500;CAMPINAS;3509502000;CAMPINAS (todos os setores);1;103.0;383.0;3.72;2.89;662.91;246356.14;853.5;153354.68;449.29;219623.34;777.97;124081.72
350950205000995;3;Região Sudeste;35;São Paulo;3507;Campinas;35032;Campinas;22;RM Campinas;3509502;CAMPINAS;350950205;CAMPINAS;35095020500;CAMPINAS;3509502000;CAMPINAS (todos os setores);1;36.0;121.0;3.36;3.04;604.0;168996.57;701.42;126553.12;456.53;601742.15;787.12;780351.16
350950205000996;3;Região Sudeste;35;São Paulo;3507;Campinas;35032;Campinas;22;RM Campinas;3509502;CAMPINAS;350950205;CAMPINAS;35095020500;CAMPINAS;3509502000;CAMPINAS (todos os setores);1;222.0;792.0;3.57;2.64;692.49;644912.81;1067.59;593430.72;660.35;628725.35;1040.28;595146.86
350950205000997;3;Região Sudeste;35;São Paulo;3507;Campinas;35032;Campinas;22;RM Campinas;3509502;CAMPINAS;350950205;CAMPINAS;35095020500;CAMPINAS;3509502000;CAMPINAS (todos os setores);1;179.0;596.0;3.33;1.91;1223.89;1153094.47;1441.3;1043860.89;773.37;834881.02;1237.39;761407.6
350950205000998;3;Região Sudeste;35;São Paulo;3507;Campinas;35032;Campinas;22;RM Campinas;3509502;CAMPINAS;350950205;CAMPINAS;35095020500;CAMPINAS;3509502000;CAMPINAS (todos os setores);1;207.0;643.0;3.11;2.16;1205.45;1824516.69;1386.27;1847661.65;778.52;1097790.84;1209.83;1184412.54
350950205000999;3;Região Sudeste;35;São Paulo;3507;Campinas;35032;Campinas;22;RM Campinas;3509502;CAMPINAS;350950205;CAMPINAS;35095020500;CAMPINAS;3509502000;CAMPINAS (todos os setores);1;232.0;730.0;3.15;1.85;1125.49;636118.28;1208.86;582206.9;685.41;533892.78;1038.55;441998.27
350950205001000;3;Região Sudeste;35;São Paulo;3507;Campinas;35032;Campinas;22;RM Campinas;3509502;CAMPINAS;350950205;CAMPINAS;35095020500;CAMPINAS;3509502000;CAMPINAS (todos os setores);1;193.0;601.0;3.11;1.32;5604.35;34584109.08;6180.8;34578391.31;3297.35;22089482.54;4819.87;24958320.36
350950205001001;3;Região Sudeste;35;São Paulo;3507;Campinas;35032;Campinas;22;RM Campinas;3509502;CAMPINAS;350950205;CAMPINAS;35095020500;CAMPINAS;3509502000;CAMPINAS (todos os setores);1;184.0;563.0;3.06;2.69;3616.36;17926990.49;4057.38;18326261.18;1925.02;9791559.89;2911.16;11943297.27
350950205001002;3;Região Sudeste;35;São Paulo;3507;Campinas;35032;Campinas;22;RM Campinas;3509502;CAMPINAS;350950205;CAMPINAS;35095020500;CAMPINAS;3509502000;CAMPINAS (todos os setores);1;442.0;1496.0;3.38;2.94;1803.57;3022389.26;1862.57;3011343.52;1074.58;2070561.11;1485.04;2252107.39
350950205001003;3;Região Sudeste;35;São Paulo;3507;Campinas;35032;Campinas;22;RM Campinas;3509502;CAMPINAS;350950205;CAMPINAS;35095020500;CAMPINAS;3509502000;CAMPINAS (todos os setores);1;149.0;446.0;2.99;1.4;4584.89;25892944.66;5023.15;26168582.07;2374.48;14964276.11;3775.51;18517775.78
350950205001004;3;Região Sudeste;35;São Paulo;3507;Campinas;35032;Campinas;22;RM Campinas;3509502;CAMPINAS;350950205;CAMPINAS;35095020500;CAMPINAS;3509502000;CAMPINAS (todos os setores);1;275.0;877.0;3.19;2.12;2332.23;15920904.1;3910.75;20551673.72;1383.01;8422750.92;3037.89;13488324.35
350950205001005;3;Região Sudeste;35;São Paulo;3507;Campinas;35032;Campinas;22;RM Campinas;3509502;CAMPINAS;350950205;CAMPINAS;35095020500;CAMPINAS;3509502000;CAMPINAS (todos os setores);1;166.0;589.0;3.55;2.93;1011.12;1124004.43;1126.48;1122280.79;624.67;750354.47;957.58;831698.29
350950205001006;3;Região Sudeste;35;São Paulo;3507;Campinas;35032;Campinas;22;RM Campinas;3509502;CAMPINAS;350950205;CAMPINAS;35095020500;CAMPINAS;3509502000;CAMPINAS (todos os setores);1;333.0;973.0;2.92;2.4;1444.08;48229266.73;2416.47;78507644.12;941.0;19634012.21;1864.9;37228060.51
350950205001007;3;Região Sudeste;35;São Paulo;3507;Campinas;35032;Campinas;22;RM Campinas;3509502;CAMPINAS;350950205;CAMPINAS;35095020500;CAMPINAS;3509502000;CAMPINAS (todos os setores);1;216.0;677.0;3.13;1.75;658.82;861516.82;1408.96;784773.08;559.57;616864.15;1193.35;559005.34
350950205001008;3;Região Sudeste;35;São Paulo;3507;Campinas;35032;Campinas;22;RM Campinas;3509502;CAMPINAS;350950205;CAMPINAS;35095020500;CAMPINAS;3509502000;CAMPINAS (todos os setores);1;325.0;1031.0;3.17;1.77;1339.78;1064894.82;1418.33;1015756.73;840.79;829365.13;1203.68;750401.73
350950205001009;3;Região Sudeste;35;São Paulo;3507;Campinas;35032;Campinas;22;RM Campinas;3509502;CAMPINAS;350950205;CAMPINAS;35095020500;CAMPINAS;3509502000;CAMPINAS (todos os setores);1;284.0;962.0;3.39;1.98;1266.03;996739.78;1399.04;915055.51;815.06;881399.57;1216.86;826872.1
350950205001010;3;Região Sudeste;35;São Paulo;3507;Campinas;35032;Campinas;22;RM Campinas;3509502;CAMPINAS;350950205;CAMPINAS;35095020500;CAMPINAS;3509502000;CAMPINAS (todos os setores);1;176.0;685.0;3.89;4.19;877.47;541277.12;1036.48;474105.21;517.98;371601.79;886.02;309360.17
350950205001011;3;Região Sudeste;35;São Paulo;3507;Campinas;35032;Campinas;22;RM Campinas;3509502;CAMPINAS;350950205;CAMPINAS;35095020500;CAMPINAS;3509502000;CAMPINAS (todos os setores);1;249.0;762.0;3.06;1.72;830.55;568399.83;1013.76;507752.53;642.97;454323.16;963.04;372062.33
350950205001012;3;Região Sudeste;35;São Paulo;3507;Campinas;35032;Campinas;22;RM Campinas;3509502;CAMPINAS;350950205;CAMPINAS;35095020500;CAMPINAS;3509502000;CAMPINAS (todos os setores);1;315.0;1117.0;3.55;2.82;1493.81;82845124.07;1729.96;95580248.34;735.58;27887120.17;1265.35;47336646.83
350950205001013;3;Região Sudeste;35;São Paulo;3507;Campinas;35032;Campinas;22;RM Campinas;3509502;CAMPINAS;350950205;CAMPINAS;35095020500;CAMPINAS;3509502000;CAMPINAS (todos os setores);1;133.0;476.0;3.58;3.11;790.92;280335.24;855.23;247869.21;496.92;265711.27;765.77;203360.81
350950205001014;3;Região Sudeste;35;São Paulo;3507;Campinas;35032;Campinas;22;RM Campinas;3509502;CAMPINAS;350950205;CAMPINAS;35095020500;CAMPINAS;3509502000;CAMPINAS (todos os setores);1;127.0;507.0;3.99;3.9;733.35;246819.43;802.89;214108.73;452.32;211906.14;705.89;151477.08
350950205001015;3;Região Sudeste;35;São Paulo;3507;Campinas;35032;Campinas;22;RM Campinas;3509502;CAMPINAS;350950205;CAMPINAS;35095020500;CAMPINAS;3509502000;CAMPINAS (todos os setores);1;437.0;1481.0;3.39;2.38;864.52;1196460.64;1114.45;1264015.64;658.42;717132.15;1008.83;745319.99
350950205001016;3;Região Sudeste;35;São Paulo;3507;Campinas;35032;Campinas;22;RM Campinas;3509502;CAMPINAS;350950205;CAMPINAS;35095020500;CAMPINAS;3509502000;CAMPINAS (todos os setores);1;204.0;608.0;2.98;1.13;1997.66;2273584.27;2226.9;2022623.86;1367.92;2049557.31;1908.47;1827239.89
350950205001017;3;Região Sudeste;35;São Paulo;3507;Campinas;35032;Campinas;22;RM Campinas;3509502;CAMPINAS;350950205;CAMPINAS;35095020500;CAMPINAS;3509502000;CAMPINAS (todos os setores);1;235.0;722.0;3.07;1.14;1832.17;1460908.89;1993.33;1267266.46;1151.69;1432444.34;1666.84;1213988.92
350950205001018;3;Região Sudeste;35;São Paulo;3507;Campinas;35032;Campinas;22;RM Campinas;3509502;CAMPINAS;350950205;CAMPINAS;35095020500;CAMPINAS;3509502000;CAMPINAS (todos os setores);1;191.0;565.0;2.96;1.2;1731.54;1400007.73;1968.6;1123358.66;1081.8;1192108.73;1615.72;916922.59
350950205001019;3;Região Sudeste;35;São Paulo;3507;Campinas;35032;Campinas;22;RM Campinas;3509502;CAMPINAS;350950205;CAMPINAS;35095020500;CAMPINAS;3509502000;CAMPINAS (todos os setores);1;228.0;774.0;3.39;2.4;1094.43;834667.06;1205.45;785264.81;682.54;585502.22;1010.95;535103.8
350950205001020;3;Região Sudeste;35;São Paulo;3507;Campinas;35032;Campinas;22;RM Campinas;3509502;CAMPINAS;350950205;CAMPINAS;35095020500;CAMPINAS;3509502000;CAMPINAS (todos os setores);1;227.0;726.0;3.2;2.08;758.68;560893.46;1050.12;469751.63;767.05;667463.52;1110.67;584636.16
350950205001021;3;Região Sudeste;35;São Paulo;3507;Campinas;35032;Campinas;22;RM Campinas;3509502;CAMPINAS;350950205;CAMPINAS;35095020500;CAMPINAS;3509502000;CAMPINAS (todos os setores);1;144.0;435.0;3.02;1.52;1260.72;972780.0;1440.82;851289.99;774.78;799485.41;1222.0;714115.16
350950205001022;3;Região Sudeste;35;São Paulo;3507;Campinas;35032;Campinas;22;RM Campinas;3509502;CAMPINAS;350950205;CAMPINAS;35095020500;CAMPINAS;3509502000;CAMPINAS (todos os setores);1;233.0;727.0;3.12;1.99;1244.32;705291.45;1342.25;628997.52;812.83;696307.15;1179.62;577571.34
350950205001023;3;Região Sudeste;35;São Paulo;3507;Campinas;35032;Campinas;22;RM Campinas;3509502;CAMPINAS;350950205;CAMPINAS;35095020500;CAMPINAS;3509502000;CAMPINAS (todos os setores);1;235.0;732.0;3.11;1.85;970.77;527955.82;1112.83;446729.21;674.77;433553.0;959.35;343195.56
350950205001024;3;Região Sudeste;35;São Paulo;3507;Campinas;35032;Campinas;22;RM Campinas;3509502;CAMPINAS;350950205;CAMPINAS;35095020500;CAMPINAS;3509502000;CAMPINAS (todos os setores);1;305.0;944.0;3.1;1.91;1211.92;993231.33;1334.42;929929.09;760.56;712815.21;1114.77;649814.55
350950205001025;3;Região Sudeste;35;São Paulo;3507;Campinas;35032;Campinas;22;RM Campinas;3509502;CAMPINAS;350950205;CAMPINAS;35095020500;CAMPINAS;3509502000;CAMPINAS (todos os setores);1;109.0;393.0;3.61;2.94;783.09;266207.92;879.97;213346.84;501.27;289503.41;827.85;207340.24
350950205001026;3;Região Sudeste;35;São Paulo;3507;Campinas;35032;Campinas;22;RM Campinas;3509502;CAMPINAS;350950205;CAMPINAS;35095020500;CAMPINAS;3509502000;CAMPINAS (todos os setores);1;126.0;402.0;3.19;2.08;883.44;369010.22;1030.68;277912.3;576.36;312704.67;891.87;202013.55
350950205001027;3;Região Sudeste;35;São Paulo;3507;Campinas;35032;Campinas;22;RM Campinas;3509502;CAMPINAS;350950205;CAMPINAS;35095020500;CAMPINAS;3509502000;CAMPINAS (todos os setores);1;275.0;932.0;3.39;2.03;795.58;738617.27;1317.98;533865.61;568.51;554323.94;1102.16;486326.16
350950205001028;3;Região Sudeste;35;São Paulo;3507;Campinas;35032;Campinas;22;RM Campinas;3509502;CAMPINAS;350950205;CAMPINAS;35095020500;CAMPINAS;3509502000;CAMPINAS (todos os setores);1;318.0;1027.0;3.23;2.09;747.19;878735.51;1263.87;833120.39;668.85;646428.73;1155.29;554401.86
350950205001029;3;Região Sudeste;35;São Paulo;3507;Campinas;35032;Campinas;22;RM Campinas;3509502;CAMPINAS;350950205;CAMPINAS;35095020500;CAMPINAS;3509502000;CAMPINAS (todos os setores);1;224.0;744.0;3.32;2.09;1188.31;1099976.63;1273.59;1070160.92;680.14;664985.21;1028.94;647076.27
350950205001030;3;Região Sudeste;35;São Paulo;3507;Campinas;35032;Campinas;22;RM Campinas;3509502;CAMPINAS;350950205;CAMPINAS;35095020500;CAMPINAS;3509502000;CAMPINAS (todos os setores);1;196.0;600.0;3.06;2.01;761.7;653671.07;982.2;626142.61;675.62;570567.74;969.13;533890.7
350950205001031;3;Região Sudeste;35;São Paulo;3507;Campinas;35032;Campinas;22;RM Campinas;3509502;CAMPINAS;350950205;CAMPINAS;35095020500;CAMPINAS;3509502000;CAMPINAS (todos os setores);1;325.0;1135.0;3.49;2.92;1009.46;622808.95;1089.95;584612.1;629.78;463461.49;934.9;402652.76
350950205001032;3;Região Sudeste;35;São Paulo;3507;Campinas;35032;Campinas;22;RM Campinas;3509502;CAMPINAS;350950205;CAMPINAS;35095020500;CAMPINAS;3509502000;CAMPINAS (todos os setores);1;273.0;866.0;3.17;2.17;915.4;914620.56;1207.27;853580.68;720.19;634121.08;1083.79;560057.05
350950205001033;3;Região Sudeste;35;São Paulo;3507;Campinas;35032;Campinas;22;RM Campinas;3509502;CAMPINAS;350950205;CAMPINAS;35095020500;CAMPINAS;3509502000;CAMPINAS (todos os setores);1;195.0;603.0;3.09;2.87;1073.65;533781.43;1189.56;453070.76;708.78;510507.98;1057.22;392767.48
350950205001034;3;Região Sudeste;35;São Paulo;3507;Campinas;35032;Campinas;22;RM Campinas;3509502;CAMPINAS;350950205;CAMPINAS;35095020500;CAMPINAS;3509502000;CAMPINAS (todos os setores);1;277.0;718.0;2.59;1.56;1183.4;853251.11;1246.39;820029.16;838.71;834552.95;1139.93;790815.85
350950205001035;3;Região Sudeste;35;São Paulo;3507;Campinas;35032;Campinas;22;RM Campinas;3509502;CAMPINAS;350950205;CAMPINAS;35095020500;CAMPINAS;3509502000;CAMPINAS (todos os setores);1;224.0;588.0;2.63;1.41;1316.13;757791.41;1352.35;729531.45;888.92;734453.52;1186.77;626781.8
350950205001036;3;Região Sudeste;35;São Paulo;3507;Campinas;35032;Campinas;22;RM Campinas;3509502;CAMPINAS;350950205;CAMPINAS;35095020500;CAMPINAS;3509502000;CAMPINAS (todos os setores);1;186.0;601.0;3.23;2.25;1173.01;750038.05;1261.15;694916.69;709.17;651570.66;1071.63;596012.6
350950205001037;3;Região Sudeste;35;São Paulo;3507;Campinas;35032;Campinas;22;RM Campinas;3509502;CAMPINAS;350950205;CAMPINAS;35095020500;CAMPINAS;3509502000;CAMPINAS (todos os setores);1;346.0;1088.0;3.14;2.67;1169.24;583459.44;1204.04;558851.75;760.01;570237.91;1051.65;482228.91
350950205001038;3;Região Sudeste;35;São Paulo;3507;Campinas;35032;Campinas;22;RM Campinas;3509502;CAMPINAS;350950205;CAMPINAS;35095020500;CAMPINAS;3509502000;CAMPINAS (todos os setores);1;276.0;843.0;3.05;1.99;1293.77;888773.39;1362.9;841865.12;849.4;709896.73;1134.11;624796.05
350950205001039;3;Região Sudeste;35;São Paulo;3507;Campinas;35032;Campinas;22;RM Campinas;3509502;CAMPINAS;350950205;CAMPINAS;35095020500;CAMPINAS;3509502000;CAMPINAS (todos os setores);1;220.0;700.0;3.18;2.02;1422.57;1898851.94;1511.91;1882952.77;843.98;1216094.62;1248.61;1294089.39
350950205001040;3;Região Sudeste;35;São Paulo;3507;Campinas;35032;Campinas;22;RM Campinas;3509502;CAMPINAS;350950205;CAMPINAS;35095020500;CAMPINAS;3509502000;CAMPINAS (todos os setores);1;306.0;1009.0;3.3;2.58;1121.77;937702.23;1290.46;860735.34;689.2;639532.58;1076.03;582146.34
350950205001041;3;Região Sudeste;35;São Paulo;3507;Campinas;35032;Campinas;22;RM Campinas;3509502;CAMPINAS;350950205;CAMPINAS;35095020500;CAMPINAS;3509502000;CAMPINAS (todos os setores);1;252.0;800.0;3.17;2.42;1170.35;821474.95;1271.25;763783.91;743.34;668978.32;1095.2;600136.28
350950205001042;3;Região Sudeste;35;São Paulo;3507;Campinas;35032;Campinas;22;RM Campinas;3509502;CAMPINAS;350950205;CAMPINAS;35095020500;CAMPINAS;3509502000;CAMPINAS (todos os setores);1;193.0;738.0;3.82;2.8;1223.75;835807.43;1326.87;769032.38;507.87;626458.88;1174.9;665677.39
350950205001043;3;Região Sudeste;35;São Paulo;3507;Campinas;35032;Campinas;22;RM Campinas;3509502;CAMPINAS;350950205;CAMPINAS;35095020500;CAMPINAS;3509502000;CAMPINAS (todos os setores);1;76.0;290.0;3.82;3.01;577.95;195684.66;813.41;81773.64;416.03;213347.87;776.8;117364.23
350950205001044;3;Região Sudeste;35;São Paulo;3507;Campinas;35032;Campinas;22;RM Campinas;3509502;CAMPINAS;350950205;CAMPINAS;35095020500;CAMPINAS;3509502000;CAMPINAS (todos os setores);1;119.0;447.0;3.76;2.27;631.64;463243.33;939.56;398957.19;448.37;310166.07;848.7;247018.47
350950205001045;3;Região Sudeste;35;São Paulo;3507;Campinas;35032;Campinas;22;RM Campinas;3509502;CAMPINAS;350950205;CAMPINAS;35095020500;CAMPINAS;3509502000;CAMPINAS (todos os setores);1;293.0;1136.0;3.88;3.68;543.63;207144.44;740.86;135846.2;397.72;192529.48;705.97;124002.41
350950205001046;3;Região Sudeste;35;São Paulo;3507;Campinas;35032;Campinas;22;RM Campinas;3509502;CAMPINAS;350950205;CAMPINAS;35095020500;CAMPINAS;3509502000;CAMPINAS (todos os setores);1;121.0;436.0;3.6;1.67;682.25;260154.1;851.05;180035.59;434.22;348733.76;831.17;337543.94
350950205001047;3;Região Sudeste;35;São Paulo;3507;Campinas;35032;Campinas;22;RM Campinas;3509502;CAMPINAS;350950205;CAMPINAS;35095020500;CAMPINAS;3509502000;CAMPINAS (todos os setores);1;118.0;455.0;3.86;3.24;803.95;168952.78;878.39;118744.63;488.15;207539.15;780.62;103128.26
350950205001048;3;Região Sudeste;35;São Paulo;3507;Campinas;35032;Campinas;22;RM Campinas;3509502;CAMPINAS;350950205;CAMPINAS;35095020500;CAMPINAS;3509502000;CAMPINAS (todos os setores);1;143.0;497.0;3.48;2.21;600.87;353973.35;904.47;257206.63;579.66;362993.63;915.83;265274.25
350950205001049;3;Região Sudeste;35;São Paulo;3507;Campinas;35032;Campinas;22;RM Campinas;3509502;CAMPINAS;350950205;CAMPINAS;35095020500;CAMPINAS;3509502000;CAMPINAS (todos os setores);1;242.0;900.0;3.72;3.02;904.3;239324.19;981.35;183855.84;547.49;261599.41;846.62;151064.34
350950205001050;3;Região Sudeste;35;São Paulo;3507;Campinas;35032;Campinas;22;RM Campinas;3509502;CAMPINAS;350950205;CAMPINAS;35095020500;CAMPINAS;3509502000;CAMPINAS (todos os setores);1;161.0;583.0;3.62;3.07;660.42;471047.07;949.35;402218.48;630.74;388250.67;933.2;291892.57
350950205001051;3;Região Sudeste;35;São Paulo;3507;Campinas;35032;Campinas;22;RM Campinas;3509502;CAMPINAS;350950205;CAMPINAS;35095020500;CAMPINAS;3509502000;CAMPINAS (todos os setores);1;231.0;722.0;3.13;1.93;1152.61;640556.58;1226.98;590410.97;736.77;575650.09;1043.21;495217.38
350950205001052;3;Região Sudeste;35;São Paulo;3507;Campinas;35032;Campinas;22;RM Campinas;3509502;CAMPINAS;350950205;CAMPINAS;35095020500;CAMPINAS;3509502000;CAMPINAS (todos os setores);1;193.0;643.0;3.33;1.89;1139.1;698106.94;1188.36;669604.3;670.98;524128.24;994.71;454801.28
350950205001053;3;Região Sudeste;35;São Paulo;3507;Campinas;35032;Campinas;22;RM Campinas;3509502;CAMPINAS;350950205;CAMPINAS;35095020500;CAMPINAS;3509502000;CAMPINAS (todos os setores);1;325.0;1036.0;3.19;2.52;1074.98;1401359.18;1196.47;1414420.48;629.94;792273.46;1035.54;882547.03
350950205001054;3;Região Sudeste;35;São Paulo;3507;Campinas;35032;Campinas;22;RM Campinas;3509502;CAMPINAS;350950205;CAMPINAS;35095020500;CAMPINAS;3509502000;CAMPINAS (todos os setores);1;140.0;506.0;3.61;2.38;543.67;296647.04;845.71;204994.28;397.16;232498.61;775.49;160243.27
350950205001055;3;Região Sudeste;35;São Paulo;3507;Campinas;35032;Campinas;22;RM Campinas;3509502;CAMPINAS;350950205;CAMPINAS;35095020500;CAMPINAS;3509502000;CAMPINAS (todos os setores);1;187.0;725.0;3.88;4.1;591.6;212362.45;752.58;148564.63;390.77;196841.61;715.02;128122.98
350950205001056;3;Região Sudeste;35;São Paulo;3507;Campinas;35032;Campinas;22;RM Campinas;3509502;CAMPINAS;350950205;CAMPINAS;35095020500;CAMPINAS;3509502000;CAMPINAS (todos os setores);1;170.0;589.0;3.46;2.4;771.28;501618.83;957.07;444220.9;587.87;382652.15;910.94;298391.8
350950205001057;3;Região Sudeste;35;São Paulo;3507;Campinas;35032;Campinas;22;RM Campinas;3509502;CAMPINAS;350950205;CAMPINAS;35095020500;CAMPINAS;3509502000;CAMPINAS (todos os setores);1;240.0;763.0;3.18;1.85;631.05;494578.5;1003.0;412479.67;499.66;345482.6;876.73;275425.52
350950205001058;3;Região Sudeste;35;São Paulo;3507;Campinas;35032;Campinas;22;RM Campinas;3509502;CAMPINAS;350950205;CAMPINAS;35095020500;CAMPINAS;3509502000;CAMPINAS (todos os setores);1;285.0;1000.0;3.51;2.09;1044.49;595985.87;1162.81;525640.58;614.85;438836.39;960.49;353393.74
350950205001059;3;Região Sudeste;35;São Paulo;3507;Campinas;35032;Campinas;22;RM Campinas;3509502;CAMPINAS;350950205;CAMPINAS;35095020500;CAMPINAS;3509502000;CAMPINAS (todos os setores);1;373.0;1290.0;3.46;1.95;806.61;955122.78;1319.58;885328.31;677.88;700771.34;1164.98;636758.98
350950205001060;3;Região Sudeste;35;São Paulo;3507;Campinas;35032;Campinas;22;RM Campinas;3509502;CAMPINAS;350950205;CAMPINAS;35095020500;CAMPINAS;3509502000;CAMPINAS (todos os setores);1;257.0;851.0;3.31;2.36;865.79;281494.45;923.27;246969.76;529.12;282382.98;799.89;210150.03
350950205001061;3;Região Sudeste;35;São Paulo;3507;Campinas;35032;Campinas;22;RM Campinas;3509502;CAMPINAS;350950205;CAMPINAS;35095020500;CAMPINAS;3509502000;CAMPINAS (todos os setores);1;226.0;748.0;3.31;1.87;1303.58;1286478.9;1430.14;1230107.11;762.81;883253.5;1188.4;870234.94
350950205001062;3;Região Sudeste;35;São Paulo;3507;Campinas;35032;Campinas;22;RM Campinas;3509502;CAMPINAS;350950205;CAMPINAS;35095020500;CAMPINAS;3509502000;CAMPINAS (todos os setores);1;405.0;1356.0;3.35;2.13;912.88;738213.05;1200.37;625231.86;587.88;505075.99;1023.74;433231.51
350950205001063;3;Região Sudeste;35;São Paulo;3507;Campinas;35032;Campinas;22;RM Campinas;3509502;CAMPINAS;350950205;CAMPINAS;35095020500;CAMPINAS;3509502000;CAMPINAS (todos os setores);1;374.0;1278.0;3.42;2.14;955.75;658570.68;1171.97;553812.86;629.22;515756.26;1015.37;440076.84
350950205001064;3;Região Sudeste;35;São Paulo;3507;Campinas;35032;Campinas;22;RM Campinas;3509502;CAMPINAS;350950205;CAMPINAS;35095020500;CAMPINAS;3509502000;CAMPINAS (todos os setores);1;323.0;1204.0;3.73;2.33;1052.33;481778.64;1156.13;409046.87;625.14;444160.05;969.88;354603.64
350950205001065;3;Região Sudeste;35;São Paulo;3507;Campinas;35032;Campinas;22;RM Campinas;3509502;CAMPINAS;350950205;CAMPINAS;35095020500;CAMPINAS;3509502000;CAMPINAS (todos os setores);1;190.0;660.0;3.47;3.11;676.94;336084.82;819.23;289866.63;463.95;254847.18;755.96;194323.19
350950205001066;3;Região Sudeste;35;São Paulo;3507;Campinas;35032;Campinas;22;RM Campinas;3509502;CAMPINAS;350950205;CAMPINAS;35095020500;CAMPINAS;3509502000;CAMPINAS (todos os setores);1;184.0;784.0;4.26;4.73;671.79;479479.73;1004.95;381662.49;614.2;391703.13;946.6;288800.59
350950205001067;3;Região Sudeste;35;São Paulo;3507;Campinas;35032;Campinas;22;RM Campinas;3509502;CAMPINAS;350950205;CAMPINAS;35095020500;CAMPINAS;3509502000;CAMPINAS (todos os setores);1;276.0;954.0;3.46;2.71;1074.07;2861143.19;1305.92;3177364.42;700.39;1212398.68;1074.09;1458336.85
350950205001068;3;Região Sudeste;35;São Paulo;3507;Campinas;35032;Campinas;22;RM Campinas;3509502;CAMPINAS;350950205;CAMPINAS;35095020500;CAMPINAS;3509502000;CAMPINAS (todos os setores);1;245.0;765.0;3.12;2.2;1105.47;668778.22;1157.43;639945.83;729.9;552548.52;1008.62;482276.3
350950205001069;3;Região Sudeste;35;São Paulo;3507;Campinas;35032;Campinas;22;RM Campinas;3509502;CAMPINAS;350950205;CAMPINAS;35095020500;CAMPINAS;3509502000;CAMPINAS (todos os setores);2;4.0;14.0;3.5;0.33;862.5;25625.0;862.5;25625.0;519.17;164953.79;778.75;28183.93
350950205001070;3;Região Sudeste;35;São Paulo;3507;Campinas;35032;Campinas;22;RM Campinas;3509502;CAMPINAS;350950205;CAMPINAS;35095020500;CAMPINAS;3509502000;CAMPINAS (todos os setores);1;354.0;1172.0;3.31;2.32;1397.62;1581403.91;1499.26;1543908.84;786.44;992614.08;1207.71;1015587.43
350950205001071;3;Região Sudeste;35;São Paulo;3507;Campinas;35032;Campinas;22;RM Campinas;3509502;CAMPINAS;350950205;CAMPINAS;35095020500;CAMPINAS;3509502000;CAMPINAS (todos os setores);1;213.0;739.0;3.47;1.68;575.33;407758.86;1004.48;279795.33;581.07;565233.22;1020.54;544167.34
350950205001072;3;Região Sudeste;35;São Paulo;3507;Campinas;35032;Campinas;22;RM Campinas;3509502;CAMPINAS;350950205;CAMPINAS;35095020500;CAMPINAS;3509502000;CAMPINAS (todos os setores);1;148.0;535.0;3.61;2.09;893.1;430976.6;993.83;379088.9;525.32;360062.42;874.91;293576.75
350950205001073;3;Região Sudeste;35;São Paulo;3507;Campinas;35032;Campinas;22;RM Campinas;3509502;CAMPINAS;350950205;CAMPINAS;35095020500;CAMPINAS;3509502000;CAMPINAS (todos os setores);1;103.0;387.0;3.76;2.56;442.86;260743.59;814.55;175295.09;444.95;238839.76;799.95;144902.83
350950205001074;3;Região Sudeste;35;São Paulo;3507;Campinas;35032;Campinas;22;RM Campinas;3509502;CAMPINAS;350950205;CAMPINAS;35095020500;CAMPINAS;3509502000;CAMPINAS (todos os setores);1;235.0;898.0;3.82;3.82;519.33;536135.15;1089.66;503162.51;409.16;457853.45;1044.9;505119.81
350950205001075;3;Região Sudeste;35;São Paulo;3507;Campinas;35032;Campinas;22;RM Campinas;3509502;CAMPINAS;350950205;CAMPINAS;35095020500;CAMPINAS;3509502000;CAMPINAS (todos os setores);1;80.0;272.0;3.4;2.5;773.3;552061.0;923.34;520159.71;549.13;374462.92;871.29;313047.8
350950205001076;3;Região Sudeste;35;São Paulo;3507;Campinas;35032;Campinas;22;RM Campinas;3509502;CAMPINAS;350950205;CAMPINAS;35095020500;CAMPINAS;3509502000;CAMPINAS (todos os setores);1;282.0;1018.0;3.61;2.04;1192.54;680861.87;1308.54;594961.52;642.45;525604.27;1043.98;434750.02
350950205001077;3;Região Sudeste;35;São Paulo;3507;Campinas;35032;Campinas;22;RM Campinas;3509502;CAMPINAS;350950205;CAMPINAS;35095020500;CAMPINAS;3509502000;CAMPINAS (todos os setores);1;199.0;694.0;3.49;2.33;711.24;606059.61;1097.18;510742.96;660.26;464812.69;1022.55;349102.19
350950205001078;3;Região Sudeste;35;São Paulo;3507;Campinas;35032;Campinas;22;RM Campinas;3509502;CAMPINAS;350950205;CAMPINAS;35095020500;CAMPINAS;3509502000;CAMPINAS (todos os setores);1;198.0;696.0;3.52;2.09;1124.21;704347.42;1229.8;640295.44;659.74;581488.07;1014.85;533975.3
350950205001079;3;Região Sudeste;35;São Paulo;3507;Campinas;35032;Campinas;22;RM Campinas;3509502;CAMPINAS;350950205;CAMPINAS;35095020500;CAMPINAS;3509502000;CAMPINAS (todos os setores);1;219.0;756.0;3.45;1.6;1066.6;736995.37;1179.72;681425.94;624.22;515204.74;991.5;454034.39
350950205001080;3;Região Sudeste;35;São Paulo;3507;Campinas;35032;Campinas;22;RM Campinas;3509502;CAMPINAS;350950205;CAMPINAS;35095020500;CAMPINAS;3509502000;CAMPINAS (todos os setores);1;198.0;796.0;4.02;3.98;537.32;314917.49;776.57;269009.94;524.36;472642.36;847.04;490219.51
350950205001081;3;Região Sudeste;35;São Paulo;3507;Campinas;35032;Campinas;22;RM Campinas;3509502;CAMPINAS;350950205;CAMPINAS;35095020500;CAMPINAS;3509502000;CAMPINAS (todos os setores);1;230.0;824.0;3.58;2.23;882.37;534089.19;1062.54;451273.08;591.5;441952.37;947.73;370346.39
350950205001082;3;Região Sudeste;35;São Paulo;3507;Campinas;35032;Campinas;22;RM Campinas;3509502;CAMPINAS;350950205;CAMPINAS;35095020500;CAMPINAS;3509502000;CAMPINAS (todos os setores);2;181.0;668.0;3.69;2.24;1045.46;570288.09;1153.83;503957.58;566.06;432706.07;980.0;343186.31
350950205001083;3;Região Sudeste;35;São Paulo;3507;Campinas;35032;Campinas;22;RM Campinas;3509502;CAMPINAS;350950205;CAMPINAS;35095020500;CAMPINAS;3509502000;CAMPINAS (todos os setores);1;288.0;1104.0;3.83;3.08;714.91;348357.75;931.65;251606.01;407.51;271267.44;817.77;208725.4
350950205001084;3;Região Sudeste;35;São Paulo;3507;Campinas;35032;Campinas;22;RM Campinas;3509502;CAMPINAS;350950205;CAMPINAS;35095020500;CAMPINAS;3509502000;CAMPINAS (todos os setores);1;297.0;1068.0;3.6;2.61;870.95;330592.13;944.06;289171.79;497.18;298007.67;805.75;234216.21
350950205001085;3;Região Sudeste;35;São Paulo;3507;Campinas;35032;Campinas;22;RM Campinas;3509502;CAMPINAS;350950205;CAMPINAS;35095020500;CAMPINAS;3509502000;CAMPINAS (todos os setores);1;280.0;1069.0;3.82;2.78;830.5;447543.9;1047.48;336689.46;357.43;323573.08;960.38;290252.56
350950205001086;3;Região Sudeste;35;São Paulo;3507;Campinas;35032;Campinas;22;RM Campinas;3509502;CAMPINAS;350950205;CAMPINAS;35095020500;CAMPINAS;3509502000;CAMPINAS (todos os setores);1;284.0;1049.0;3.69;2.89;863.05;491878.26;924.93;469827.68;494.19;320734.61;777.98;284067.65
350950205001087;3;Região Sudeste;35;São Paulo;3507;Campinas;35032;Campinas;22;RM Campinas;3509502;CAMPINAS;350950205;CAMPINAS;35095020500;CAMPINAS;3509502000;CAMPINAS (todos os setores);1;268.0;966.0;3.6;2.94;827.71;278761.41;920.44;224412.46;496.77;258141.31;798.7;173710.03
350950205001088;3;Região Sudeste;35;São Paulo;3507;Campinas;35032;Campinas;22;RM Campinas;3509502;CAMPINAS;350950205;CAMPINAS;35095020500;CAMPINAS;3509502000;CAMPINAS (todos os setores);1;232.0;932.0;4.02;4.27;455.78;185204.33;704.95;110303.97;301.71;154694.66;658.93;102310.55
350950205001089;3;Região Sudeste;35;São Paulo;3507;Campinas;35032;Campinas;22;RM Campinas;3509502;CAMPINAS;350950205;CAMPINAS;35095020500;CAMPINAS;3509502000;CAMPINAS (todos os setores);1;263.0;918.0;3.49;2.22;640.83;405258.61;963.08;298083.44;451.08;479574.93;932.39;542677.51
350950205001090;3;Região Sudeste;35;São Paulo;3507;Campinas;35032;Campinas;22;RM Campinas;3509502;CAMPINAS;350950205;CAMPINAS;35095020500;CAMPINAS;3509502000;CAMPINAS (todos os setores);1;274.0;1046.0;3.82;3.48;758.88;729075.3;911.99;736569.14;492.3;479984.0;833.2;528415.35
350950205001091;3;Região Sudeste;35;São Paulo;3507;Campinas;35032;Campinas;22;RM Campinas;3509502;CAMPINAS;350950205;CAMPINAS;35095020500;CAMPINAS;3509502000;CAMPINAS (todos os setores);1;390.0;1431.0;3.67;1.7;1111.57;455953.29;1194.25;390948.31;625.21;432474.46;972.72;334703.08
350950205001092;3;Região Sudeste;35;São Paulo;3507;Campinas;35032;Campinas;22;RM Campinas;3509502;CAMPINAS;350950205;CAMPINAS;35095020500;CAMPINAS;3509502000;CAMPINAS (todos os setores);1;275.0;921.0;3.35;2.13;1017.26;506234.32;1075.95;472163.55;605.28;415383.68;917.05;343294.01
350950205001093;3;Região Sudeste;35;São Paulo;3507;Campinas;35032;Campinas;22;RM Campinas;3509502;CAMPINAS;350950205;CAMPINAS;35095020500;CAMPINAS;3509502000;CAMPINAS (todos os setores);1;221.0;796.0;3.6;2.12;1137.86;624230.98;1226.67;563716.74;632.01;463170.7;977.38;378527.7
350950205001094;3;Região Sudeste;35;São Paulo;3507;Campinas;35032;Campinas;22;RM Campinas;3509502;CAMPINAS;350950205;CAMPINAS;35095020500;CAMPINAS;3509502000;CAMPINAS (todos os setores);1;130.0;497.0;3.82;2.89;602.92;284625.5;890.68;162783.44;463.61;346192.05;832.48;314425.71
350950205001095;3;Região Sudeste;35;São Paulo;3507;Campinas;35032;Campinas;22;RM Campinas;3509502;CAMPINAS;350950205;CAMPINAS;35095020500;CAMPINAS;3509502000;CAMPINAS (todos os setores);1;320.0;1172.0;3.66;2.53;592.38;294361.99;842.49;207541.89;486.86;271462.68;834.39;175099.26
350950205001096;3;Região Sudeste;35;São Paulo;3507;Campinas;35032;Campinas;22;RM Campinas;3509502;CAMPINAS;350950205;CAMPINAS;35095020500;CAMPINAS;3509502000;CAMPINAS (todos os setores);1;363.0;1420.0;3.91;3.21;674.23;288638.51;855.76;210735.24;404.97;227060.41;763.0;154509.99
350950205001097;3;Região Sudeste;35;São Paulo;3507;Campinas;35032;Campinas;22;RM Campinas;3509502;CAMPINAS;350950205;CAMPINAS;35095020500;CAMPINAS;3509502000;CAMPINAS (todos os setores);1;161.0;587.0;3.65;3.52;826.34;349731.55;957.13;279397.81;519.17;307087.73;870.53;208718.8
350950205001098;3;Região Sudeste;35;São Paulo;3507;Campinas;35032;Campinas;22;RM Campinas;3509502;CAMPINAS;350950205;CAMPINAS;35095020500;CAMPINAS;3509502000;CAMPINAS (todos os setores);1;172.0;657.0;3.82;3.08;893.52;756839.5;1024.57;733416.06;551.79;447763.35;886.34;422644.79
350950205001099;3;Região Sudeste;35;São Paulo;3507;Campinas;35032;Campinas;22;RM Campinas;3509502;CAMPINAS;350950205;CAMPINAS;35095020500;CAMPINAS;3509502000;CAMPINAS (todos os setores);1;286.0;1092.0;3.82;3.3;700.88;552938.56;886.95;534617.02;421.46;350899.18;813.87;358258.63
350950205001100;3;Região Sudeste;35;São Paulo;3507;Campinas;35032;Campinas;22;RM Campinas;3509502;CAMPINAS;350950205;CAMPINAS;35095020500;CAMPINAS;3509502000;CAMPINAS (todos os setores);1;329.0;1239.0;3.77;3.54;508.48;166876.57;640.95;125283.08;407.75;185376.08;667.28;130097.09
350950205001101;3;Região Sudeste;35;São Paulo;3507;Campinas;35032;Campinas;22;RM Campinas;3509502;CAMPINAS;350950205;CAMPINAS;35095020500;CAMPINAS;3509502000;CAMPINAS (todos os setores);2;944.0;3246.0;3.44;2.37;711.12;606284.8;982.87;570827.0;568.33;413931.89;906.97;353398.83
350950205001102;3;Região Sudeste;35;São Paulo;3507;Campinas;35032;Campinas;22;RM Campinas;3509502;CAMPINAS;350950205;CAMPINAS;35095020500;CAMPINAS;3509502000;CAMPINAS (todos os setores);1;284.0;976.0;3.44;2.86;1022.06;458989.98;1103.67;405366.38;641.73;622160.23;943.59;629993.71
350950205001103;3;Região Sudeste;35;São Paulo;3507;Campinas;35032;Campinas;22;RM Campinas;3509502;CAMPINAS;350950205;CAMPINAS;35095020500;CAMPINAS;3509502000;CAMPINAS (todos os setores);1;201.0;702.0;3.49;2.69;828.6;459725.21;973.96;398437.12;548.65;347261.54;833.9;289794.81
350950205001104;3;Região Sudeste;35;São Paulo;3507;Campinas;35032;Campinas;22;RM Campinas;3509502;CAMPINAS;350950205;CAMPINAS;35095020500;CAMPINAS;3509502000;CAMPINAS (todos os setores);1;195.0;619.0;3.17;2.04;663.56;404233.4;951.43;304984.84;614.12;361771.96;932.36;252220.18
350950205001105;3;Região Sudeste;35;São Paulo;3507;Campinas;35032;Campinas;22;RM Campinas;3509502;CAMPINAS;350950205;CAMPINAS;35095020500;CAMPINAS;3509502000;CAMPINAS (todos os setores);1;82.0;313.0;3.82;3.14;578.65;296082.53;777.85;242175.89;394.11;217882.14;684.11;179577.32
350950205001106;3;Região Sudeste;35;São Paulo;3507;Campinas;35032;Campinas;22;RM Campinas;3509502;CAMPINAS;350950205;CAMPINAS;35095020500;CAMPINAS;3509502000;CAMPINAS (todos os setores);1;144.0;496.0;3.44;2.18;669.32;612967.18;983.49;591483.92;546.37;369107.8;844.74;318448.56
350950205001107;3;Região Sudeste;35;São Paulo;3507;Campinas;35032;Campinas;22;RM Campinas;3509502;CAMPINAS;350950205;CAMPINAS;35095020500;CAMPINAS;3509502000;CAMPINAS (todos os setores);1;165.0;550.0;3.33;1.91;697.7;813315.93;1046.55;855263.09;691.49;689129.34;1032.86;676704.07
350950205001108;3;Região Sudeste;35;São Paulo;3507;Campinas;35032;Campinas;22;RM Campinas;3509502;CAMPINAS;350950205;CAMPINAS;35095020500;CAMPINAS;3509502000;CAMPINAS (todos os setores);1;57.0;198.0;3.47;2.36;669.16;172050.89;778.41;113913.04;459.81;200703.14;733.22;118839.37
350950205001109;3;Região Sudeste;35;São Paulo;3507;Campinas;35032;Campinas;22;RM Campinas;3509502;CAMPINAS;350950205;CAMPINAS;35095020500;CAMPINAS;3509502000;CAMPINAS (todos os setores);1;303.0;1072.0;3.54;2.48;957.07;404689.59;1050.69;345692.91;569.45;370423.77;922.84;274010.02
350950205001110;3;Região Sudeste;35;São Paulo;3507;Campinas;35032;Campinas;22;RM Campinas;3509502;CAMPINAS;350950205;CAMPINAS;35095020500;CAMPINAS;3509502000;CAMPINAS (todos os setores);1;248.0;880.0;3.55;2.54;933.38;370566.15;1006.43;325855.49;547.15;335160.03;872.13;250622.84
350950205001111;3;Região Sudeste;35;São Paulo;3507;Campinas;35032;Campinas;22;RM Campinas;3509502;CAMPINAS;350950205;CAMPINAS;35095020500;CAMPINAS;3509502000;CAMPINAS (todos os setores);1;246.0;906.0;3.68;3.32;894.63;556054.13;1068.34;478061.84;574.94;424554.81;941.92;349721.13
350950205001112;3;Região Sudeste;35;São Paulo;3507;Campinas;35032;Campinas;22;RM Campinas;3509502;CAMPINAS;350950205;CAMPINAS;35095020500;CAMPINAS;3509502000;CAMPINAS (todos os setores);1;152.0;551.0;3.63;3.79;795.43;548778.13;1119.49;408267.73;514.89;341671.41;894.57;253655.05
350950205001113;3;Região Sudeste;35;São Paulo;3507;Campinas;35032;Campinas;22;RM Campinas;3509502;CAMPINAS;350950205;CAMPINAS;35095020500;CAMPINAS;3509502000;CAMPINAS (todos os setores);1;195.0;606.0;3.11;2.48;2074.98;6993440.75;2644.58;7409569.01;1380.78;4674409.02;2152.87;5628811.67
350950205001114;3;Região Sudeste;35;São Paulo;3507;Campinas;35032;Campinas;22;RM Campinas;3509502;CAMPINAS;350950205;CAMPINAS;35095020500;CAMPINAS;3509502000;CAMPINAS (todos os setores);1;155.0;509.0;3.28;2.35;1603.64;6929120.82;1868.9;7584466.95;824.56;2848913.49;1362.81;3979009.74
350950205001115;3;Região Sudeste;35;São Paulo;3507;Campinas;35032;Campinas;22;RM Campinas;3509502;CAMPINAS;350950205;CAMPINAS;35095020500;CAMPINAS;3509502000;CAMPINAS (todos os setores);1;112.0;366.0;3.27;2.49;788.66;738676.57;1132.44;670486.2;823.21;1030050.13;1157.41;1061550.48
350950205001116;3;Região Sudeste;35;São Paulo;3507;Campinas;35032;Campinas;22;RM Campinas;3509502;CAMPINAS;350950205;CAMPINAS;35095020500;CAMPINAS;3509502000;CAMPINAS (todos os setores);1;34.0;123.0;3.62;5.88;673.88;231925.93;848.59;140407.48;414.86;197273.39;756.93;99292.39
350950205001117;3;Região Sudeste;35;São Paulo;3507;Campinas;35032;Campinas;22;RM Campinas;3509502;CAMPINAS;350950205;CAMPINAS;35095020500;CAMPINAS;3509502000;CAMPINAS (todos os setores);2;86.0;287.0;3.34;2.98;876.01;1809596.91;1091.84;2022879.87;560.87;830594.23;938.53;1036797.2
350950205001118;3;Região Sudeste;35;São Paulo;3507;Campinas;35032;Campinas;22;RM Campinas;3509502;CAMPINAS;350950205;CAMPINAS;35095020500;CAMPINAS;3509502000;CAMPINAS (todos os setores);2;5.0;19.0;3.8;2.2;1320.0;587000.0;1650.0;56666.67;605.0;477826.67;1075.56;326552.78
350950205001119;3;Região Sudeste;35;São Paulo;3507;Campinas;35032;Campinas;22;RM Campinas;3509502;CAMPINAS;350950205;CAMPINAS;35095020500;CAMPINAS;3509502000;CAMPINAS (todos os setores);1;233.0;918.0;3.94;4.46;710.89;178412.3;807.99;124062.77;431.13;181711.76;724.15;92830.79
350950205001120;3;Região Sudeste;35;São Paulo;3507;Campinas;35032;Campinas;22;RM Campinas;3509502;CAMPINAS;350950205;CAMPINAS;35095020500;CAMPINAS;3509502000;CAMPINAS (todos os setores);1;400.0;1396.0;3.49;2.69;837.25;464145.27;982.11;401999.61;505.65;344836.82;859.76;281782.42
350950205001121;3;Região Sudeste;35;São Paulo;3507;Campinas;35032;Campinas;22;RM Campinas;3509502;CAMPINAS;350950205;CAMPINAS;35095020500;CAMPINAS;3509502000;CAMPINAS (todos os setores);1;434.0;1536.0;3.54;3.81;659.5;215485.48;786.33;157036.3;419.64;206812.12;719.46;138770.11
350950205001122;3;Região Sudeste;35;São Paulo;3507;Campinas;35032;Campinas;22;RM Campinas;3509502;CAMPINAS;350950205;CAMPINAS;35095020500;CAMPINAS;3509502000;CAMPINAS (todos os setores);1;90.0;335.0;3.72;3.28;435.9;158758.2;676.4;82360.7;374.34;190399.73;680.85;137253.32
350950205001123;3;Região Sudeste;35;São Paulo;3507;Campinas;35032;Campinas;22;RM Campinas;3509502;CAMPINAS;350950205;CAMPINAS;35095020500;CAMPINAS;3509502000;CAMPINAS (todos os setores);1;289.0;967.0;3.35;2.78;786.43;1139368.85;854.43;1179936.99;454.19;636293.48;748.78;828825.49
350950205001124;3;Região Sudeste;35;São Paulo;3507;Campinas;35032;Campinas;22;RM Campinas;3509502;CAMPINAS;350950205;CAMPINAS;35095020500;CAMPINAS;3509502000;CAMPINAS (todos os setores);1;44.0;171.0;3.89;3.41;1416.34;9427995.63;1684.3;10797362.16;626.93;3179333.21;1097.13;5070476.89
350950205001125;3;Região Sudeste;35;São Paulo;3507;Campinas;35032;Campinas;22;RM Campinas;3509502;CAMPINAS;350950205;CAMPINAS;35095020500;CAMPINAS;3509502000;CAMPINAS (todos os setores);1;448.0;1555.0;3.47;3.12;788.1;591400.83;926.69;566906.3;492.41;446891.14;846.65;468496.64
350950205001126;3;Região Sudeste;35;São Paulo;3507;Campinas;35032;Campinas;22;RM Campinas;3509502;CAMPINAS;350950205;CAMPINAS;35095020500;CAMPINAS;3509502000;CAMPINAS (todos os setores);1;208.0;759.0;3.65;3.96;722.1;1026076.45;956.67;1135682.31;509.49;943035.6;900.36;1315695.0
350950205001127;3;Região Sudeste;35;São Paulo;3507;Campinas;35032;Campinas;22;RM Campinas;3509502;CAMPINAS;350950205;CAMPINAS;35095020500;CAMPINAS;3509502000;CAMPINAS (todos os setores);1;367.0;1295.0;3.53;2.75;938.21;513094.54;1024.77;471605.44;543.1;376393.31;865.6;320666.67
350950205001128;3;Região Sudeste;35;São Paulo;3507;Campinas;35032;Campinas;22;RM Campinas;3509502;CAMPINAS;350950205;CAMPINAS;35095020500;CAMPINAS;3509502000;CAMPINAS (todos os setores);1;270.0;883.0;3.27;2.02;918.79;262355.29;976.67;222197.57;582.85;278999.32;845.61;182415.05
350950205001129;3;Região Sudeste;35;São Paulo;3507;Campinas;35032;Campinas;22;RM Campinas;3509502;CAMPINAS;350950205;CAMPINAS;35095020500;CAMPINAS;3509502000;CAMPINAS (todos os setores);1;255.0;905.0;3.55;2.39;713.4;559545.81;1129.92;414704.39;661.45;466223.14;1040.18;338971.19
350950205001130;3;Região Sudeste;35;São Paulo;3507;Campinas;35032;Campinas;22;RM Campinas;3509502;CAMPINAS;350950205;CAMPINAS;35095020500;CAMPINAS;3509502000;CAMPINAS (todos os setores);1;150.0;523.0;3.49;2.16;831.81;1124800.17;1114.03;1192633.68;515.59;636098.71;955.43;759001.66
350950205001131;3;Região Sudeste;35;São Paulo;3507;Campinas;35032;Campinas;22;RM Campinas;3509502;CAMPINAS;350950205;CAMPINAS;35095020500;CAMPINAS;3509502000;CAMPINAS (todos os setores);1;191.0;752.0;3.94;4.08;583.2;274397.1;778.96;213589.07;429.66;220647.11;746.93;146395.54
350950205001132;3;Região Sudeste;35;São Paulo;3507;Campinas;35032;Campinas;22;RM Campinas;3509502;CAMPINAS;350950205;CAMPINAS;35095020500;CAMPINAS;3509502000;CAMPINAS (todos os setores);1;131.0;545.0;4.16;3.12;285.23;118750.33;583.83;67942.65;250.72;101345.32;566.35;49912.85
350950205001133;3;Região Sudeste;35;São Paulo;3507;Campinas;35032;Campinas;22;RM Campinas;3509502;CAMPINAS;350950205;CAMPINAS;35095020500;CAMPINAS;3509502000;CAMPINAS (todos os setores);1;272.0;928.0;3.41;2.26;963.96;722968.19;1170.53;635712.24;588.54;524100.28;1028.68;463150.59
350950205001134;3;Região Sudeste;35;São Paulo;3507;Campinas;35032;Campinas;22;RM Campinas;3509502;CAMPINAS;350950205;CAMPINAS;35095020500;CAMPINAS;3509502000;CAMPINAS (todos os setores);1;327.0;1103.0;3.37;2.34;1177.44;1917668.56;1246.03;1943998.58;701.43;981629.22;1018.54;1102606.89
350950205001135;3;Região Sudeste;35;São Paulo;3507;Campinas;35032;Campinas;22;RM Campinas;3509502;CAMPINAS;350950205;CAMPINAS;35095020500;CAMPINAS;3509502000;CAMPINAS (todos os setores);1;221.0;726.0;3.29;1.86;1107.64;894842.8;1236.31;839439.12;716.46;765651.22;1048.76;772278.11
350950205001136;3;Região Sudeste;35;São Paulo;3507;Campinas;35032;Campinas;22;RM Campinas;3509502;CAMPINAS;350950205;CAMPINAS;35095020500;CAMPINAS;3509502000;CAMPINAS (todos os setores);1;225.0;713.0;3.17;1.78;1185.63;583932.62;1235.03;547080.79;786.12;578725.1;1035.81;503756.93
350950205001137;3;Região Sudeste;35;São Paulo;3507;Campinas;35032;Campinas;22;RM Campinas;3509502;CAMPINAS;350950205;CAMPINAS;35095020500;CAMPINAS;3509502000;CAMPINAS (todos os setores);1;134.0;417.0;3.11;2.16;1217.3;1447728.8;1348.08;1426789.03;818.5;1153511.2;1186.18;1235869.93
350950205001138;3;Região Sudeste;35;São Paulo;3507;Campinas;35032;Campinas;22;RM Campinas;3509502;CAMPINAS;350950205;CAMPINAS;35095020500;CAMPINAS;3509502000;CAMPINAS (todos os setores);1;307.0;1034.0;3.37;2.08;568.45;803647.52;1211.9;934446.33;542.0;619293.36;1120.81;631936.8
350950205001139;3;Região Sudeste;35;São Paulo;3507;Campinas;35032;Campinas;22;RM Campinas;3509502;CAMPINAS;350950205;CAMPINAS;35095020500;CAMPINAS;3509502000;CAMPINAS (todos os setores);1;331.0;1101.0;3.33;2.09;612.89;353620.22;885.88;268922.73;591.46;430699.99;881.91;385982.84
350950205001140;3;Região Sudeste;35;São Paulo;3507;Campinas;35032;Campinas;22;RM Campinas;3509502;CAMPINAS;350950205;CAMPINAS;35095020500;CAMPINAS;3509502000;CAMPINAS (todos os setores);1;372.0;1282.0;3.45;2.14;768.52;394119.26;940.43;320368.51;593.12;390519.87;894.95;319028.9
350950205001141;3;Região Sudeste;35;São Paulo;3507;Campinas;35032;Campinas;22;RM Campinas;3509502;CAMPINAS;350950205;CAMPINAS;35095020500;CAMPINAS;3509502000;CAMPINAS (todos os setores);1;214.0;735.0;3.43;2.24;562.61;400917.37;933.33;318452.13;537.38;337622.25;871.49;256148.4
350950205001142;3;Região Sudeste;35;São Paulo;3507;Campinas;35032;Campinas;22;RM Campinas;3509502;CAMPINAS;350950205;CAMPINAS;35095020500;CAMPINAS;3509502000;CAMPINAS (todos os setores);1;422.0;1461.0;3.46;2.28;813.55;491684.47;1024.82;402586.07;559.84;404648.16;913.19;337287.33
350950205001143;3;Região Sudeste;35;São Paulo;3507;Campinas;35032;Campinas;22;RM Campinas;3509502;CAMPINAS;350950205;CAMPINAS;35095020500;CAMPINAS;3509502000;CAMPINAS (todos os setores);1;389.0;1391.0;3.58;2.48;959.57;834497.03;1204.11;752447.42;561.63;516616.11;1000.19;481328.68
350950205001144;3;Região Sudeste;35;São Paulo;3507;Campinas;35032;Campinas;22;RM Campinas;3509502;CAMPINAS;350950205;CAMPINAS;35095020500;CAMPINAS;3509502000;CAMPINAS (todos os setores);1;301.0;1091.0;3.62;2.88;1002.42;637923.07;1113.38;584795.31;626.88;439398.54;933.22;368126.16
350950205001145;3;Região Sudeste;35;São Paulo;3507;Campinas;35032;Campinas;22;RM Campinas;3509502;CAMPINAS;350950205;CAMPINAS;35095020500;CAMPINAS;3509502000;CAMPINAS (todos os setores);1;130.0;444.0;3.42;2.79;894.5;286386.76;930.28;264380.77;450.1;342140.3;858.07;301988.75
350950205001146;3;Região Sudeste;35;São Paulo;3507;Campinas;35032;Campinas;22;RM Campinas;3509502;CAMPINAS;350950205;CAMPINAS;35095020500;CAMPINAS;3509502000;CAMPINAS (todos os setores);1;420.0;1606.0;3.82;3.34;694.04;315352.13;794.27;281191.82;436.14;303367.0;711.6;298947.28
350950205001147;3;Região Sudeste;35;São Paulo;3507;Campinas;35032;Campinas;22;RM Campinas;3509502;CAMPINAS;350950205;CAMPINAS;35095020500;CAMPINAS;3509502000;CAMPINAS (todos os setores);1;140.0;524.0;3.74;3.75;703.18;216647.04;793.91;172209.4;414.16;210425.3;689.72;160176.21
350950205001148;3;Região Sudeste;35;São Paulo;3507;Campinas;35032;Campinas;22;RM Campinas;3509502;CAMPINAS;350950205;CAMPINAS;35095020500;CAMPINAS;3509502000;CAMPINAS (todos os setores);1;780.0;2781.0;3.57;3.57;679.84;177624.03;780.96;124993.68;383.49;184274.46;717.5;105051.97
350950205001149;3;Região Sudeste;35;São Paulo;3507;Campinas;35032;Campinas;22;RM Campinas;3509502;CAMPINAS;350950205;CAMPINAS;35095020500;CAMPINAS;3509502000;CAMPINAS (todos os setores);1;226.0;853.0;3.77;3.63;366.23;224871.3;745.65;174475.83;347.51;173512.53;694.0;105853.46
350950205001150;3;Região Sudeste;35;São Paulo;3507;Campinas;35032;Campinas;22;RM Campinas;3509502;CAMPINAS;350950205;CAMPINAS;35095020500;CAMPINAS;3509502000;CAMPINAS (todos os setores);1;148.0;530.0;3.58;2.59;916.19;434744.06;997.03;392190.86;525.28;320063.83;836.76;248972.97
350950205001151;3;Região Sudeste;35;São Paulo;3507;Campinas;35032;Campinas;22;RM Campinas;3509502;CAMPINAS;350950205;CAMPINAS;35095020500;CAMPINAS;3509502000;CAMPINAS (todos os setores);1;150.0;572.0;3.81;4.18;674.57;233893.91;809.48;170959.57;454.37;511725.64;778.68;624857.04
350950205001152;3;Região Sudeste;35;São Paulo;3507;Campinas;35032;Campinas;22;RM Campinas;3509502;CAMPINAS;350950205;CAMPINAS;35095020500;CAMPINAS;3509502000;CAMPINAS (todos os setores);1;193.0;788.0;4.08;3.85;663.89;140535.84;776.55;76511.14;397.86;167990.55;688.04;90640.64
350950205001153;3;Região Sudeste;35;São Paulo;3507;Campinas;35032;Campinas;22;RM Campinas;3509502;CAMPINAS;350950205;CAMPINAS;35095020500;CAMPINAS;3509502000;CAMPINAS (todos os setores);1;160.0;630.0;3.94;4.75;643.04;196638.74;767.81;138561.14;380.87;169796.9;671.5;103975.15
350950205001154;3;Região Sudeste;35;São Paulo;3507;Campinas;35032;Campinas;22;RM Campinas;3509502;CAMPINAS;350950205;CAMPINAS;35095020500;CAMPINAS;3509502000;CAMPINAS (todos os setores);1;265.0;923.0;3.48;2.9;1229.37;6477208.36;1324.32;6853263.96;652.34;2820724.67;1111.23;4298427.14
350950205001155;3;Região Sudeste;35;São Paulo;3507;Campinas;35032;Campinas;22;RM Campinas;3509502;CAMPINAS;350950205;CAMPINAS;35095020500;CAMPINAS;3509502000;CAMPINAS (todos os setores);1;266.0;996.0;3.74;3.73;1524.67;149825090.25;1818.66;178308179.81;730.01;49146657.85;1237.39;82746494.8
350950205001156;3;Região Sudeste;35;São Paulo;3507;Campinas;35032;Campinas;22;RM Campinas;3509502;CAMPINAS;350950205;CAMPINAS;35095020500;CAMPINAS;3509502000;CAMPINAS (todos os setores);1;274.0;954.0;3.48;3.18;724.44;451500.83;918.97;393706.52;429.75;366759.56;821.81;379185.06
350950205001157;3;Região Sudeste;35;São Paulo;3507;Campinas;35032;Campinas;22;RM Campinas;3509502;CAMPINAS;350950205;CAMPINAS;35095020500;CAMPINAS;3509502000;CAMPINAS (todos os setores);1;161.0;557.0;3.46;1.62;790.66;1014264.0;1136.57;1065305.35;639.79;661957.48;1031.02;663381.35
350950205001158;3;Região Sudeste;35;São Paulo;3507;Campinas;35032;Campinas;22;RM Campinas;3509502;CAMPINAS;350950205;CAMPINAS;35095020500;CAMPINAS;3509502000;CAMPINAS (todos os setores);1;211.0;756.0;3.58;2.57;1063.79;638558.79;1163.0;582437.68;663.52;501824.56;1007.68;415109.55
350950205001159;3;Região Sudeste;35;São Paulo;3507;Campinas;35032;Campinas;22;RM Campinas;3509502;CAMPINAS;350950205;CAMPINAS;35095020500;CAMPINAS;3509502000;CAMPINAS (todos os setores);1;279.0;922.0;3.3;2.37;1100.88;1025273.95;1218.83;991226.26;685.16;745859.54;1056.18;757910.01
350950205001160;3;Região Sudeste;35;São Paulo;3507;Campinas;35032;Campinas;22;RM Campinas;3509502;CAMPINAS;350950205;CAMPINAS;35095020500;CAMPINAS;3509502000;CAMPINAS (todos os setores);1;278.0;921.0;3.31;2.25;1010.6;566782.71;1137.44;493351.5;630.43;480394.58;1005.65;388791.07
350950205001161;3;Região Sudeste;35;São Paulo;3507;Campinas;35032;Campinas;22;RM Campinas;3509502;CAMPINAS;350950205;CAMPINAS;35095020500;CAMPINAS;3509502000;CAMPINAS (todos os setores);1;310.0;1056.0;3.41;2.2;1059.21;700916.85;1211.64;616783.98;645.17;565138.96;1007.93;517181.62
350950205001162;3;Região Sudeste;35;São Paulo;3507;Campinas;35032;Campinas;22;RM Campinas;3509502;CAMPINAS;350950205;CAMPINAS;35095020500;CAMPINAS;3509502000;CAMPINAS (todos os setores);1;271.0;986.0;3.64;2.82;1030.08;925848.21;1168.0;888565.97;634.6;697868.38;1023.07;727694.85
350950205001163;3;Região Sudeste;35;São Paulo;3507;Campinas;35032;Campinas;22;RM Campinas;3509502;CAMPINAS;350950205;CAMPINAS;35095020500;CAMPINAS;3509502000;CAMPINAS (todos os setores);1;307.0;1056.0;3.44;2.91;802.22;651935.21;1184.05;509445.22;529.17;433895.93;973.68;365428.45
350950205001164;3;Região Sudeste;35;São Paulo;3507;Campinas;35032;Campinas;22;RM Campinas;3509502;CAMPINAS;350950205;CAMPINAS;35095020500;CAMPINAS;3509502000;CAMPINAS (todos os setores);1;221.0;730.0;3.3;2.33;1091.47;2813065.68;1517.07;3267171.0;749.22;1360883.15;1225.64;1643075.7
350950205001165;3;Região Sudeste;35;São Paulo;3507;Campinas;35032;Campinas;22;RM Campinas;3509502;CAMPINAS;350950205;CAMPINAS;35095020500;CAMPINAS;3509502000;CAMPINAS (todos os setores);1;148.0;501.0;3.39;2.27;1206.3;878624.25;1303.15;822543.17;754.41;680090.56;1120.33;599743.79
350950205001166;3;Região Sudeste;35;São Paulo;3507;Campinas;35032;Campinas;22;RM Campinas;3509502;CAMPINAS;350950205;CAMPINAS;35095020500;CAMPINAS;3509502000;CAMPINAS (todos os setores);1;192.0;637.0;3.32;2.11;910.55;710159.34;1214.06;577470.73;779.9;624353.14;1121.48;514456.18
350950205001167;3;Região Sudeste;35;São Paulo;3507;Campinas;35032;Campinas;22;RM Campinas;3509502;CAMPINAS;350950205;CAMPINAS;35095020500;CAMPINAS;3509502000;CAMPINAS (todos os setores);1;295.0;963.0;3.26;2.15;1194.73;814926.97;1315.1;738451.05;772.14;645748.25;1114.88;550112.61
350950205001168;3;Região Sudeste;35;São Paulo;3507;Campinas;35032;Campinas;22;RM Campinas;3509502;CAMPINAS;350950205;CAMPINAS;35095020500;CAMPINAS;3509502000;CAMPINAS (todos os setores);2;73.0;223.0;3.05;2.72;1058.33;4267297.22;1609.54;5631059.45;791.34;2222198.07;1260.78;2954800.21
350950205001169;3;Região Sudeste;35;São Paulo;3507;Campinas;35032;Campinas;22;RM Campinas;3509502;CAMPINAS;350950205;CAMPINAS;35095020500;CAMPINAS;3509502000;CAMPINAS (todos os setores);1;315.0;953.0;3.03;1.61;984.41;783677.84;1065.6;761720.85;616.1;529963.16;936.57;505439.01
350950205001170;3;Região Sudeste;35;São Paulo;3507;Campinas;35032;Campinas;22;RM Campinas;3509502;CAMPINAS;350950205;CAMPINAS;35095020500;CAMPINAS;3509502000;CAMPINAS (todos os setores);1;296.0;1215.0;4.1;4.79;890.26;253641.11;965.26;202424.83;573.68;267049.02;857.69;155505.08
350950205001171;3;Região Sudeste;35;São Paulo;3507;Campinas;35032;Campinas;22;RM Campinas;3509502;CAMPINAS;350950205;CAMPINAS;35095020500;CAMPINAS;3509502000;CAMPINAS (todos os setores);1;255.0;790.0;3.1;1.57;810.82;407321.1;1013.52;303196.57;596.3;373879.99;918.25;279891.99
350950205001172;3;Região Sudeste;35;São Paulo;3507;Campinas;35032;Campinas;22;RM Campinas;3509502;CAMPINAS;350950205;CAMPINAS;35095020500;CAMPINAS;3509502000;CAMPINAS (todos os setores);1;311.0;1065.0;3.42;1.92;920.55;624698.14;1118.32;537395.27;652.33;502460.42;1002.79;420823.91
350950205001173;3;Região Sudeste;35;São Paulo;3507;Campinas;35032;Campinas;22;RM Campinas;3509502;CAMPINAS;350950205;CAMPINAS;35095020500;CAMPINAS;3509502000;CAMPINAS (todos os setores);1;303.0;1088.0;3.59;3.09;799.39;718298.85;1164.5;620735.09;445.83;418832.59;952.27;412321.83
350950205001174;3;Região Sudeste;35;São Paulo;3507;Campinas;35032;Campinas;22;RM Campinas;3509502;CAMPINAS;350950205;CAMPINAS;35095020500;CAMPINAS;3509502000;CAMPINAS (todos os setores);1;380.0;1409.0;3.71;2.41;906.61;686861.83;1013.26;659514.42;495.33;442025.76;855.57;455310.95
350950205001175;3;Região Sudeste;35;São Paulo;3507;Campinas;35032;Campinas;22;RM Campinas;3509502;CAMPINAS;350950205;CAMPINAS;35095020500;CAMPINAS;3509502000;CAMPINAS (todos os setores);1;347.0;1385.0;3.99;3.12;834.94;595732.0;1049.72;523254.03;506.8;383345.37;916.54;317625.69
350950205001176;3;Região Sudeste;35;São Paulo;3507;Campinas;35032;Campinas;22;RM Campinas;3509502;CAMPINAS;350950205;CAMPINAS;35095020500;CAMPINAS;3509502000;CAMPINAS (todos os setores);1;338.0;1238.0;3.66;3.09;780.84;350241.81;999.71;229149.75;455.16;296661.96;867.28;207689.13
350950205001177;3;Região Sudeste;35;São Paulo;3507;Campinas;35032;Campinas;22;RM Campinas;3509502;CAMPINAS;350950205;CAMPINAS;35095020500;CAMPINAS;3509502000;CAMPINAS (todos os setores);1;260.0;964.0;3.71;2.73;742.98;421917.05;990.64;316673.94;461.84;336103.09;896.57;262537.74
350950205001178;3;Região Sudeste;35;São Paulo;3507;Campinas;35032;Campinas;22;RM Campinas;3509502;CAMPINAS;350950205;CAMPINAS;35095020500;CAMPINAS;3509502000;CAMPINAS (todos os setores);1;270.0;1061.0;3.93;3.35;766.9;776479.45;976.71;784023.86;436.9;384750.94;830.46;404541.14
350950205001179;3;Região Sudeste;35;São Paulo;3507;Campinas;35032;Campinas;22;RM Campinas;3509502;CAMPINAS;350950205;CAMPINAS;35095020500;CAMPINAS;3509502000;CAMPINAS (todos os setores);1;286.0;947.0;3.31;3.09;1750.65;9785473.59;2035.31;10801368.98;959.39;4185806.31;1481.23;5692424.61
350950205001180;3;Região Sudeste;35;São Paulo;3507;Campinas;35032;Campinas;22;RM Campinas;3509502;CAMPINAS;350950205;CAMPINAS;35095020500;CAMPINAS;3509502000;CAMPINAS (todos os setores);1;276.0;967.0;3.5;2.04;810.7;467743.93;960.31;410142.22;546.61;385527.43;855.19;339185.3
350950205001181;3;Região Sudeste;35;São Paulo;3507;Campinas;35032;Campinas;22;RM Campinas;3509502;CAMPINAS;350950205;CAMPINAS;35095020500;CAMPINAS;3509502000;CAMPINAS (todos os setores);1;162.0;524.0;3.23;1.04;9064.81;142336984.13;9353.5;144181510.08;4554.51;69784985.13;6405.23;86340326.17
350950205001182;3;Região Sudeste;35;São Paulo;3507;Campinas;35032;Campinas;22;RM Campinas;3509502;CAMPINAS;350950205;CAMPINAS;35095020500;CAMPINAS;3509502000;CAMPINAS (todos os setores);1;130.0;383.0;2.95;1.71;4626.02;182122242.46;4929.37;192655721.36;2450.87;72825229.41;3324.82;95977923.42
350950205001183;3;Região Sudeste;35;São Paulo;3507;Campinas;35032;Campinas;22;RM Campinas;3509502;CAMPINAS;350950205;CAMPINAS;35095020500;CAMPINAS;3509502000;CAMPINAS (todos os setores);1;215.0;632.0;2.94;2.42;1093.45;548205.59;1135.71;521268.2;717.64;493906.32;975.07;419884.25
350950205001184;3;Região Sudeste;35;São Paulo;3507;Campinas;35032;Campinas;22;RM Campinas;3509502;CAMPINAS;350950205;CAMPINAS;35095020500;CAMPINAS;3509502000;CAMPINAS (todos os setores);1;288.0;626.0;2.17;0.78;3624.26;11818303.55;3649.61;11808416.95;2572.04;8534881.71;2983.13;8672975.92
350950205001185;3;Região Sudeste;35;São Paulo;3507;Campinas;35032;Campinas;22;RM Campinas;3509502;CAMPINAS;350950205;CAMPINAS;35095020500;CAMPINAS;3509502000;CAMPINAS (todos os setores);1;162.0;544.0;3.36;3.26;1345.28;1096298.12;1443.28;1034307.27;800.18;825910.95;1211.08;752167.21
350950205001186;3;Região Sudeste;35;São Paulo;3507;Campinas;35032;Campinas;22;RM Campinas;3509502;CAMPINAS;350950205;CAMPINAS;35095020500;CAMPINAS;3509502000;CAMPINAS (todos os setores);1;307.0;1061.0;3.46;2.31;1119.77;903327.24;1259.23;839987.75;671.7;633562.62;1065.46;585347.07
350950205001187;3;Região Sudeste;35;São Paulo;3507;Campinas;35032;Campinas;22;RM Campinas;3509502;CAMPINAS;350950205;CAMPINAS;35095020500;CAMPINAS;3509502000;CAMPINAS (todos os setores);1;302.0;856.0;2.83;1.35;3755.88;6438564.7;3871.25;6188865.25;2278.55;5816958.69;3040.88;5444282.94
350950205001188;3;Região Sudeste;35;São Paulo;3507;Campinas;35032;Campinas;22;RM Campinas;3509502;CAMPINAS;350950205;CAMPINAS;35095020500;CAMPINAS;3509502000;CAMPINAS (todos os setores);1;271.0;984.0;3.63;2.53;957.22;1307528.6;1132.78;1348645.45;630.03;701486.17;943.96;754774.23
350950205001189;3;Região Sudeste;35;São Paulo;3507;Campinas;35032;Campinas;22;RM Campinas;3509502;CAMPINAS;350950205;CAMPINAS;35095020500;CAMPINAS;3509502000;CAMPINAS (todos os setores);1;209.0;657.0;3.14;1.76;1294.29;1097765.27;1454.33;1000225.43;779.65;821455.0;1209.51;754262.22
350950205001190;3;Região Sudeste;35;São Paulo;3507;Campinas;35032;Campinas;22;RM Campinas;3509502;CAMPINAS;350950205;CAMPINAS;35095020500;CAMPINAS;3509502000;CAMPINAS (todos os setores);1;228.0;838.0;3.68;3.26;2851.41;14482143.36;3023.82;14838123.25;1499.54;6609335.59;2097.05;7992565.96
350950205001191;3;Região Sudeste;35;São Paulo;3507;Campinas;35032;Campinas;22;RM Campinas;3509502;CAMPINAS;350950205;CAMPINAS;35095020500;CAMPINAS;3509502000;CAMPINAS (todos os setores);1;223.0;713.0;3.2;1.4;8224.39;80806516.64;9703.92;80986949.48;4493.49;47920361.58;7268.22;57367481.98
350950205001192;3;Região Sudeste;35;São Paulo;3507;Campinas;35032;Campinas;22;RM Campinas;3509502;CAMPINAS;350950205;CAMPINAS;35095020500;CAMPINAS;3509502000;CAMPINAS (todos os setores);1;157.0;462.0;2.94;1.32;1438.94;2586759.99;1685.93;2614569.24;1136.8;2253537.89;1551.95;2432828.34
350950205001193;3;Região Sudeste;35;São Paulo;3507;Campinas;35032;Campinas;22;RM Campinas;3509502;CAMPINAS;350950205;CAMPINAS;35095020500;CAMPINAS;3509502000;CAMPINAS (todos os setores);1;71.0;208.0;2.93;0.95;7823.96;55810486.41;9577.6;51448808.91;6744.89;61013765.39;9390.96;60093696.72
350950205001194;3;Região Sudeste;35;São Paulo;3507;Campinas;35032;Campinas;22;RM Campinas;3509502;CAMPINAS;350950205;CAMPINAS;35095020500;CAMPINAS;3509502000;CAMPINAS (todos os setores);1;200.0;661.0;3.31;1.4;4969.4;30304149.39;6135.06;30260856.21;2389.82;16383950.95;4371.8;21321824.99
350950205001195;3;Região Sudeste;35;São Paulo;3507;Campinas;35032;Campinas;22;RM Campinas;3509502;CAMPINAS;350950205;CAMPINAS;35095020500;CAMPINAS;3509502000;CAMPINAS (todos os setores);1;217.0;648.0;2.99;1.5;4420.07;14531124.6;4633.6;14242301.97;2622.41;10784643.85;3593.68;11289713.82
350950205001196;3;Região Sudeste;35;São Paulo;3507;Campinas;35032;Campinas;22;RM Campinas;3509502;CAMPINAS;350950205;CAMPINAS;35095020500;CAMPINAS;3509502000;CAMPINAS (todos os setores);1;233.0;759.0;3.26;1.86;1013.65;932206.69;1211.18;874324.65;738.69;753542.14;1142.24;704140.11
350950205001197;3;Região Sudeste;35;São Paulo;3507;Campinas;35032;Campinas;22;RM Campinas;3509502;CAMPINAS;350950205;CAMPINAS;35095020500;CAMPINAS;3509502000;CAMPINAS (todos os setores);1;191.0;611.0;3.2;2.13;1185.52;1599934.5;1677.3;1437559.67;757.08;983562.19;1352.65;951593.76
350950205001198;3;Região Sudeste;35;São Paulo;3507;Campinas;35032;Campinas;22;RM Campinas;3509502;CAMPINAS;350950205;CAMPINAS;35095020500;CAMPINAS;3509502000;CAMPINAS (todos os setores);1;233.0;850.0;3.65;2.44;1352.79;983524.53;1419.82;936876.3;756.54;834660.38;1153.69;814591.71
350950205001199;3;Região Sudeste;35;São Paulo;3507;Campinas;35032;Campinas;22;RM Campinas;3509502;CAMPINAS;350950205;CAMPINAS;35095020500;CAMPINAS;3509502000;CAMPINAS (todos os setores);1;250.0;866.0;3.46;1.7;1512.62;1567325.96;1616.05;1507093.24;844.38;1095789.3;1263.21;1110279.34
350950205001200;3;Região Sudeste;35;São Paulo;3507;Campinas;35032;Campinas;22;RM Campinas;3509502;CAMPINAS;350950205;CAMPINAS;35095020500;CAMPINAS;3509502000;CAMPINAS (todos os setores);1;147.0;279.0;1.9;0.67;4541.14;9882903.36;4872.61;8982585.05;3981.83;10375321.1;4563.25;9232090.17
350950205001201;3;Região Sudeste;35;São Paulo;3507;Campinas;35032;Campinas;22;RM Campinas;3509502;CAMPINAS;350950205;CAMPINAS;35095020500;CAMPINAS;3509502000;CAMPINAS (todos os setores);1;147.0;360.0;2.45;0.91;4587.54;19336719.33;5108.85;18867217.7;3182.02;14462705.99;4120.15;14862981.71
350950205001202;3;Região Sudeste;35;São Paulo;3507;Campinas;35032;Campinas;22;RM Campinas;3509502;CAMPINAS;350950205;CAMPINAS;35095020500;CAMPINAS;3509502000;CAMPINAS (todos os setores);1;124.0;402.0;3.24;1.63;1435.35;1794518.21;1561.26;1755009.51;892.48;1294450.08;1272.94;1362234.93
350950205001203;3;Região Sudeste;35;São Paulo;3507;Campinas;35032;Campinas;22;RM Campinas;3509502;CAMPINAS;350950205;CAMPINAS;35095020500;CAMPINAS;3509502000;CAMPINAS (todos os setores);1;212.0;607.0;2.86;1.94;774.55;442609.63;1059.39;302722.51;731.86;480594.99;1077.3;334903.56
350950205001204;3;Região Sudeste;35;São Paulo;3507;Campinas;35032;Campinas;22;RM Campinas;3509502;CAMPINAS;350950205;CAMPINAS;35095020500;CAMPINAS;3509502000;CAMPINAS (todos os setores);1;133.0;479.0;3.6;2.32;588.71;222236.92;767.64;151740.43;458.17;206732.83;749.38;119536.18
350950205001205;3;Região Sudeste;35;São Paulo;3507;Campinas;35032;Campinas;22;RM Campinas;3509502;CAMPINAS;350950205;CAMPINAS;35095020500;CAMPINAS;3509502000;CAMPINAS (todos os setores);1;151.0;472.0;3.13;1.36;931.44;1308775.98;1480.49;1266947.72;692.89;936117.6;1301.21;966568.01
350950205001206;3;Região Sudeste;35;São Paulo;3507;Campinas;35032;Campinas;22;RM Campinas;3509502;CAMPINAS;350950205;CAMPINAS;35095020500;CAMPINAS;3509502000;CAMPINAS (todos os setores);1;365.0;1213.0;3.32;1.9;920.56;1128911.32;1360.34;1069734.18;832.7;966928.37;1262.33;923414.55
350950205001207;3;Região Sudeste;35;São Paulo;3507;Campinas;35032;Campinas;22;RM Campinas;3509502;CAMPINAS;350950205;CAMPINAS;35095020500;CAMPINAS;3509502000;CAMPINAS (todos os setores);1;422.0;1301.0;3.08;2.0;1053.36;682899.92;1125.36;648464.21;629.7;560452.12;978.87;529390.71
350950205001208;3;Região Sudeste;35;São Paulo;3507;Campinas;35032;Campinas;22;RM Campinas;3509502;CAMPINAS;350950205;CAMPINAS;35095020500;CAMPINAS;3509502000;CAMPINAS (todos os setores);1;332.0;1021.0;3.08;2.0;1580.13;6154904.31;1860.29;6727041.24;945.4;3841295.82;1606.61;5468811.14
350950205001209;3;Região Sudeste;35;São Paulo;3507;Campinas;35032;Campinas;22;RM Campinas;3509502;CAMPINAS;350950205;CAMPINAS;35095020500;CAMPINAS;3509502000;CAMPINAS (todos os setores);1;405.0;1456.0;3.6;2.62;1014.65;2271155.65;1241.49;2497970.82;611.05;1713057.31;1094.72;2540782.4
350950205001210;3;Região Sudeste;35;São Paulo;3507;Campinas;35032;Campinas;22;RM Campinas;3509502;CAMPINAS;350950205;CAMPINAS;35095020500;CAMPINAS;3509502000;CAMPINAS (todos os setores);1;213.0;768.0;3.61;2.32;1509.85;13743361.43;2772.39;21804892.41;835.53;7493372.63;2164.77;16571517.81
350950205001211;3;Região Sudeste;35;São Paulo;3507;Campinas;35032;Campinas;22;RM Campinas;3509502;CAMPINAS;350950205;CAMPINAS;35095020500;CAMPINAS;3509502000;CAMPINAS (todos os setores);1;390.0;1337.0;3.43;1.92;2037.58;3880872.51;2159.39;3849756.6;1175.78;2721822.47;1747.82;3046638.24
350950205001212;3;Região Sudeste;35;São Paulo;3507;Campinas;35032;Campinas;22;RM Campinas;3509502;CAMPINAS;350950205;CAMPINAS;35095020500;CAMPINAS;3509502000;CAMPINAS (todos os setores);1;233.0;791.0;3.39;3.57;2382.34;385019769.2;2707.73;436980224.87;1050.32;130347767.89;1755.61;216846707.68
350950205001213;3;Região Sudeste;35;São Paulo;3507;Campinas;35032;Campinas;22;RM Campinas;3509502;CAMPINAS;350950205;CAMPINAS;35095020500;CAMPINAS;3509502000;CAMPINAS (todos os setores);1;239.0;890.0;3.72;2.93;767.87;274738.35;857.57;229696.02;441.72;248916.49;769.28;181355.9
350950205001214;3;Região Sudeste;35;São Paulo;3507;Campinas;35032;Campinas;22;RM Campinas;3509502;CAMPINAS;350950205;CAMPINAS;35095020500;CAMPINAS;3509502000;CAMPINAS (todos os setores);1;319.0;1084.0;3.4;1.72;1584.48;2871370.79;1719.22;2883939.05;877.78;1622974.94;1376.52;1858974.19
350950205001215;3;Região Sudeste;35;São Paulo;3507;Campinas;35032;Campinas;22;RM Campinas;3509502;CAMPINAS;350950205;CAMPINAS;35095020500;CAMPINAS;3509502000;CAMPINAS (todos os setores);1;320.0;1029.0;3.22;1.7;5779.91;22693684.57;6355.91;21289392.29;3022.2;16900240.83;4786.48;18323967.18
350950205001216;3;Região Sudeste;35;São Paulo;3507;Campinas;35032;Campinas;22;RM Campinas;3509502;CAMPINAS;350950205;CAMPINAS;35095020500;CAMPINAS;3509502000;CAMPINAS (todos os setores);1;314.0;869.0;2.77;1.21;1479.82;653925.46;1538.62;589223.46;995.59;729270.08;1328.04;530928.17
350950205001217;3;Região Sudeste;35;São Paulo;3507;Campinas;35032;Campinas;22;RM Campinas;3509502;CAMPINAS;350950205;CAMPINAS;35095020500;CAMPINAS;3509502000;CAMPINAS (todos os setores);1;277.0;927.0;3.35;1.8;1435.08;1017526.25;1517.24;950869.1;861.48;939007.16;1258.49;871989.86
350950205001218;3;Região Sudeste;35;São Paulo;3507;Campinas;35032;Campinas;22;RM Campinas;3509502;CAMPINAS;350950205;CAMPINAS;35095020500;CAMPINAS;3509502000;CAMPINAS (todos os setores);1;225.0;654.0;2.91;1.6;972.98;881140.17;1280.23;765358.14;728.93;1024272.65;1210.47;1118312.13
350950205001219;3;Região Sudeste;35;São Paulo;3507;Campinas;35032;Campinas;22;RM Campinas;3509502;CAMPINAS;350950205;CAMPINAS;35095020500;CAMPINAS;3509502000;CAMPINAS (todos os setores);1;168.0;604.0;3.6;2.46;407.6;218952.13;796.23;117090.32;427.43;247720.04;790.58;170796.61
350950205001220;3;Região Sudeste;35;São Paulo;3507;Campinas;35032;Campinas;22;RM Campinas;3509502;CAMPINAS;350950205;CAMPINAS;35095020500;CAMPINAS;3509502000;CAMPINAS (todos os setores);1;159.0;530.0;3.33;2.46;874.54;433101.16;979.24;382066.95;501.73;310108.69;818.04;246626.53
350950205001221;3;Região Sudeste;35;São Paulo;3507;Campinas;35032;Campinas;22;RM Campinas;3509502;CAMPINAS;350950205;CAMPINAS;35095020500;CAMPINAS;3509502000;CAMPINAS (todos os setores);1;268.0;822.0;3.07;1.49;1489.29;1514396.12;1781.83;1289607.85;929.02;1140957.34;1481.01;1001059.43
350950205001222;3;Região Sudeste;35;São Paulo;3507;Campinas;35032;Campinas;22;RM Campinas;3509502;CAMPINAS;350950205;CAMPINAS;35095020500;CAMPINAS;3509502000;CAMPINAS (todos os setores);1;197.0;758.0;3.85;3.45;902.19;415966.46;1033.33;340485.1;540.6;380464.38;934.03;289635.13
350950205001223;3;Região Sudeste;35;São Paulo;3507;Campinas;35032;Campinas;22;RM Campinas;3509502;CAMPINAS;350950205;CAMPINAS;35095020500;CAMPINAS;3509502000;CAMPINAS (todos os setores);1;166.0;563.0;3.39;2.65;1218.78;897100.0;1322.34;835987.55;716.45;705137.6;1062.04;678160.17
350950205001224;3;Região Sudeste;35;São Paulo;3507;Campinas;35032;Campinas;22;RM Campinas;3509502;CAMPINAS;350950205;CAMPINAS;35095020500;CAMPINAS;3509502000;CAMPINAS (todos os setores);1;312.0;1068.0;3.42;2.32;755.52;486737.93;1081.29;343704.92;620.07;428499.85;1015.58;299906.2
350950205001225;3;Região Sudeste;35;São Paulo;3507;Campinas;35032;Campinas;22;RM Campinas;3509502;CAMPINAS;350950205;CAMPINAS;35095020500;CAMPINAS;3509502000;CAMPINAS (todos os setores);1;287.0;1078.0;3.76;2.5;835.71;419575.56;1007.77;332195.37;518.62;345501.74;899.94;256200.35
350950205001226;3;Região Sudeste;35;São Paulo;3507;Campinas;35032;Campinas;22;RM Campinas;3509502;CAMPINAS;350950205;CAMPINAS;35095020500;CAMPINAS;3509502000;CAMPINAS (todos os setores);1;293.0;1059.0;3.61;2.46;701.17;963442.96;1007.07;1076257.89;400.18;473389.67;860.04;622243.13
350950205001227;3;Região Sudeste;35;São Paulo;3507;Campinas;35032;Campinas;22;RM Campinas;3509502;CAMPINAS;350950205;CAMPINAS;35095020500;CAMPINAS;3509502000;CAMPINAS (todos os setores);1;336.0;1122.0;3.34;1.81;1140.75;536227.37;1244.45;455658.8;696.92;571133.57;1053.2;487741.86
350950205001228;3;Região Sudeste;35;São Paulo;3507;Campinas;35032;Campinas;22;RM Campinas;3509502;CAMPINAS;350950205;CAMPINAS;35095020500;CAMPINAS;3509502000;CAMPINAS (todos os setores);1;326.0;1233.0;3.78;2.82;1117.72;686274.2;1252.15;600188.99;633.4;551860.26;1055.67;473873.52
350950205001229;3;Região Sudeste;35;São Paulo;3507;Campinas;35032;Campinas;22;RM Campinas;3509502;CAMPINAS;350950205;CAMPINAS;35095020500;CAMPINAS;3509502000;CAMPINAS (todos os setores);1;199.0;681.0;3.42;2.05;1114.17;828938.62;1204.99;786838.2;728.29;654153.86;1028.17;615089.15
350950205001230;3;Região Sudeste;35;São Paulo;3507;Campinas;35032;Campinas;22;RM Campinas;3509502;CAMPINAS;350950205;CAMPINAS;35095020500;CAMPINAS;3509502000;CAMPINAS (todos os setores);1;190.0;618.0;3.25;2.4;1407.68;3287742.32;1725.54;3482908.98;1032.67;2449230.3;1520.9;2865828.71
350950205001231;3;Região Sudeste;35;São Paulo;3507;Campinas;35032;Campinas;22;RM Campinas;3509502;CAMPINAS;350950205;CAMPINAS;35095020500;CAMPINAS;3509502000;CAMPINAS (todos os setores);1;97.0;319.0;3.29;2.56;1535.11;2028893.33;1731.47;1947480.13;846.82;1418912.05;1438.08;1560175.92
350950205001232;3;Região Sudeste;35;São Paulo;3507;Campinas;35032;Campinas;22;RM Campinas;3509502;CAMPINAS;350950205;CAMPINAS;35095020500;CAMPINAS;3509502000;CAMPINAS (todos os setores);1;302.0;1112.0;3.68;2.48;911.94;709140.71;994.25;691245.92;512.06;416537.02;788.87;423353.47
350950205001233;3;Região Sudeste;35;São Paulo;3507;Campinas;35032;Campinas;22;RM Campinas;3509502;CAMPINAS;350950205;CAMPINAS;35095020500;CAMPINAS;3509502000;CAMPINAS (todos os setores);1;363.0;1214.0;3.34;2.68;599.59;317963.73;821.32;253189.49;534.85;319692.56;817.66;257395.18
350950205001234;3;Região Sudeste;35;São Paulo;3507;Campinas;35032;Campinas;22;RM Campinas;3509502;CAMPINAS;350950205;CAMPINAS;35095020500;CAMPINAS;3509502000;CAMPINAS (todos os setores);1;269.0;923.0;3.43;1.98;1051.84;504307.27;1145.53;441650.92;631.07;420349.91;964.8;320464.86
350950205001235;3;Região Sudeste;35;São Paulo;3507;Campinas;35032;Campinas;22;RM Campinas;3509502;CAMPINAS;350950205;CAMPINAS;35095020500;CAMPINAS;3509502000;CAMPINAS (todos os setores);2;3.0;9.0;3.0;4.0;1740.0;3835600.0;1740.0;3835600.0;745.71;2143561.9;1740.0;3835600.0
350950205001236;3;Região Sudeste;35;São Paulo;3507;Campinas;35032;Campinas;22;RM Campinas;3509502;CAMPINAS;350950205;CAMPINAS;35095020500;CAMPINAS;3509502000;CAMPINAS (todos os setores);1;17.0;56.0;3.29;1.1;1152.94;165997.06;1152.94;165997.06;597.65;315210.35;952.5;159503.23
350950205001237;3;Região Sudeste;35;São Paulo;3507;Campinas;35032;Campinas;22;RM Campinas;3509502;CAMPINAS;350950205;CAMPINAS;35095020500;CAMPINAS;3509502000;CAMPINAS (todos os setores);8;4.0;9.0;2.25;2.25;1500.0;1500000.0;2000.0;750000.0;1244.44;1037777.78;1600.0;720000.0
350950205001238;3;Região Sudeste;35;São Paulo;3507;Campinas;35032;Campinas;22;RM Campinas;3509502;CAMPINAS;350950205;CAMPINAS;35095020500;CAMPINAS;3509502000;CAMPINAS (todos os setores);4;183.0;748.0;4.09;3.28;316.2;185562.03;705.66;138721.86;256.66;141046.63;664.63;93889.94
350950205001239;3;Região Sudeste;35;São Paulo;3507;Campinas;35032;Campinas;22;RM Campinas;3509502;CAMPINAS;350950205;CAMPINAS;35095020500;CAMPINAS;3509502000;CAMPINAS (todos os setores);8;4.0;9.0;2.25;1.58;875.0;3062500.0;3500.0;0.0;477.78;1354444.44;2150.0;3645000.0
350950205001240;3;Região Sudeste;35;São Paulo;3507;Campinas;35032;Campinas;22;RM Campinas;3509502;CAMPINAS;350950205;CAMPINAS;35095020500;CAMPINAS;3509502000;CAMPINAS (todos os setores);8;6.0;13.0;2.17;2.17;898.33;104896.67;898.33;104896.67;491.54;268797.44;912.86;88890.48
350950205001241;3;Região Sudeste;35;São Paulo;3507;Campinas;35032;Campinas;22;RM Campinas;3509502;CAMPINAS;350950205;CAMPINAS;35095020500;CAMPINAS;3509502000;CAMPINAS (todos os setores);4;222.0;772.0;3.48;2.96;740.63;540348.89;898.46;513546.59;538.64;596252.49;851.53;676365.37
350950205001242;3;Região Sudeste;35;São Paulo;3507;Campinas;35032;Campinas;22;RM Campinas;3509502;CAMPINAS;350950205;CAMPINAS;35095020500;CAMPINAS;3509502000;CAMPINAS (todos os setores);4;128.0;508.0;3.97;5.35;877.69;566692.42;976.9;533539.65;528.76;414928.12;861.83;389144.68
350950205001243;3;Região Sudeste;35;São Paulo;3507;Campinas;35032;Campinas;22;RM Campinas;3509502;CAMPINAS;350950205;CAMPINAS;35095020500;CAMPINAS;3509502000;CAMPINAS (todos os setores);8;266.0;934.0;3.51;2.83;1240.76;4144951.2;1347.11;4357836.27;739.07;1934747.98;1082.6;2463121.16
350950205001244;3;Região Sudeste;35;São Paulo;3507;Campinas;35032;Campinas;22;RM Campinas;3509502;CAMPINAS;350950205;CAMPINAS;35095020500;CAMPINAS;3509502000;CAMPINAS (todos os setores);8;29.0;98.0;3.38;1.96;1103.79;939910.1;1103.79;939910.1;611.65;576739.57;947.45;575191.37
350950205001245;3;Região Sudeste;35;São Paulo;3507;Campinas;35032;Campinas;22;RM Campinas;3509502;CAMPINAS;350950205;CAMPINAS;35095020500;CAMPINAS;3509502000;CAMPINAS (todos os setores);8;67.0;228.0;3.4;1.61;1132.69;5844322.98;1286.27;6449478.96;636.89;2319270.78;1028.83;3352108.01
350950205001246;3;Região Sudeste;35;São Paulo;3507;Campinas;35032;Campinas;22;RM Campinas;3509502;CAMPINAS;350950205;CAMPINAS;35095020500;CAMPINAS;3509502000;CAMPINAS (todos os setores);8;100.0;326.0;3.26;2.15;1199.61;1298047.53;1236.71;1292249.92;740.04;728797.93;991.38;727138.45
350950205001247;3;Região Sudeste;35;São Paulo;3507;Campinas;35032;Campinas;22;RM Campinas;3509502;CAMPINAS;350950205;CAMPINAS;35095020500;CAMPINAS;3509502000;CAMPINAS (todos os setores);8;50.0;196.0;3.92;3.18;1000.2;672463.22;1136.59;607669.5;474.23;439852.63;942.6;432693.89
350950205001248;3;Região Sudeste;35;São Paulo;3507;Campinas;35032;Campinas;22;RM Campinas;3509502;CAMPINAS;350950205;CAMPINAS;35095020500;CAMPINAS;3509502000;CAMPINAS (todos os setores);8;181.0;650.0;3.59;3.43;1019.38;812690.15;1060.39;801836.01;569.7;556232.92;917.85;576662.69
350950205001249;3;Região Sudeste;35;São Paulo;3507;Campinas;35032;Campinas;22;RM Campinas;3509502;CAMPINAS;350950205;CAMPINAS;35095020500;CAMPINAS;3509502000;CAMPINAS (todos os setores);7;235.0;827.0;3.52;2.72;797.55;284063.94;896.77;230170.13;500.1;247776.95;780.83;167480.03
350950205001250;3;Região Sudeste;35;São Paulo;3507;Campinas;35032;Campinas;22;RM Campinas;3509502;CAMPINAS;350950205;CAMPINAS;35095020500;CAMPINAS;3509502000;CAMPINAS (todos os setores);8;82.0;277.0;3.38;2.11;1049.33;679012.2;1211.9;585878.12;733.29;755423.39;1155.77;702011.32
350950205001251;3;Região Sudeste;35;São Paulo;3507;Campinas;35032;Campinas;22;RM Campinas;3509502;CAMPINAS;350950205;CAMPINAS;35095020500;CAMPINAS;3509502000;CAMPINAS (todos os setores);8;83.0;319.0;3.84;5.26;795.3;384593.51;835.57;370237.81;501.24;463838.47;825.57;496383.86
350950205001252;3;Região Sudeste;35;São Paulo;3507;Campinas;35032;Campinas;22;RM Campinas;3509502;CAMPINAS;350950205;CAMPINAS;35095020500;CAMPINAS;3509502000;CAMPINAS (todos os setores);4;105.0;482.0;4.59;7.63;801.54;173836.48;825.12;159355.37;481.7;242559.58;769.96;165460.09
350950205001253;3;Região Sudeste;35;São Paulo;3507;Campinas;35032;Campinas;22;RM Campinas;3509502;CAMPINAS;350950205;CAMPINAS;35095020500;CAMPINAS;3509502000;CAMPINAS (todos os setores);8;96.0;381.0;3.97;5.9;1137.19;989435.16;1199.67;968612.11;627.15;883569.36;1071.24;1034316.99
350950205001254;3;Região Sudeste;35;São Paulo;3507;Campinas;35032;Campinas;22;RM Campinas;3509502;CAMPINAS;350950205;CAMPINAS;35095020500;CAMPINAS;3509502000;CAMPINAS (todos os setores);8;97.0;333.0;3.43;2.39;1103.87;1355655.99;1115.36;1356965.92;665.66;754392.94;975.35;803574.16
350950205001255;3;Região Sudeste;35;São Paulo;3507;Campinas;35032;Campinas;22;RM Campinas;3509502;CAMPINAS;350950205;CAMPINAS;35095020500;CAMPINAS;3509502000;CAMPINAS (todos os setores);8;35.0;83.0;2.37;3.77;1267.66;2566380.64;1848.67;2672987.45;614.85;1492117.88;1639.6;2326617.56
350950205001256;3;Região Sudeste;35;São Paulo;3507;Campinas;35032;Campinas;22;RM Campinas;3509502;CAMPINAS;350950205;CAMPINAS;35095020500;CAMPINAS;3509502000;CAMPINAS (todos os setores);8;31.0;143.0;4.61;4.78;664.52;324532.26;936.36;196948.05;425.69;225560.39;783.81;133153.0
350950205001257;3;Região Sudeste;35;São Paulo;3507;Campinas;35032;Campinas;22;RM Campinas;3509502;CAMPINAS;350950205;CAMPINAS;35095020500;CAMPINAS;3509502000;CAMPINAS (todos os setores);8;92.0;315.0;3.42;2.36;774.57;786809.7;1018.0;786268.41;599.09;561491.95;888.54;575667.91
350950205001258;3;Região Sudeste;35;São Paulo;3507;Campinas;35032;Campinas;22;RM Campinas;3509502;CAMPINAS;350950205;CAMPINAS;35095020500;CAMPINAS;3509502000;CAMPINAS (todos os setores);8;100.0;357.0;3.57;2.09;867.75;1552762.82;1126.95;1726731.68;667.22;888358.9;1007.44;999133.31
350950205001259;3;Região Sudeste;35;São Paulo;3507;Campinas;35032;Campinas;22;RM Campinas;3509502;CAMPINAS;350950205;CAMPINAS;35095020500;CAMPINAS;3509502000;CAMPINAS (todos os setores);8;31.0;100.0;3.23;2.51;1385.94;2911765.46;1385.94;2911765.46;855.16;2034735.16;1153.79;2406624.42
350950205001260;3;Região Sudeste;35;São Paulo;3507;Campinas;35032;Campinas;22;RM Campinas;3509502;CAMPINAS;350950205;CAMPINAS;35095020500;CAMPINAS;3509502000;CAMPINAS (todos os setores);1;206.0;467.0;2.27;1.06;3769.13;23993712.42;4023.01;24591608.08;2761.57;15188353.42;3327.2;16420994.36
350950205001261;3;Região Sudeste;35;São Paulo;3507;Campinas;35032;Campinas;22;RM Campinas;3509502;CAMPINAS;350950205;CAMPINAS;35095020500;CAMPINAS;3509502000;CAMPINAS (todos os setores);1;101.0;219.0;2.17;1.54;7276.77;41661340.78;7655.77;40921974.45;4684.79;32140021.37;5992.17;33281898.46
350950205001262;3;Região Sudeste;35;São Paulo;3507;Campinas;35032;Campinas;22;RM Campinas;3509502;CAMPINAS;350950205;CAMPINAS;35095020500;CAMPINAS;3509502000;CAMPINAS (todos os setores);1;284.0;1007.0;3.55;2.13;1259.65;2314359.39;1597.06;2395779.58;766.81;1341100.62;1318.24;1579076.98
350950205001263;3;Região Sudeste;35;São Paulo;3507;Campinas;35032;Campinas;22;RM Campinas;3509502;CAMPINAS;350950205;CAMPINAS;35095020500;CAMPINAS;3509502000;CAMPINAS (todos os setores);1;183.0;582.0;3.18;2.51;1628.01;8592450.9;1702.43;8860077.92;919.73;3529417.29;1330.46;4561935.69
350950205001264;3;Região Sudeste;35;São Paulo;3507;Campinas;35032;Campinas;22;RM Campinas;3509502;CAMPINAS;350950205;CAMPINAS;35095020500;CAMPINAS;3509502000;CAMPINAS (todos os setores);1;259.0;714.0;2.76;1.7;2286.45;7425994.17;2574.74;7620887.77;1766.37;5453079.22;2281.87;5869050.47
350950205001265;3;Região Sudeste;35;São Paulo;3507;Campinas;35032;Campinas;22;RM Campinas;3509502;CAMPINAS;350950205;CAMPINAS;35095020500;CAMPINAS;3509502000;CAMPINAS (todos os setores);1;198.0;619.0;3.13;1.61;1642.75;6653597.58;2098.48;7548865.37;1247.48;3306494.93;1717.94;3746313.14
350950205001266;3;Região Sudeste;35;São Paulo;3507;Campinas;35032;Campinas;22;RM Campinas;3509502;CAMPINAS;350950205;CAMPINAS;35095020500;CAMPINAS;3509502000;CAMPINAS (todos os setores);1;77.0;167.0;2.17;1.06;3293.64;10351197.13;3474.11;10290571.77;2385.81;7636582.1;3006.51;7758183.81
350950205001267;3;Região Sudeste;35;São Paulo;3507;Campinas;35032;Campinas;22;RM Campinas;3509502;CAMPINAS;350950205;CAMPINAS;35095020500;CAMPINAS;3509502000;CAMPINAS (todos os setores);1;15.0;49.0;3.27;0.92;2634.67;10038312.38;3293.33;10409624.24;1928.5;5176259.23;2571.33;5251239.54
350950205001269;3;Região Sudeste;35;São Paulo;3507;Campinas;35032;Campinas;22;RM Campinas;3509502;CAMPINAS;350950205;CAMPINAS;35095020500;CAMPINAS;3509502000;CAMPINAS (todos os setores);1;81.0;156.0;1.93;1.34;10591.52;87418962.33;11593.42;84027035.73;6857.38;73292639.49;9919.89;75668495.98
350950205001270;3;Região Sudeste;35;São Paulo;3507;Campinas;35032;Campinas;22;RM Campinas;3509502;CAMPINAS;350950205;CAMPINAS;35095020500;CAMPINAS;3509502000;CAMPINAS (todos os setores);1;250.0;407.0;1.63;0.92;3942.27;14112539.28;4106.53;14025656.47;3294.1;12760077.98;3721.29;12825336.5
350950205001271;3;Região Sudeste;35;São Paulo;3507;Campinas;35032;Campinas;22;RM Campinas;3509502;CAMPINAS;350950205;CAMPINAS;35095020500;CAMPINAS;3509502000;CAMPINAS (todos os setores);1;138.0;315.0;2.28;0.89;3142.59;6181953.25;3260.74;6027967.67;2347.79;4769419.25;2744.04;4485857.0
350950205001272;3;Região Sudeste;35;São Paulo;3507;Campinas;35032;Campinas;22;RM Campinas;3509502;CAMPINAS;350950205;CAMPINAS;35095020500;CAMPINAS;3509502000;CAMPINAS (todos os setores);1;166.0;402.0;2.42;0.85;3791.32;5093452.93;3933.49;4722899.06;2706.17;5252896.63;3288.75;4465041.71
350950205001273;3;Região Sudeste;35;São Paulo;3507;Campinas;35032;Campinas;22;RM Campinas;3509502;CAMPINAS;350950205;CAMPINAS;35095020500;CAMPINAS;3509502000;CAMPINAS (todos os setores);1;100.0;229.0;2.29;1.02;2340.77;3364542.24;2786.63;2755709.49;1878.42;2778560.94;2443.18;2230569.07
350950205001274;3;Região Sudeste;35;São Paulo;3507;Campinas;35032;Campinas;22;RM Campinas;3509502;CAMPINAS;350950205;CAMPINAS;35095020500;CAMPINAS;3509502000;CAMPINAS (todos os setores);1;158.0;507.0;3.21;1.67;1886.46;3950981.29;2084.34;3952982.85;1271.14;2275639.3;1701.08;2314083.94
350950205001275;3;Região Sudeste;35;São Paulo;3507;Campinas;35032;Campinas;22;RM Campinas;3509502;CAMPINAS;350950205;CAMPINAS;35095020500;CAMPINAS;3509502000;CAMPINAS (todos os setores);1;100.0;241.0;2.41;0.85;2915.49;2694531.28;3036.97;2435174.62;2234.87;3066364.72;2643.54;2543770.01
350950205001276;3;Região Sudeste;35;São Paulo;3507;Campinas;35032;Campinas;22;RM Campinas;3509502;CAMPINAS;350950205;CAMPINAS;35095020500;CAMPINAS;3509502000;CAMPINAS (todos os setores);1;234.0;533.0;2.28;0.73;2965.43;2684913.81;3003.94;2603743.25;2138.62;3069031.77;2633.46;2474430.08
350950205001277;3;Região Sudeste;35;São Paulo;3507;Campinas;35032;Campinas;22;RM Campinas;3509502;CAMPINAS;350950205;CAMPINAS;35095020500;CAMPINAS;3509502000;CAMPINAS (todos os setores);1;192.0;620.0;3.23;2.02;1983.63;16254092.93;2608.61;19768992.94;1531.5;11181805.54;2198.38;14593421.68
350950205001278;3;Região Sudeste;35;São Paulo;3507;Campinas;35032;Campinas;22;RM Campinas;3509502;CAMPINAS;350950205;CAMPINAS;35095020500;CAMPINAS;3509502000;CAMPINAS (todos os setores);1;81.0;265.0;3.27;1.98;716.3;1323073.61;1871.61;1293813.98;808.06;1323789.16;1629.58;1330956.97
350950205001280;3;Região Sudeste;35;São Paulo;3507;Campinas;35032;Campinas;22;RM Campinas;3509502;CAMPINAS;350950205;CAMPINAS;35095020500;CAMPINAS;3509502000;CAMPINAS (todos os setores);1;150.0;376.0;2.51;1.07;2757.82;6310235.52;2933.85;6195755.67;1904.68;4434242.6;2486.67;4341577.62
350950205001281;3;Região Sudeste;35;São Paulo;3507;Campinas;35032;Campinas;22;RM Campinas;3509502;CAMPINAS;350950205;CAMPINAS;35095020500;CAMPINAS;3509502000;CAMPINAS (todos os setores);1;153.0;367.0;2.4;1.0;2350.41;2582772.14;2605.88;2194949.72;1850.96;2516347.95;2368.93;1991326.76
350950205001282;3;Região Sudeste;35;São Paulo;3507;Campinas;35032;Campinas;22;RM Campinas;3509502;CAMPINAS;350950205;CAMPINAS;35095020500;CAMPINAS;3509502000;CAMPINAS (todos os setores);1;113.0;312.0;2.76;2.22;1533.52;4601429.81;2193.52;5140905.15;982.79;2634582.85;1724.4;3348176.16
350950205001283;3;Região Sudeste;35;São Paulo;3507;Campinas;35032;Campinas;22;RM Campinas;3509502;CAMPINAS;350950205;CAMPINAS;35095020500;CAMPINAS;3509502000;CAMPINAS (todos os setores);1;144.0;385.0;2.67;1.28;7735.92;42967422.03;8190.97;41758696.47;4407.99;32613470.66;6367.1;34643175.83
350950205001284;3;Região Sudeste;35;São Paulo;3507;Campinas;35032;Campinas;22;RM Campinas;3509502;CAMPINAS;350950205;CAMPINAS;35095020500;CAMPINAS;3509502000;CAMPINAS (todos os setores);1;224.0;684.0;3.05;1.59;4429.74;446595306.04;4840.3;486192984.33;2241.21;163237971.24;3356.48;240909841.89
350950205001285;3;Região Sudeste;35;São Paulo;3507;Campinas;35032;Campinas;22;RM Campinas;3509502;CAMPINAS;350950205;CAMPINAS;35095020500;CAMPINAS;3509502000;CAMPINAS (todos os setores);1;149.0;451.0;3.03;1.92;1688.4;3236120.82;1950.16;3227288.61;1259.53;2570973.11;1694.13;2722298.01
350950205001286;3;Região Sudeste;35;São Paulo;3507;Campinas;35032;Campinas;22;RM Campinas;3509502;CAMPINAS;350950205;CAMPINAS;35095020500;CAMPINAS;3509502000;CAMPINAS (todos os setores);1;200.0;667.0;3.34;1.1;7035.44;73114593.11;7484.51;74427391.03;3562.73;35029223.12;5162.5;42517745.14
350950205001287;3;Região Sudeste;35;São Paulo;3507;Campinas;35032;Campinas;22;RM Campinas;3509502;CAMPINAS;350950205;CAMPINAS;35095020500;CAMPINAS;3509502000;CAMPINAS (todos os setores);1;6.0;19.0;3.17;1.37;2666.67;2566666.67;3200.0;1075000.0;1656.25;2149291.67;2208.33;1600833.33
350950205001289;3;Região Sudeste;35;São Paulo;3507;Campinas;35032;Campinas;22;RM Campinas;3509502;CAMPINAS;350950205;CAMPINAS;35095020500;CAMPINAS;3509502000;CAMPINAS (todos os setores);1;140.0;433.0;3.09;1.48;1304.71;4880163.23;2435.47;6375668.36;967.83;2584672.54;1848.1;3312136.28
350950205001290;3;Região Sudeste;35;São Paulo;3507;Campinas;35032;Campinas;22;RM Campinas;3509502;CAMPINAS;350950205;CAMPINAS;35095020500;CAMPINAS;3509502000;CAMPINAS (todos os setores);1;168.0;496.0;2.95;1.23;3475.48;6711204.56;3604.2;6494492.83;2011.24;5557786.21;2846.47;5488140.35
350950205001291;3;Região Sudeste;35;São Paulo;3507;Campinas;35032;Campinas;22;RM Campinas;3509502;CAMPINAS;350950205;CAMPINAS;35095020500;CAMPINAS;3509502000;CAMPINAS (todos os setores);1;229.0;636.0;2.78;1.65;1116.07;1153954.93;1404.29;1046627.18;1009.76;1416396.69;1423.28;1407872.2
350950205001292;3;Região Sudeste;35;São Paulo;3507;Campinas;35032;Campinas;22;RM Campinas;3509502;CAMPINAS;350950205;CAMPINAS;35095020500;CAMPINAS;3509502000;CAMPINAS (todos os setores);1;249.0;752.0;3.02;1.57;2188.92;10868801.45;3707.76;12791996.39;1331.95;5901810.2;2876.68;8310412.56
350950205001293;3;Região Sudeste;35;São Paulo;3507;Campinas;35032;Campinas;22;RM Campinas;3509502;CAMPINAS;350950205;CAMPINAS;35095020500;CAMPINAS;3509502000;CAMPINAS (todos os setores);1;192.0;593.0;3.09;1.25;4002.63;18021651.35;5300.03;16979678.73;2116.63;10288303.48;3811.36;12072697.65
350950205001295;3;Região Sudeste;35;São Paulo;3507;Campinas;35032;Campinas;22;RM Campinas;3509502;CAMPINAS;350950205;CAMPINAS;35095020500;CAMPINAS;3509502000;CAMPINAS (todos os setores);1;118.0;351.0;2.97;0.88;5473.17;21612459.71;6331.71;19546394.01;2927.53;15524498.99;4831.23;16427404.71
350950205001296;3;Região Sudeste;35;São Paulo;3507;Campinas;35032;Campinas;22;RM Campinas;3509502;CAMPINAS;350950205;CAMPINAS;35095020500;CAMPINAS;3509502000;CAMPINAS (todos os setores);1;106.0;313.0;2.95;1.23;5731.13;14055116.8;5898.06;13474309.92;3140.84;13198894.52;4574.7;12662071.36
350950205001297;3;Região Sudeste;35;São Paulo;3507;Campinas;35032;Campinas;22;RM Campinas;3509502;CAMPINAS;350950205;CAMPINAS;35095020500;CAMPINAS;3509502000;CAMPINAS (todos os setores);1;82.0;233.0;2.84;1.15;7225.61;26336311.35;7406.25;25648251.58;4200.51;22324644.41;5696.58;21749470.95
350950205001298;3;Região Sudeste;35;São Paulo;3507;Campinas;35032;Campinas;22;RM Campinas;3509502;CAMPINAS;350950205;CAMPINAS;35095020500;CAMPINAS;3509502000;CAMPINAS (todos os setores);1;199.0;444.0;2.23;1.2;6431.1;61392037.68;7109.94;63055047.82;3477.67;39413255.61;6104.59;53207622.57
350950205001299;3;Região Sudeste;35;São Paulo;3507;Campinas;35032;Campinas;22;RM Campinas;3509502;CAMPINAS;350950205;CAMPINAS;35095020500;CAMPINAS;3509502000;CAMPINAS (todos os setores);1;174.0;547.0;3.14;2.3;1503.3;2014342.76;1614.66;1983561.36;1000.18;1434840.21;1355.61;1462988.2
350950205001300;3;Região Sudeste;35;São Paulo;3507;Campinas;35032;Campinas;22;RM Campinas;3509502;CAMPINAS;350950205;CAMPINAS;35095020500;CAMPINAS;3509502000;CAMPINAS (todos os setores);1;144.0;398.0;2.76;1.76;1450.5;1881129.44;1657.71;1805761.98;1206.15;1454799.95;1485.46;1376509.9
350950205001301;3;Região Sudeste;35;São Paulo;3507;Campinas;35032;Campinas;22;RM Campinas;3509502;CAMPINAS;350950205;CAMPINAS;35095020500;CAMPINAS;3509502000;CAMPINAS (todos os setores);1;94.0;309.0;3.29;2.06;962.31;963524.6;1274.04;877275.56;773.44;620730.19;1079.59;535473.68
350950205001302;3;Região Sudeste;35;São Paulo;3507;Campinas;35032;Campinas;22;RM Campinas;3509502;CAMPINAS;350950205;CAMPINAS;35095020500;CAMPINAS;3509502000;CAMPINAS (todos os setores);1;251.0;951.0;3.79;4.74;919.69;371455.46;1012.46;314746.01;506.8;323348.12;867.88;240173.11
350950205001303;3;Região Sudeste;35;São Paulo;3507;Campinas;35032;Campinas;22;RM Campinas;3509502;CAMPINAS;350950205;CAMPINAS;35095020500;CAMPINAS;3509502000;CAMPINAS (todos os setores);1;69.0;198.0;2.87;2.97;653.39;115049.45;715.62;80933.66;460.35;179245.53;718.14;93634.85
350950205001304;3;Região Sudeste;35;São Paulo;3507;Campinas;35032;Campinas;22;RM Campinas;3509502;CAMPINAS;350950205;CAMPINAS;35095020500;CAMPINAS;3509502000;CAMPINAS (todos os setores);1;118.0;431.0;3.65;3.19;659.22;292426.26;836.43;222055.2;347.1;216468.52;740.64;170131.6
350950205001305;3;Região Sudeste;35;São Paulo;3507;Campinas;35032;Campinas;22;RM Campinas;3509502;CAMPINAS;350950205;CAMPINAS;35095020500;CAMPINAS;3509502000;CAMPINAS (todos os setores);1;96.0;350.0;3.65;5.12;529.97;244413.88;737.35;186301.38;313.86;200581.14;712.62;171009.82
350950205001306;3;Região Sudeste;35;São Paulo;3507;Campinas;35032;Campinas;22;RM Campinas;3509502;CAMPINAS;350950205;CAMPINAS;35095020500;CAMPINAS;3509502000;CAMPINAS (todos os setores);1;96.0;386.0;4.02;5.03;483.63;186591.27;663.26;136032.02;251.31;148363.4;670.16;114633.54
350950205001307;3;Região Sudeste;35;São Paulo;3507;Campinas;35032;Campinas;22;RM Campinas;3509502;CAMPINAS;350950205;CAMPINAS;35095020500;CAMPINAS;3509502000;CAMPINAS (todos os setores);1;146.0;515.0;3.53;2.62;811.74;436362.99;846.53;425537.19;477.33;304567.33;727.2;282212.6
350950205001308;3;Região Sudeste;35;São Paulo;3507;Campinas;35032;Campinas;22;RM Campinas;3509502;CAMPINAS;350950205;CAMPINAS;35095020500;CAMPINAS;3509502000;CAMPINAS (todos os setores);1;102.0;370.0;3.63;2.63;760.2;535910.44;824.89;528067.82;444.85;319903.27;720.56;319508.57
350950205001309;3;Região Sudeste;35;São Paulo;3507;Campinas;35032;Campinas;22;RM Campinas;3509502;CAMPINAS;350950205;CAMPINAS;35095020500;CAMPINAS;3509502000;CAMPINAS (todos os setores);1;91.0;354.0;3.89;4.25;845.46;311158.03;915.92;272091.76;448.0;252103.72;776.53;181438.4
350950205001310;3;Região Sudeste;35;São Paulo;3507;Campinas;35032;Campinas;22;RM Campinas;3509502;CAMPINAS;350950205;CAMPINAS;35095020500;CAMPINAS;3509502000;CAMPINAS (todos os setores);1;181.0;689.0;3.81;3.56;716.81;199885.66;758.73;179651.92;396.71;184422.73;660.42;132707.33
350950205001311;3;Região Sudeste;35;São Paulo;3507;Campinas;35032;Campinas;22;RM Campinas;3509502;CAMPINAS;350950205;CAMPINAS;35095020500;CAMPINAS;3509502000;CAMPINAS (todos os setores);1;87.0;332.0;3.82;3.83;624.66;210685.0;776.36;143111.1;407.81;195570.06;723.18;118224.74
350950205001312;3;Região Sudeste;35;São Paulo;3507;Campinas;35032;Campinas;22;RM Campinas;3509502;CAMPINAS;350950205;CAMPINAS;35095020500;CAMPINAS;3509502000;CAMPINAS (todos os setores);1;161.0;572.0;3.55;3.89;752.76;413560.42;884.63;369028.07;416.56;293779.43;793.29;260482.16
350950205001313;3;Região Sudeste;35;São Paulo;3507;Campinas;35032;Campinas;22;RM Campinas;3509502;CAMPINAS;350950205;CAMPINAS;35095020500;CAMPINAS;3509502000;CAMPINAS (todos os setores);1;163.0;664.0;4.07;4.08;591.36;248126.22;845.54;138896.87;334.49;181414.94;740.07;100893.81
350950205001314;3;Região Sudeste;35;São Paulo;3507;Campinas;35032;Campinas;22;RM Campinas;3509502;CAMPINAS;350950205;CAMPINAS;35095020500;CAMPINAS;3509502000;CAMPINAS (todos os setores);1;207.0;635.0;3.07;1.85;1970.11;4846134.09;2102.13;4893601.38;1150.72;2639443.9;1645.9;2961018.8
350950205001315;3;Região Sudeste;35;São Paulo;3507;Campinas;35032;Campinas;22;RM Campinas;3509502;CAMPINAS;350950205;CAMPINAS;35095020500;CAMPINAS;3509502000;CAMPINAS (todos os setores);1;235.0;591.0;2.51;1.05;6448.7;128414458.46;7148.33;137387405.59;4920.93;70151889.83;6094.28;79751675.82
350950205001316;3;Região Sudeste;35;São Paulo;3507;Campinas;35032;Campinas;22;RM Campinas;3509502;CAMPINAS;350950205;CAMPINAS;35095020500;CAMPINAS;3509502000;CAMPINAS (todos os setores);1;199.0;597.0;3.0;2.44;1492.87;2182206.0;1515.72;2180966.54;890.78;1402229.17;1282.63;1516776.11
350950205001317;3;Região Sudeste;35;São Paulo;3507;Campinas;35032;Campinas;22;RM Campinas;3509502;CAMPINAS;350950205;CAMPINAS;35095020500;CAMPINAS;3509502000;CAMPINAS (todos os setores);1;214.0;732.0;3.42;3.0;684.01;225026.54;762.39;190879.39;426.07;199203.53;675.41;147224.19
350950205001318;3;Região Sudeste;35;São Paulo;3507;Campinas;35032;Campinas;22;RM Campinas;3509502;CAMPINAS;350950205;CAMPINAS;35095020500;CAMPINAS;3509502000;CAMPINAS (todos os setores);1;127.0;481.0;3.79;2.63;362.6;170465.42;697.73;93014.76;369.67;177972.8;704.79;102774.82
350950205001319;3;Região Sudeste;35;São Paulo;3507;Campinas;35032;Campinas;22;RM Campinas;3509502;CAMPINAS;350950205;CAMPINAS;35095020500;CAMPINAS;3509502000;CAMPINAS (todos os setores);1;118.0;455.0;3.86;3.59;637.44;395197.0;835.76;351923.6;531.04;273738.48;764.32;215481.16
350950205001320;3;Região Sudeste;35;São Paulo;3507;Campinas;35032;Campinas;22;RM Campinas;3509502;CAMPINAS;350950205;CAMPINAS;35095020500;CAMPINAS;3509502000;CAMPINAS (todos os setores);1;171.0;505.0;2.95;1.52;2250.4;2808020.15;2250.4;2808020.15;1457.17;2481226.1;1888.33;2401002.18
350950205001321;3;Região Sudeste;35;São Paulo;3507;Campinas;35032;Campinas;22;RM Campinas;3509502;CAMPINAS;350950205;CAMPINAS;35095020500;CAMPINAS;3509502000;CAMPINAS (todos os setores);1;208.0;712.0;3.42;3.28;1183.62;973562.9;1323.61;903033.8;794.1;701861.99;1101.67;634719.76
350950205001322;3;Região Sudeste;35;São Paulo;3507;Campinas;35032;Campinas;22;RM Campinas;3509502;CAMPINAS;350950205;CAMPINAS;35095020500;CAMPINAS;3509502000;CAMPINAS (todos os setores);1;148.0;487.0;3.29;1.87;1486.36;3174185.14;2055.9;3219975.83;1314.23;2564896.15;1932.7;2576643.97
350950205001323;3;Região Sudeste;35;São Paulo;3507;Campinas;35032;Campinas;22;RM Campinas;3509502;CAMPINAS;350950205;CAMPINAS;35095020500;CAMPINAS;3509502000;CAMPINAS (todos os setores);1;133.0;405.0;3.05;2.12;284.84;498338.01;1353.0;937574.96;273.43;1036252.63;1459.58;3839757.7
350950205001324;3;Região Sudeste;35;São Paulo;3507;Campinas;35032;Campinas;22;RM Campinas;3509502;CAMPINAS;350950205;CAMPINAS;35095020500;CAMPINAS;3509502000;CAMPINAS (todos os setores);1;212.0;636.0;3.0;1.76;3699.61;18285094.84;4309.44;18673244.34;2022.7;11399257.62;3485.81;14553798.29
350950205001327;3;Região Sudeste;35;São Paulo;3507;Campinas;35032;Campinas;22;RM Campinas;3509502;CAMPINAS;350950205;CAMPINAS;35095020500;CAMPINAS;3509502000;CAMPINAS (todos os setores);1;120.0;302.0;2.52;1.14;5804.33;81081858.38;7255.42;90926658.77;5478.13;59199993.09;7129.82;65303601.61
350950205001328;3;Região Sudeste;35;São Paulo;3507;Campinas;35032;Campinas;22;RM Campinas;3509502;CAMPINAS;350950205;CAMPINAS;35095020500;CAMPINAS;3509502000;CAMPINAS (todos os setores);1;150.0;545.0;3.63;2.58;732.17;278976.93;851.36;222480.7;451.85;238731.59;756.43;169000.45
350950205001329;3;Região Sudeste;35;São Paulo;3507;Campinas;35032;Campinas;22;RM Campinas;3509502;CAMPINAS;350950205;CAMPINAS;35095020500;CAMPINAS;3509502000;CAMPINAS (todos os setores);1;184.0;530.0;2.88;1.58;1298.29;739654.79;1327.14;717680.4;842.91;636689.23;1152.55;513342.52
350950205001330;3;Região Sudeste;35;São Paulo;3507;Campinas;35032;Campinas;22;RM Campinas;3509502;CAMPINAS;350950205;CAMPINAS;35095020500;CAMPINAS;3509502000;CAMPINAS (todos os setores);1;163.0;513.0;3.15;1.57;1804.42;3813468.01;1935.0;3836919.19;1014.73;2084712.46;1483.81;2353227.59
350950205001331;3;Região Sudeste;35;São Paulo;3507;Campinas;35032;Campinas;22;RM Campinas;3509502;CAMPINAS;350950205;CAMPINAS;35095020500;CAMPINAS;3509502000;CAMPINAS (todos os setores);1;100.0;301.0;3.01;1.0;7744.61;24829023.39;8238.95;22314287.49;4758.26;24600098.27;6490.89;22298934.1
350950205001332;3;Região Sudeste;35;São Paulo;3507;Campinas;35032;Campinas;22;RM Campinas;3509502;CAMPINAS;350950205;CAMPINAS;35095020500;CAMPINAS;3509502000;CAMPINAS (todos os setores);1;59.0;184.0;3.12;1.07;8643.73;45847234.13;8792.76;45318199.27;5031.78;34897714.05;6559.29;35477498.58
350950205001333;3;Região Sudeste;35;São Paulo;3507;Campinas;35032;Campinas;22;RM Campinas;3509502;CAMPINAS;350950205;CAMPINAS;35095020500;CAMPINAS;3509502000;CAMPINAS (todos os setores);1;160.0;443.0;2.77;1.0;6100.63;13139559.36;6177.85;12826831.01;3758.01;13518629.26;4865.64;12108817.48
350950205001334;3;Região Sudeste;35;São Paulo;3507;Campinas;35032;Campinas;22;RM Campinas;3509502;CAMPINAS;350950205;CAMPINAS;35095020500;CAMPINAS;3509502000;CAMPINAS (todos os setores);1;106.0;292.0;2.75;0.93;5113.21;7087633.42;5113.21;7087633.42;3236.28;8497331.34;3877.13;7691332.01
350950205001335;3;Região Sudeste;35;São Paulo;3507;Campinas;35032;Campinas;22;RM Campinas;3509502;CAMPINAS;350950205;CAMPINAS;35095020500;CAMPINAS;3509502000;CAMPINAS (todos os setores);1;54.0;186.0;3.44;0.97;7883.33;21999528.3;7883.33;21999528.3;4369.19;21943946.28;6100.38;20060043.67
350950205001336;3;Região Sudeste;35;São Paulo;3507;Campinas;35032;Campinas;22;RM Campinas;3509502;CAMPINAS;350950205;CAMPINAS;35095020500;CAMPINAS;3509502000;CAMPINAS (todos os setores);1;23.0;58.0;2.52;0.62;6339.13;12866126.48;6627.27;11478268.4;4694.12;12851764.71;5700.0;9799512.2
350950205001337;3;Região Sudeste;35;São Paulo;3507;Campinas;35032;Campinas;22;RM Campinas;3509502;CAMPINAS;350950205;CAMPINAS;35095020500;CAMPINAS;3509502000;CAMPINAS (todos os setores);1;176.0;511.0;2.9;1.66;1766.27;2009460.87;1828.61;1966134.26;1121.42;1721244.01;1614.84;1681666.83
350950205001338;3;Região Sudeste;35;São Paulo;3507;Campinas;35032;Campinas;22;RM Campinas;3509502;CAMPINAS;350950205;CAMPINAS;35095020500;CAMPINAS;3509502000;CAMPINAS (todos os setores);1;138.0;457.0;3.31;2.07;2204.71;162518956.48;3457.39;251539888.49;1191.73;53545129.55;2017.88;89138818.23
350950205001339;3;Região Sudeste;35;São Paulo;3507;Campinas;35032;Campinas;22;RM Campinas;3509502;CAMPINAS;350950205;CAMPINAS;35095020500;CAMPINAS;3509502000;CAMPINAS (todos os setores);1;100.0;311.0;3.11;2.48;1345.71;967176.96;1478.8;864890.76;864.27;736562.7;1184.22;629830.85
350950205001340;3;Região Sudeste;35;São Paulo;3507;Campinas;35032;Campinas;22;RM Campinas;3509502;CAMPINAS;350950205;CAMPINAS;35095020500;CAMPINAS;3509502000;CAMPINAS (todos os setores);1;195.0;583.0;2.99;1.99;1806.64;2597238.27;1935.69;2532607.95;1085.19;1761180.12;1519.83;1806101.18
350950205001341;3;Região Sudeste;35;São Paulo;3507;Campinas;35032;Campinas;22;RM Campinas;3509502;CAMPINAS;350950205;CAMPINAS;35095020500;CAMPINAS;3509502000;CAMPINAS (todos os setores);1;166.0;430.0;2.59;1.32;2163.65;5339751.04;2394.44;5356826.96;1512.69;4658791.06;2109.4;5239841.07
350950205001342;3;Região Sudeste;35;São Paulo;3507;Campinas;35032;Campinas;22;RM Campinas;3509502;CAMPINAS;350950205;CAMPINAS;35095020500;CAMPINAS;3509502000;CAMPINAS (todos os setores);1;145.0;449.0;3.1;1.98;1530.74;2210772.05;1707.37;2163937.8;1031.24;1335031.37;1390.47;1300483.23
350950205001343;3;Região Sudeste;35;São Paulo;3507;Campinas;35032;Campinas;22;RM Campinas;3509502;CAMPINAS;350950205;CAMPINAS;35095020500;CAMPINAS;3509502000;CAMPINAS (todos os setores);1;150.0;475.0;3.17;1.68;1327.73;889260.2;1402.53;834059.41;865.29;843967.67;1225.11;753803.19
350950205001344;3;Região Sudeste;35;São Paulo;3507;Campinas;35032;Campinas;22;RM Campinas;3509502;CAMPINAS;350950205;CAMPINAS;35095020500;CAMPINAS;3509502000;CAMPINAS (todos os setores);1;62.0;209.0;3.37;0.93;9287.1;23595568.48;9287.1;23595568.48;4394.86;25644628.57;6356.2;24614148.76
350950205001345;3;Região Sudeste;35;São Paulo;3507;Campinas;35032;Campinas;22;RM Campinas;3509502;CAMPINAS;350950205;CAMPINAS;35095020500;CAMPINAS;3509502000;CAMPINAS (todos os setores);1;323.0;999.0;3.09;2.05;1123.41;637913.3;1170.53;609428.04;706.0;619862.25;1008.25;580427.98
350950205001346;3;Região Sudeste;35;São Paulo;3507;Campinas;35032;Campinas;22;RM Campinas;3509502;CAMPINAS;350950205;CAMPINAS;35095020500;CAMPINAS;3509502000;CAMPINAS (todos os setores);1;271.0;955.0;3.52;1.78;819.08;310885.99;917.24;257890.46;543.54;226427.47;748.02;158546.56
350950205001347;3;Região Sudeste;35;São Paulo;3507;Campinas;35032;Campinas;22;RM Campinas;3509502;CAMPINAS;350950205;CAMPINAS;35095020500;CAMPINAS;3509502000;CAMPINAS (todos os setores);1;80.0;257.0;3.21;1.99;1305.5;1867597.22;1684.52;1769766.16;1130.21;1501663.94;1557.33;1403425.55
350950205001348;3;Região Sudeste;35;São Paulo;3507;Campinas;35032;Campinas;22;RM Campinas;3509502;CAMPINAS;350950205;CAMPINAS;35095020500;CAMPINAS;3509502000;CAMPINAS (todos os setores);1;152.0;602.0;3.96;3.63;765.69;538315.58;1012.04;461525.39;520.19;350239.8;869.19;281650.3
350950205001349;3;Região Sudeste;35;São Paulo;3507;Campinas;35032;Campinas;22;RM Campinas;3509502;CAMPINAS;350950205;CAMPINAS;35095020500;CAMPINAS;3509502000;CAMPINAS (todos os setores);1;126.0;427.0;3.39;3.74;1092.28;520570.23;1128.09;497045.69;659.02;552835.59;1017.3;488653.18
350950205001350;3;Região Sudeste;35;São Paulo;3507;Campinas;35032;Campinas;22;RM Campinas;3509502;CAMPINAS;350950205;CAMPINAS;35095020500;CAMPINAS;3509502000;CAMPINAS (todos os setores);1;129.0;414.0;3.21;1.92;2136.12;2702752.05;2222.26;2619651.77;1305.19;2181463.31;1778.5;2130576.05
350950205001351;3;Região Sudeste;35;São Paulo;3507;Campinas;35032;Campinas;22;RM Campinas;3509502;CAMPINAS;350950205;CAMPINAS;35095020500;CAMPINAS;3509502000;CAMPINAS (todos os setores);1;175.0;528.0;3.02;2.57;1466.39;2051715.06;1634.51;2011894.55;960.93;1436896.36;1378.47;1485831.94
350950205001352;3;Região Sudeste;35;São Paulo;3507;Campinas;35032;Campinas;22;RM Campinas;3509502;CAMPINAS;350950205;CAMPINAS;35095020500;CAMPINAS;3509502000;CAMPINAS (todos os setores);1;95.0;288.0;3.03;1.52;4151.12;151885556.57;4381.73;159396594.44;1997.71;55420257.19;2912.45;78252932.13
350950205001353;3;Região Sudeste;35;São Paulo;3507;Campinas;35032;Campinas;22;RM Campinas;3509502;CAMPINAS;350950205;CAMPINAS;35095020500;CAMPINAS;3509502000;CAMPINAS (todos os setores);1;189.0;598.0;3.16;2.15;1713.1;2590947.93;1882.41;2527938.13;1026.94;1580720.0;1448.38;1619120.54
350950205001354;3;Região Sudeste;35;São Paulo;3507;Campinas;35032;Campinas;22;RM Campinas;3509502;CAMPINAS;350950205;CAMPINAS;35095020500;CAMPINAS;3509502000;CAMPINAS (todos os setores);1;249.0;832.0;3.34;1.92;1359.42;1709089.19;1531.65;1661608.18;776.73;1302001.31;1289.84;1500726.63
350950205001355;3;Região Sudeste;35;São Paulo;3507;Campinas;35032;Campinas;22;RM Campinas;3509502;CAMPINAS;350950205;CAMPINAS;35095020500;CAMPINAS;3509502000;CAMPINAS (todos os setores);1;56.0;199.0;3.55;2.98;563.5;207546.22;671.4;174130.77;381.49;180976.65;642.73;136518.07
350950205001356;3;Região Sudeste;35;São Paulo;3507;Campinas;35032;Campinas;22;RM Campinas;3509502;CAMPINAS;350950205;CAMPINAS;35095020500;CAMPINAS;3509502000;CAMPINAS (todos os setores);1;174.0;463.0;2.66;1.16;1322.69;509921.26;1411.95;417735.03;1047.07;749496.31;1336.76;569010.0
350950205001357;3;Região Sudeste;35;São Paulo;3507;Campinas;35032;Campinas;22;RM Campinas;3509502;CAMPINAS;350950205;CAMPINAS;35095020500;CAMPINAS;3509502000;CAMPINAS (todos os setores);1;233.0;811.0;3.48;1.75;724.05;233405.18;907.01;125859.7;496.04;248714.98;872.14;108929.0
350950205001358;3;Região Sudeste;35;São Paulo;3507;Campinas;35032;Campinas;22;RM Campinas;3509502;CAMPINAS;350950205;CAMPINAS;35095020500;CAMPINAS;3509502000;CAMPINAS (todos os setores);1;113.0;450.0;3.98;3.8;623.57;185573.64;719.01;144938.03;416.93;192782.38;701.71;124324.48
350950205001359;3;Região Sudeste;35;São Paulo;3507;Campinas;35032;Campinas;22;RM Campinas;3509502;CAMPINAS;350950205;CAMPINAS;35095020500;CAMPINAS;3509502000;CAMPINAS (todos os setores);1;174.0;379.0;2.18;0.7;3583.13;6144367.41;3667.44;5978768.38;2671.26;5249072.78;3035.94;4857194.39
350950205001362;3;Região Sudeste;35;São Paulo;3507;Campinas;35032;Campinas;22;RM Campinas;3509502;CAMPINAS;350950205;CAMPINAS;35095020500;CAMPINAS;3509502000;CAMPINAS (todos os setores);1;206.0;666.0;3.23;2.55;1519.33;2754967.5;1673.71;2776628.28;908.67;1811441.97;1390.26;2102691.99
350950205001363;3;Região Sudeste;35;São Paulo;3507;Campinas;35032;Campinas;22;RM Campinas;3509502;CAMPINAS;350950205;CAMPINAS;35095020500;CAMPINAS;3509502000;CAMPINAS (todos os setores);1;272.0;933.0;3.43;2.3;1666.94;1938030.91;1771.12;1874387.47;903.01;1293273.57;1372.17;1321483.87
350950205001364;3;Região Sudeste;35;São Paulo;3507;Campinas;35032;Campinas;22;RM Campinas;3509502;CAMPINAS;350950205;CAMPINAS;35095020500;CAMPINAS;3509502000;CAMPINAS (todos os setores);1;208.0;641.0;3.08;1.2;3645.45;4955165.67;3735.24;4740772.67;2054.64;4655201.27;2844.89;4196320.67
350950205001365;3;Região Sudeste;35;São Paulo;3507;Campinas;35032;Campinas;22;RM Campinas;3509502;CAMPINAS;350950205;CAMPINAS;35095020500;CAMPINAS;3509502000;CAMPINAS (todos os setores);1;207.0;592.0;2.86;1.01;3381.57;4553558.81;3499.93;4297419.22;2203.2;4313364.31;2923.92;3615179.57
350950205001366;3;Região Sudeste;35;São Paulo;3507;Campinas;35032;Campinas;22;RM Campinas;3509502;CAMPINAS;350950205;CAMPINAS;35095020500;CAMPINAS;3509502000;CAMPINAS (todos os setores);1;183.0;675.0;3.69;2.42;743.14;306038.24;918.88;216320.64;449.02;254099.29;811.13;165014.14
350950205001367;3;Região Sudeste;35;São Paulo;3507;Campinas;35032;Campinas;22;RM Campinas;3509502;CAMPINAS;350950205;CAMPINAS;35095020500;CAMPINAS;3509502000;CAMPINAS (todos os setores);1;211.0;661.0;3.13;1.73;1137.78;625135.57;1231.13;561166.92;698.9;592713.13;1102.33;489856.06
350950205001368;3;Região Sudeste;35;São Paulo;3507;Campinas;35032;Campinas;22;RM Campinas;3509502;CAMPINAS;350950205;CAMPINAS;35095020500;CAMPINAS;3509502000;CAMPINAS (todos os setores);1;223.0;791.0;3.55;2.78;332.21;225506.48;726.29;206610.13;304.04;164259.76;647.62;127256.73
350950205001369;3;Região Sudeste;35;São Paulo;3507;Campinas;35032;Campinas;22;RM Campinas;3509502;CAMPINAS;350950205;CAMPINAS;35095020500;CAMPINAS;3509502000;CAMPINAS (todos os setores);1;147.0;428.0;2.91;1.89;1179.67;1191790.47;1284.53;1162816.79;738.9;859458.38;1137.24;869825.52
350950205001370;3;Região Sudeste;35;São Paulo;3507;Campinas;35032;Campinas;22;RM Campinas;3509502;CAMPINAS;350950205;CAMPINAS;35095020500;CAMPINAS;3509502000;CAMPINAS (todos os setores);1;138.0;416.0;3.01;1.55;1754.81;1962128.93;1891.91;1855214.75;1092.02;1405065.09;1492.02;1322621.37
350950205001371;3;Região Sudeste;35;São Paulo;3507;Campinas;35032;Campinas;22;RM Campinas;3509502;CAMPINAS;350950205;CAMPINAS;35095020500;CAMPINAS;3509502000;CAMPINAS (todos os setores);1;99.0;335.0;3.38;3.14;713.03;1067241.74;1568.67;1004325.45;578.32;711921.99;1242.77;704064.44
350950205001372;3;Região Sudeste;35;São Paulo;3507;Campinas;35032;Campinas;22;RM Campinas;3509502;CAMPINAS;350950205;CAMPINAS;35095020500;CAMPINAS;3509502000;CAMPINAS (todos os setores);1;100.0;328.0;3.28;2.2;1390.76;1692494.67;1463.96;1674222.36;941.07;1039294.87;1207.03;1011874.92
350950205001373;3;Região Sudeste;35;São Paulo;3507;Campinas;35032;Campinas;22;RM Campinas;3509502;CAMPINAS;350950205;CAMPINAS;35095020500;CAMPINAS;3509502000;CAMPINAS (todos os setores);1;180.0;585.0;3.25;2.67;1284.54;748520.47;1344.29;702752.96;850.93;781892.72;1184.9;692806.13
350950205001374;3;Região Sudeste;35;São Paulo;3507;Campinas;35032;Campinas;22;RM Campinas;3509502;CAMPINAS;350950205;CAMPINAS;35095020500;CAMPINAS;3509502000;CAMPINAS (todos os setores);1;177.0;510.0;2.88;2.4;1030.11;499638.62;1139.56;427550.12;691.4;504506.27;1101.55;351466.3
350950205001375;3;Região Sudeste;35;São Paulo;3507;Campinas;35032;Campinas;22;RM Campinas;3509502;CAMPINAS;350950205;CAMPINAS;35095020500;CAMPINAS;3509502000;CAMPINAS (todos os setores);1;134.0;427.0;3.19;2.27;1078.72;2268705.89;1403.39;2498117.24;851.89;1214986.7;1209.92;1292715.31
350950205001376;3;Região Sudeste;35;São Paulo;3507;Campinas;35032;Campinas;22;RM Campinas;3509502;CAMPINAS;350950205;CAMPINAS;35095020500;CAMPINAS;3509502000;CAMPINAS (todos os setores);1;257.0;854.0;3.32;1.7;1877.26;2457199.41;1985.42;2383730.72;1068.65;1713386.59;1625.82;1700822.87
350950205001377;3;Região Sudeste;35;São Paulo;3507;Campinas;35032;Campinas;22;RM Campinas;3509502;CAMPINAS;350950205;CAMPINAS;35095020500;CAMPINAS;3509502000;CAMPINAS (todos os setores);1;165.0;515.0;3.12;2.03;2569.21;8735569.5;2864.32;8894758.04;1639.04;5195829.3;2283.12;5768755.88
350950205001378;3;Região Sudeste;35;São Paulo;3507;Campinas;35032;Campinas;22;RM Campinas;3509502;CAMPINAS;350950205;CAMPINAS;35095020500;CAMPINAS;3509502000;CAMPINAS (todos os setores);1;165.0;507.0;3.07;2.1;2895.38;9709090.75;3042.91;9755178.98;1763.26;5745361.61;2409.62;6295568.43
350950205001379;3;Região Sudeste;35;São Paulo;3507;Campinas;35032;Campinas;22;RM Campinas;3509502;CAMPINAS;350950205;CAMPINAS;35095020500;CAMPINAS;3509502000;CAMPINAS (todos os setores);1;188.0;638.0;3.39;2.07;1701.04;2854453.06;1776.64;2846958.32;978.48;1610489.2;1416.76;1711185.46
350950205001380;3;Região Sudeste;35;São Paulo;3507;Campinas;35032;Campinas;22;RM Campinas;3509502;CAMPINAS;350950205;CAMPINAS;35095020500;CAMPINAS;3509502000;CAMPINAS (todos os setores);1;132.0;551.0;4.17;4.33;659.5;472041.72;879.33;435715.24;393.36;275593.95;763.19;252349.49
350950205001381;3;Região Sudeste;35;São Paulo;3507;Campinas;35032;Campinas;22;RM Campinas;3509502;CAMPINAS;350950205;CAMPINAS;35095020500;CAMPINAS;3509502000;CAMPINAS (todos os setores);1;192.0;636.0;3.31;1.86;8040.84;44806535.01;8345.09;43958357.25;4149.72;32145872.95;6218.99;35315251.28
350950205001382;3;Região Sudeste;35;São Paulo;3507;Campinas;35032;Campinas;22;RM Campinas;3509502;CAMPINAS;350950205;CAMPINAS;35095020500;CAMPINAS;3509502000;CAMPINAS (todos os setores);1;220.0;697.0;3.17;2.07;1098.48;928895.98;1245.7;869690.88;768.09;645442.41;1074.97;573268.83
350950205001383;3;Região Sudeste;35;São Paulo;3507;Campinas;35032;Campinas;22;RM Campinas;3509502;CAMPINAS;350950205;CAMPINAS;35095020500;CAMPINAS;3509502000;CAMPINAS (todos os setores);1;245.0;786.0;3.21;1.92;3260.05;11448624.03;3534.12;11442477.07;1851.47;7153557.67;2740.33;8154196.95
350950205001384;3;Região Sudeste;35;São Paulo;3507;Campinas;35032;Campinas;22;RM Campinas;3509502;CAMPINAS;350950205;CAMPINAS;35095020500;CAMPINAS;3509502000;CAMPINAS (todos os setores);1;38.0;122.0;3.21;0.93;9789.47;29999886.2;9789.47;29999886.2;5854.35;32948002.87;7378.08;30244235.16
350950205001385;3;Região Sudeste;35;São Paulo;3507;Campinas;35032;Campinas;22;RM Campinas;3509502;CAMPINAS;350950205;CAMPINAS;35095020500;CAMPINAS;3509502000;CAMPINAS (todos os setores);1;186.0;612.0;3.29;2.75;1138.53;719311.99;1210.09;677688.39;724.47;555117.06;1033.36;472394.05
350950205001386;3;Região Sudeste;35;São Paulo;3507;Campinas;35032;Campinas;22;RM Campinas;3509502;CAMPINAS;350950205;CAMPINAS;35095020500;CAMPINAS;3509502000;CAMPINAS (todos os setores);1;196.0;609.0;3.11;2.57;950.53;845853.08;1142.96;796849.59;686.11;561545.04;1017.08;495624.03
350950205001387;3;Região Sudeste;35;São Paulo;3507;Campinas;35032;Campinas;22;RM Campinas;3509502;CAMPINAS;350950205;CAMPINAS;35095020500;CAMPINAS;3509502000;CAMPINAS (todos os setores);1;75.0;235.0;3.13;1.12;6902.68;46083257.6;8486.9;43166798.92;6786.13;345661289.65;9780.01;469791472.9
350950205001388;3;Região Sudeste;35;São Paulo;3507;Campinas;35032;Campinas;22;RM Campinas;3509502;CAMPINAS;350950205;CAMPINAS;35095020500;CAMPINAS;3509502000;CAMPINAS (todos os setores);1;98.0;295.0;3.01;1.21;6166.02;26840160.29;6640.33;25743163.22;3542.0;19776595.45;5158.04;20468408.93
350950205001389;3;Região Sudeste;35;São Paulo;3507;Campinas;35032;Campinas;22;RM Campinas;3509502;CAMPINAS;350950205;CAMPINAS;35095020500;CAMPINAS;3509502000;CAMPINAS (todos os setores);1;173.0;606.0;3.5;1.86;1926.34;3900694.18;2251.74;3826388.36;1175.09;3010207.0;1753.06;3478833.71
350950205001390;3;Região Sudeste;35;São Paulo;3507;Campinas;35032;Campinas;22;RM Campinas;3509502;CAMPINAS;350950205;CAMPINAS;35095020500;CAMPINAS;3509502000;CAMPINAS (todos os setores);1;164.0;497.0;3.03;1.67;4424.63;22416464.96;5039.16;22433256.22;2623.85;13392428.39;3828.93;14934163.43
350950205001391;3;Região Sudeste;35;São Paulo;3507;Campinas;35032;Campinas;22;RM Campinas;3509502;CAMPINAS;350950205;CAMPINAS;35095020500;CAMPINAS;3509502000;CAMPINAS (todos os setores);1;123.0;453.0;3.68;3.55;721.67;227858.88;861.8;150590.12;524.73;263378.96;824.29;166433.6
350950205001392;3;Região Sudeste;35;São Paulo;3507;Campinas;35032;Campinas;22;RM Campinas;3509502;CAMPINAS;350950205;CAMPINAS;35095020500;CAMPINAS;3509502000;CAMPINAS (todos os setores);1;212.0;668.0;3.15;1.89;1741.3;2666806.56;1855.06;2629815.35;1072.14;1806522.15;1494.58;1887134.7
350950205001393;3;Região Sudeste;35;São Paulo;3507;Campinas;35032;Campinas;22;RM Campinas;3509502;CAMPINAS;350950205;CAMPINAS;35095020500;CAMPINAS;3509502000;CAMPINAS (todos os setores);1;208.0;759.0;3.65;2.34;1006.93;1584843.78;1424.77;1647600.43;873.17;4750146.08;1345.97;6690330.46
350950205001394;3;Região Sudeste;35;São Paulo;3507;Campinas;35032;Campinas;22;RM Campinas;3509502;CAMPINAS;350950205;CAMPINAS;35095020500;CAMPINAS;3509502000;CAMPINAS (todos os setores);1;205.0;571.0;2.79;1.23;4811.05;59212612.74;5572.12;64367934.26;3860.97;36213411.9;5263.06;42000487.47
350950205001395;3;Região Sudeste;35;São Paulo;3507;Campinas;35032;Campinas;22;RM Campinas;3509502;CAMPINAS;350950205;CAMPINAS;35095020500;CAMPINAS;3509502000;CAMPINAS (todos os setores);1;94.0;213.0;2.27;0.95;2685.21;5590408.02;3365.47;4705473.77;2210.13;4729273.96;2946.84;4130664.75
350950205001396;3;Região Sudeste;35;São Paulo;3507;Campinas;35032;Campinas;22;RM Campinas;3509502;CAMPINAS;350950205;CAMPINAS;35095020500;CAMPINAS;3509502000;CAMPINAS (todos os setores);1;60.0;193.0;3.22;1.05;9424.17;55418600.99;10097.32;52528401.79;4526.2;41472179.27;8107.36;45293510.74
350950205001397;3;Região Sudeste;35;São Paulo;3507;Campinas;35032;Campinas;22;RM Campinas;3509502;CAMPINAS;350950205;CAMPINAS;35095020500;CAMPINAS;3509502000;CAMPINAS (todos os setores);1;109.0;263.0;2.41;1.02;4254.27;17290289.27;5040.38;16514485.84;2976.18;12047755.8;4223.68;11827344.34
350950205001398;3;Região Sudeste;35;São Paulo;3507;Campinas;35032;Campinas;22;RM Campinas;3509502;CAMPINAS;350950205;CAMPINAS;35095020500;CAMPINAS;3509502000;CAMPINAS (todos os setores);1;113.0;255.0;2.26;0.82;4446.66;13242208.99;5075.48;11909813.95;4391.16;14517426.26;5274.16;12770084.29
350950205001399;3;Região Sudeste;35;São Paulo;3507;Campinas;35032;Campinas;22;RM Campinas;3509502;CAMPINAS;350950205;CAMPINAS;35095020500;CAMPINAS;3509502000;CAMPINAS (todos os setores);1;81.0;215.0;2.65;1.2;6093.33;18820900.0;6247.59;18327367.22;3809.23;17311749.96;5241.28;16306632.44
350950205001400;3;Região Sudeste;35;São Paulo;3507;Campinas;35032;Campinas;22;RM Campinas;3509502;CAMPINAS;350950205;CAMPINAS;35095020500;CAMPINAS;3509502000;CAMPINAS (todos os setores);1;83.0;283.0;3.41;0.98;11746.36;502871329.09;13174.97;545789411.42;5984.23;211757643.33;10233.9;319425774.5
350950205001401;3;Região Sudeste;35;São Paulo;3507;Campinas;35032;Campinas;22;RM Campinas;3509502;CAMPINAS;350950205;CAMPINAS;35095020500;CAMPINAS;3509502000;CAMPINAS (todos os setores);1;136.0;457.0;3.36;1.8;889.97;800934.93;1301.46;633922.79;768.53;705493.83;1229.05;561675.34
350950205001402;3;Região Sudeste;35;São Paulo;3507;Campinas;35032;Campinas;22;RM Campinas;3509502;CAMPINAS;350950205;CAMPINAS;35095020500;CAMPINAS;3509502000;CAMPINAS (todos os setores);1;239.0;894.0;3.74;1.95;1235.82;1790929.38;1605.22;1732976.87;733.18;1023088.34;1280.1;1086305.38
350950205001403;3;Região Sudeste;35;São Paulo;3507;Campinas;35032;Campinas;22;RM Campinas;3509502;CAMPINAS;350950205;CAMPINAS;35095020500;CAMPINAS;3509502000;CAMPINAS (todos os setores);1;232.0;805.0;3.47;2.03;1566.84;3717730.46;1747.63;3831292.58;907.49;2303379.78;1377.68;2850205.92
350950205001404;3;Região Sudeste;35;São Paulo;3507;Campinas;35032;Campinas;22;RM Campinas;3509502;CAMPINAS;350950205;CAMPINAS;35095020500;CAMPINAS;3509502000;CAMPINAS (todos os setores);1;138.0;550.0;3.99;3.46;564.65;162316.45;714.88;97511.51;421.6;173899.33;706.9;89583.74
350950205001405;3;Região Sudeste;35;São Paulo;3507;Campinas;35032;Campinas;22;RM Campinas;3509502;CAMPINAS;350950205;CAMPINAS;35095020500;CAMPINAS;3509502000;CAMPINAS (todos os setores);1;137.0;492.0;3.59;3.23;797.99;2629293.88;950.64;2990305.06;534.84;1066553.23;809.49;1393176.38
350950205001406;3;Região Sudeste;35;São Paulo;3507;Campinas;35032;Campinas;22;RM Campinas;3509502;CAMPINAS;350950205;CAMPINAS;35095020500;CAMPINAS;3509502000;CAMPINAS (todos os setores);2;43.0;147.0;3.42;1.34;886.74;637065.34;977.69;612865.59;553.16;460792.47;833.0;460795.95
350950205001409;3;Região Sudeste;35;São Paulo;3507;Campinas;35032;Campinas;22;RM Campinas;3509502;CAMPINAS;350950205;CAMPINAS;35095020500;CAMPINAS;3509502000;CAMPINAS (todos os setores);1;742.0;2372.0;3.2;1.75;1307.28;2107511.26;1830.19;1993270.39;864.44;1470089.12;1543.09;1577103.73
350950205001410;3;Região Sudeste;35;São Paulo;3507;Campinas;35032;Campinas;22;RM Campinas;3509502;CAMPINAS;350950205;CAMPINAS;35095020500;CAMPINAS;3509502000;CAMPINAS (todos os setores);1;181.0;551.0;3.04;1.2;1604.04;1201833.29;1659.03;1151511.85;1050.6;1021146.41;1390.41;878529.87
350950205001411;3;Região Sudeste;35;São Paulo;3507;Campinas;35032;Campinas;22;RM Campinas;3509502;CAMPINAS;350950205;CAMPINAS;35095020500;CAMPINAS;3509502000;CAMPINAS (todos os setores);1;218.0;576.0;2.64;0.99;2903.96;3278109.09;2930.85;3229430.23;1755.87;3278744.91;2385.33;2951786.02
350950205001412;3;Região Sudeste;35;São Paulo;3507;Campinas;35032;Campinas;22;RM Campinas;3509502;CAMPINAS;350950205;CAMPINAS;35095020500;CAMPINAS;3509502000;CAMPINAS (todos os setores);1;184.0;646.0;3.51;2.47;933.18;501678.03;975.6;482993.29;599.41;474522.95;868.59;453759.28
350950205001413;3;Região Sudeste;35;São Paulo;3507;Campinas;35032;Campinas;22;RM Campinas;3509502;CAMPINAS;350950205;CAMPINAS;35095020500;CAMPINAS;3509502000;CAMPINAS (todos os setores);1;153.0;470.0;3.07;1.55;990.2;1781334.83;1470.87;1940590.41;797.51;1115227.02;1305.79;1162454.75
350950205001414;3;Região Sudeste;35;São Paulo;3507;Campinas;35032;Campinas;22;RM Campinas;3509502;CAMPINAS;350950205;CAMPINAS;35095020500;CAMPINAS;3509502000;CAMPINAS (todos os setores);1;175.0;585.0;3.34;2.01;1888.0;5814211.53;1920.93;5852588.64;1121.53;3734731.91;1610.09;4577325.82
350950205001415;3;Região Sudeste;35;São Paulo;3507;Campinas;35032;Campinas;22;RM Campinas;3509502;CAMPINAS;350950205;CAMPINAS;35095020500;CAMPINAS;3509502000;CAMPINAS (todos os setores);1;196.0;816.0;4.16;3.62;604.82;309986.78;790.3;258119.9;383.62;214023.58;740.47;148683.65
350950205001416;3;Região Sudeste;35;São Paulo;3507;Campinas;35032;Campinas;22;RM Campinas;3509502;CAMPINAS;350950205;CAMPINAS;35095020500;CAMPINAS;3509502000;CAMPINAS (todos os setores);1;107.0;473.0;4.42;5.08;961.61;1077056.54;1039.31;1083394.93;534.07;492333.87;848.98;515371.35
350950205001417;3;Região Sudeste;35;São Paulo;3507;Campinas;35032;Campinas;22;RM Campinas;3509502;CAMPINAS;350950205;CAMPINAS;35095020500;CAMPINAS;3509502000;CAMPINAS (todos os setores);1;157.0;504.0;3.21;2.33;446.92;204620.65;746.45;117247.6;417.8;180007.7;721.01;91652.89
350950205001418;3;Região Sudeste;35;São Paulo;3507;Campinas;35032;Campinas;22;RM Campinas;3509502;CAMPINAS;350950205;CAMPINAS;35095020500;CAMPINAS;3509502000;CAMPINAS (todos os setores);1;171.0;524.0;3.06;2.08;762.51;856027.17;1290.99;766167.01;618.99;658230.33;1190.57;585222.48
350950205001419;3;Região Sudeste;35;São Paulo;3507;Campinas;35032;Campinas;22;RM Campinas;3509502;CAMPINAS;350950205;CAMPINAS;35095020500;CAMPINAS;3509502000;CAMPINAS (todos os setores);1;144.0;427.0;2.97;1.7;1365.05;919670.2;1477.95;828186.88;902.63;795217.48;1245.23;669972.82
350950205001420;3;Região Sudeste;35;São Paulo;3507;Campinas;35032;Campinas;22;RM Campinas;3509502;CAMPINAS;350950205;CAMPINAS;35095020500;CAMPINAS;3509502000;CAMPINAS (todos os setores);1;112.0;422.0;3.77;4.07;961.61;4486485.68;1516.9;6259924.55;785.81;3377849.55;1417.71;5207653.39
350950205001421;3;Região Sudeste;35;São Paulo;3507;Campinas;35032;Campinas;22;RM Campinas;3509502;CAMPINAS;350950205;CAMPINAS;35095020500;CAMPINAS;3509502000;CAMPINAS (todos os setores);1;64.0;199.0;3.11;2.29;601.09;215873.39;854.89;87193.74;434.01;220394.36;827.18;93334.79
350950205001422;3;Região Sudeste;35;São Paulo;3507;Campinas;35032;Campinas;22;RM Campinas;3509502;CAMPINAS;350950205;CAMPINAS;35095020500;CAMPINAS;3509502000;CAMPINAS (todos os setores);1;242.0;869.0;3.59;3.24;472.71;528268.4;986.18;596293.02;459.69;405278.9;945.87;373960.82
350950205001423;3;Região Sudeste;35;São Paulo;3507;Campinas;35032;Campinas;22;RM Campinas;3509502;CAMPINAS;350950205;CAMPINAS;35095020500;CAMPINAS;3509502000;CAMPINAS (todos os setores);1;118.0;443.0;3.75;3.21;760.87;289207.51;880.23;228925.19;419.19;258559.47;812.57;181152.67
350950205001424;3;Região Sudeste;35;São Paulo;3507;Campinas;35032;Campinas;22;RM Campinas;3509502;CAMPINAS;350950205;CAMPINAS;35095020500;CAMPINAS;3509502000;CAMPINAS (todos os setores);1;50.0;199.0;3.98;3.78;1147.4;4028116.57;1365.95;4508277.12;649.96;1739553.07;1070.13;2421357.91
350950205001426;3;Região Sudeste;35;São Paulo;3507;Campinas;35032;Campinas;22;RM Campinas;3509502;CAMPINAS;350950205;CAMPINAS;35095020500;CAMPINAS;3509502000;CAMPINAS (todos os setores);1;114.0;380.0;3.33;1.39;1292.02;4392048.11;2301.41;5517913.86;729.18;2111341.01;1748.03;3288504.59
350950205001427;3;Região Sudeste;35;São Paulo;3507;Campinas;35032;Campinas;22;RM Campinas;3509502;CAMPINAS;350950205;CAMPINAS;35095020500;CAMPINAS;3509502000;CAMPINAS (todos os setores);1;121.0;408.0;3.37;1.85;1399.22;988598.02;1539.15;871028.22;792.74;815934.21;1242.77;719426.71
350950205001428;3;Região Sudeste;35;São Paulo;3507;Campinas;35032;Campinas;22;RM Campinas;3509502;CAMPINAS;350950205;CAMPINAS;35095020500;CAMPINAS;3509502000;CAMPINAS (todos os setores);1;156.0;406.0;2.6;1.18;1499.2;945691.14;1528.59;919125.82;1047.02;1013669.87;1321.77;916166.63
350950205001429;3;Região Sudeste;35;São Paulo;3507;Campinas;35032;Campinas;22;RM Campinas;3509502;CAMPINAS;350950205;CAMPINAS;35095020500;CAMPINAS;3509502000;CAMPINAS (todos os setores);1;157.0;413.0;2.63;1.16;1453.95;911202.73;1491.96;878096.62;1002.67;789162.86;1297.57;638055.62
350950205001430;3;Região Sudeste;35;São Paulo;3507;Campinas;35032;Campinas;22;RM Campinas;3509502;CAMPINAS;350950205;CAMPINAS;35095020500;CAMPINAS;3509502000;CAMPINAS (todos os setores);1;205.0;553.0;2.7;1.16;1948.59;3777072.49;2027.72;3769965.37;1378.27;3547065.5;1729.38;3844265.49
350950205001431;3;Região Sudeste;35;São Paulo;3507;Campinas;35032;Campinas;22;RM Campinas;3509502;CAMPINAS;350950205;CAMPINAS;35095020500;CAMPINAS;3509502000;CAMPINAS (todos os setores);1;208.0;540.0;2.6;0.95;1645.28;1054761.84;1685.8;1012215.95;1138.57;1009218.13;1453.43;830182.79
350950205001432;3;Região Sudeste;35;São Paulo;3507;Campinas;35032;Campinas;22;RM Campinas;3509502;CAMPINAS;350950205;CAMPINAS;35095020500;CAMPINAS;3509502000;CAMPINAS (todos os setores);1;96.0;356.0;3.71;2.9;612.61;191916.3;675.99;168662.38;379.73;158332.63;582.38;124634.63
350950205001433;3;Região Sudeste;35;São Paulo;3507;Campinas;35032;Campinas;22;RM Campinas;3509502;CAMPINAS;350950205;CAMPINAS;35095020500;CAMPINAS;3509502000;CAMPINAS (todos os setores);1;156.0;538.0;3.45;3.77;467.67;99692.14;565.56;64928.76;291.64;97457.31;488.13;67076.26
350950205001434;3;Região Sudeste;35;São Paulo;3507;Campinas;35032;Campinas;22;RM Campinas;3509502;CAMPINAS;350950205;CAMPINAS;35095020500;CAMPINAS;3509502000;CAMPINAS (todos os setores);1;131.0;470.0;3.59;2.37;839.13;1842607.44;1157.12;2176425.91;513.44;976915.75;979.53;1409281.29
350950205001435;3;Região Sudeste;35;São Paulo;3507;Campinas;35032;Campinas;22;RM Campinas;3509502;CAMPINAS;350950205;CAMPINAS;35095020500;CAMPINAS;3509502000;CAMPINAS (todos os setores);1;156.0;537.0;3.44;2.7;1123.88;1989860.51;1380.51;2090746.76;774.69;1305306.48;1219.18;1513016.92
350950205001436;3;Região Sudeste;35;São Paulo;3507;Campinas;35032;Campinas;22;RM Campinas;3509502;CAMPINAS;350950205;CAMPINAS;35095020500;CAMPINAS;3509502000;CAMPINAS (todos os setores);1;189.0;573.0;3.03;2.03;1273.59;1266945.62;1352.3;1238648.22;844.02;852467.51;1152.41;808428.71
350950205001437;3;Região Sudeste;35;São Paulo;3507;Campinas;35032;Campinas;22;RM Campinas;3509502;CAMPINAS;350950205;CAMPINAS;35095020500;CAMPINAS;3509502000;CAMPINAS (todos os setores);1;94.0;287.0;3.05;0.93;9638.79;38898278.58;9638.79;38898278.58;5738.91;36085922.33;7744.07;33148444.81
350950205001438;3;Região Sudeste;35;São Paulo;3507;Campinas;35032;Campinas;22;RM Campinas;3509502;CAMPINAS;350950205;CAMPINAS;35095020500;CAMPINAS;3509502000;CAMPINAS (todos os setores);1;23.0;60.0;2.61;0.89;8530.43;23588577.08;8530.43;23588577.08;5336.55;30245567.47;6670.68;28876239.06
350950205001439;3;Região Sudeste;35;São Paulo;3507;Campinas;35032;Campinas;22;RM Campinas;3509502;CAMPINAS;350950205;CAMPINAS;35095020500;CAMPINAS;3509502000;CAMPINAS (todos os setores);1;324.0;1125.0;3.47;2.4;2541.1;20627836.37;3518.44;25142183.55;1427.2;10524120.2;2609.28;16167070.99
350950205001440;3;Região Sudeste;35;São Paulo;3507;Campinas;35032;Campinas;22;RM Campinas;3509502;CAMPINAS;350950205;CAMPINAS;35095020500;CAMPINAS;3509502000;CAMPINAS (todos os setores);1;150.0;549.0;3.66;1.18;10354.54;35749724.89;10494.47;34757675.3;4477.07;34556450.23;7491.94;35241909.56
350950205001441;3;Região Sudeste;35;São Paulo;3507;Campinas;35032;Campinas;22;RM Campinas;3509502;CAMPINAS;350950205;CAMPINAS;35095020500;CAMPINAS;3509502000;CAMPINAS (todos os setores);1;163.0;410.0;2.52;1.18;1877.21;3501857.42;2053.6;3468447.96;1279.89;2376090.65;1756.24;2424023.38
350950205001442;3;Região Sudeste;35;São Paulo;3507;Campinas;35032;Campinas;22;RM Campinas;3509502;CAMPINAS;350950205;CAMPINAS;35095020500;CAMPINAS;3509502000;CAMPINAS (todos os setores);1;177.0;609.0;3.44;1.29;13137.85;110463615.82;13441.62;108925699.69;6002.47;74108451.21;9502.45;84091046.22
350950205001443;3;Região Sudeste;35;São Paulo;3507;Campinas;35032;Campinas;22;RM Campinas;3509502;CAMPINAS;350950205;CAMPINAS;35095020500;CAMPINAS;3509502000;CAMPINAS (todos os setores);1;143.0;484.0;3.38;1.37;14044.08;279844995.68;14766.93;283602027.44;6588.6;140775438.94;10204.0;181278675.32
350950205001444;3;Região Sudeste;35;São Paulo;3507;Campinas;35032;Campinas;22;RM Campinas;3509502;CAMPINAS;350950205;CAMPINAS;35095020500;CAMPINAS;3509502000;CAMPINAS (todos os setores);1;165.0;573.0;3.47;1.34;9230.14;47831114.86;9700.46;45692369.79;4312.17;33613938.14;6663.04;36283646.39
350950205001445;3;Região Sudeste;35;São Paulo;3507;Campinas;35032;Campinas;22;RM Campinas;3509502;CAMPINAS;350950205;CAMPINAS;35095020500;CAMPINAS;3509502000;CAMPINAS (todos os setores);1;125.0;442.0;3.54;1.44;11326.88;131032351.88;11511.06;131042974.69;5602.62;73099347.89;8227.47;85800801.1
350950205001446;3;Região Sudeste;35;São Paulo;3507;Campinas;35032;Campinas;22;RM Campinas;3509502;CAMPINAS;350950205;CAMPINAS;35095020500;CAMPINAS;3509502000;CAMPINAS (todos os setores);1;164.0;560.0;3.41;1.34;12156.74;227445731.0;12618.39;230275559.0;5088.75;104836495.38;8174.83;143310710.69
350950205001447;3;Região Sudeste;35;São Paulo;3507;Campinas;35032;Campinas;22;RM Campinas;3509502;CAMPINAS;350950205;CAMPINAS;35095020500;CAMPINAS;3509502000;CAMPINAS (todos os setores);1;172.0;603.0;3.51;1.43;13034.49;460196957.41;13505.61;470529982.24;5750.76;195729159.29;9317.26;284148512.76
350950205001448;3;Região Sudeste;35;São Paulo;3507;Campinas;35032;Campinas;22;RM Campinas;3509502;CAMPINAS;350950205;CAMPINAS;35095020500;CAMPINAS;3509502000;CAMPINAS (todos os setores);1;165.0;571.0;3.46;1.96;873.9;399776.72;1037.37;304296.18;520.94;393957.83;953.3;308416.08
350950205001449;3;Região Sudeste;35;São Paulo;3507;Campinas;35032;Campinas;22;RM Campinas;3509502;CAMPINAS;350950205;CAMPINAS;35095020500;CAMPINAS;3509502000;CAMPINAS (todos os setores);1;190.0;661.0;3.48;2.79;660.41;296988.91;871.38;207409.12;401.17;228514.25;775.7;151045.98
350950205001450;3;Região Sudeste;35;São Paulo;3507;Campinas;35032;Campinas;22;RM Campinas;3509502;CAMPINAS;350950205;CAMPINAS;35095020500;CAMPINAS;3509502000;CAMPINAS (todos os setores);1;142.0;592.0;4.17;3.32;745.04;407006.37;928.03;336534.11;461.15;407999.28;846.97;422630.7
350950205001451;3;Região Sudeste;35;São Paulo;3507;Campinas;35032;Campinas;22;RM Campinas;3509502;CAMPINAS;350950205;CAMPINAS;35095020500;CAMPINAS;3509502000;CAMPINAS (todos os setores);1;188.0;686.0;3.65;3.52;627.49;456162.87;842.63;431100.11;371.35;294925.53;780.53;300543.29
350950205001452;3;Região Sudeste;35;São Paulo;3507;Campinas;35032;Campinas;22;RM Campinas;3509502;CAMPINAS;350950205;CAMPINAS;35095020500;CAMPINAS;3509502000;CAMPINAS (todos os setores);1;163.0;629.0;3.86;3.05;715.09;1014709.1;963.31;1128758.98;410.45;486828.57;829.21;636876.17
350950205001453;3;Região Sudeste;35;São Paulo;3507;Campinas;35032;Campinas;22;RM Campinas;3509502;CAMPINAS;350950205;CAMPINAS;35095020500;CAMPINAS;3509502000;CAMPINAS (todos os setores);1;91.0;343.0;3.77;2.94;531.41;326654.71;948.2;184876.36;367.89;244258.6;840.9;159845.87
350950205001454;3;Região Sudeste;35;São Paulo;3507;Campinas;35032;Campinas;22;RM Campinas;3509502;CAMPINAS;350950205;CAMPINAS;35095020500;CAMPINAS;3509502000;CAMPINAS (todos os setores);1;211.0;726.0;3.44;2.65;982.59;687271.54;1108.7;635383.9;624.95;511901.89;947.4;470431.64
350950205001455;3;Região Sudeste;35;São Paulo;3507;Campinas;35032;Campinas;22;RM Campinas;3509502;CAMPINAS;350950205;CAMPINAS;35095020500;CAMPINAS;3509502000;CAMPINAS (todos os setores);1;159.0;604.0;3.8;3.33;881.91;444803.6;1070.41;337282.37;533.77;350166.91;929.15;241811.02
350950205001456;3;Região Sudeste;35;São Paulo;3507;Campinas;35032;Campinas;22;RM Campinas;3509502;CAMPINAS;350950205;CAMPINAS;35095020500;CAMPINAS;3509502000;CAMPINAS (todos os setores);1;151.0;545.0;3.61;2.87;396.78;203310.77;688.67;151262.85;379.46;184571.57;695.68;118131.8
350950205001457;3;Região Sudeste;35;São Paulo;3507;Campinas;35032;Campinas;22;RM Campinas;3509502;CAMPINAS;350950205;CAMPINAS;35095020500;CAMPINAS;3509502000;CAMPINAS (todos os setores);1;118.0;449.0;3.81;2.59;698.97;144509.09;736.41;124497.36;452.48;187042.65;707.24;111861.36
350950205001458;3;Região Sudeste;35;São Paulo;3507;Campinas;35032;Campinas;22;RM Campinas;3509502;CAMPINAS;350950205;CAMPINAS;35095020500;CAMPINAS;3509502000;CAMPINAS (todos os setores);1;103.0;379.0;3.68;2.87;1066.79;433107.82;1132.77;384650.36;594.37;403580.2;965.48;296725.67
350950205001459;3;Região Sudeste;35;São Paulo;3507;Campinas;35032;Campinas;22;RM Campinas;3509502;CAMPINAS;350950205;CAMPINAS;35095020500;CAMPINAS;3509502000;CAMPINAS (todos os setores);1;161.0;603.0;3.75;3.2;962.88;566508.01;1054.58;523460.9;536.42;382256.02;879.88;324613.56
350950205001460;3;Região Sudeste;35;São Paulo;3507;Campinas;35032;Campinas;22;RM Campinas;3509502;CAMPINAS;350950205;CAMPINAS;35095020500;CAMPINAS;3509502000;CAMPINAS (todos os setores);1;187.0;730.0;3.9;3.28;479.53;535002.76;822.68;636477.89;401.49;332451.9;781.98;350036.98
350950205001461;3;Região Sudeste;35;São Paulo;3507;Campinas;35032;Campinas;22;RM Campinas;3509502;CAMPINAS;350950205;CAMPINAS;35095020500;CAMPINAS;3509502000;CAMPINAS (todos os setores);1;180.0;621.0;3.45;2.67;829.26;363337.15;915.74;321776.64;525.12;313024.58;817.74;247973.28
350950205001462;3;Região Sudeste;35;São Paulo;3507;Campinas;35032;Campinas;22;RM Campinas;3509502;CAMPINAS;350950205;CAMPINAS;35095020500;CAMPINAS;3509502000;CAMPINAS (todos os setores);1;137.0;499.0;3.64;2.76;938.64;1004703.8;1012.55;1009011.77;546.95;562287.26;855.64;615708.31
350950205001463;3;Região Sudeste;35;São Paulo;3507;Campinas;35032;Campinas;22;RM Campinas;3509502;CAMPINAS;350950205;CAMPINAS;35095020500;CAMPINAS;3509502000;CAMPINAS (todos os setores);1;205.0;730.0;3.56;2.24;836.58;1272648.45;968.92;1346160.79;476.02;661518.14;850.57;864079.6
350950205001464;3;Região Sudeste;35;São Paulo;3507;Campinas;35032;Campinas;22;RM Campinas;3509502;CAMPINAS;350950205;CAMPINAS;35095020500;CAMPINAS;3509502000;CAMPINAS (todos os setores);1;186.0;692.0;3.72;2.71;916.95;2096188.47;1086.32;2300692.91;534.44;1055251.72;940.15;1476190.94
350950205001465;3;Região Sudeste;35;São Paulo;3507;Campinas;35032;Campinas;22;RM Campinas;3509502;CAMPINAS;350950205;CAMPINAS;35095020500;CAMPINAS;3509502000;CAMPINAS (todos os setores);1;204.0;581.0;2.85;1.5;1263.8;1526229.35;1498.93;1457340.54;973.0;1096702.78;1317.92;1030723.29
350950205001466;3;Região Sudeste;35;São Paulo;3507;Campinas;35032;Campinas;22;RM Campinas;3509502;CAMPINAS;350950205;CAMPINAS;35095020500;CAMPINAS;3509502000;CAMPINAS (todos os setores);1;199.0;645.0;3.24;1.98;1389.09;5248399.74;1570.61;5651449.53;824.13;2303311.78;1243.84;2956024.74
350950205001467;3;Região Sudeste;35;São Paulo;3507;Campinas;35032;Campinas;22;RM Campinas;3509502;CAMPINAS;350950205;CAMPINAS;35095020500;CAMPINAS;3509502000;CAMPINAS (todos os setores);1;169.0;571.0;3.38;1.75;1264.45;827805.21;1303.0;802658.81;724.39;651716.43;1064.28;595607.61
350950205001468;3;Região Sudeste;35;São Paulo;3507;Campinas;35032;Campinas;22;RM Campinas;3509502;CAMPINAS;350950205;CAMPINAS;35095020500;CAMPINAS;3509502000;CAMPINAS (todos os setores);1;199.0;633.0;3.18;1.05;1798.5;1519579.38;1864.07;1452402.82;1072.61;1298656.79;1506.9;1169687.18
350950205001469;3;Região Sudeste;35;São Paulo;3507;Campinas;35032;Campinas;22;RM Campinas;3509502;CAMPINAS;350950205;CAMPINAS;35095020500;CAMPINAS;3509502000;CAMPINAS (todos os setores);1;161.0;559.0;3.47;2.43;937.24;3385267.68;1397.19;4413451.2;576.84;1419242.83;1080.14;2116687.88
350950205001470;3;Região Sudeste;35;São Paulo;3507;Campinas;35032;Campinas;22;RM Campinas;3509502;CAMPINAS;350950205;CAMPINAS;35095020500;CAMPINAS;3509502000;CAMPINAS (todos os setores);1;128.0;465.0;3.63;2.71;1018.37;2573004.28;1133.49;2734785.67;601.74;1050992.13;908.24;1308914.7
350950205001471;3;Região Sudeste;35;São Paulo;3507;Campinas;35032;Campinas;22;RM Campinas;3509502;CAMPINAS;350950205;CAMPINAS;35095020500;CAMPINAS;3509502000;CAMPINAS (todos os setores);1;213.0;719.0;3.38;2.57;826.1;544105.97;1113.67;412420.83;530.17;413193.43;1046.39;274893.86
350950205001472;3;Região Sudeste;35;São Paulo;3507;Campinas;35032;Campinas;22;RM Campinas;3509502;CAMPINAS;350950205;CAMPINAS;35095020500;CAMPINAS;3509502000;CAMPINAS (todos os setores);1;224.0;691.0;3.08;1.5;6211.33;23390424.25;6625.42;22200608.98;3291.61;17299407.68;5102.78;17576864.16
350950205001473;3;Região Sudeste;35;São Paulo;3507;Campinas;35032;Campinas;22;RM Campinas;3509502;CAMPINAS;350950205;CAMPINAS;35095020500;CAMPINAS;3509502000;CAMPINAS (todos os setores);1;137.0;501.0;3.66;3.64;1115.77;1333522.58;1213.17;1331754.05;629.7;825981.28;1002.33;941698.76
350950205001474;3;Região Sudeste;35;São Paulo;3507;Campinas;35032;Campinas;22;RM Campinas;3509502;CAMPINAS;350950205;CAMPINAS;35095020500;CAMPINAS;3509502000;CAMPINAS (todos os setores);1;88.0;338.0;3.84;3.86;1088.41;8229650.82;1408.53;10228634.28;546.17;3133696.04;1145.73;5907619.41
350950205001475;3;Região Sudeste;35;São Paulo;3507;Campinas;35032;Campinas;22;RM Campinas;3509502;CAMPINAS;350950205;CAMPINAS;35095020500;CAMPINAS;3509502000;CAMPINAS (todos os setores);1;205.0;652.0;3.18;2.33;1016.27;1464796.02;1326.97;1500560.29;901.39;1305751.7;1286.13;1368412.81
350950205001476;3;Região Sudeste;35;São Paulo;3507;Campinas;35032;Campinas;22;RM Campinas;3509502;CAMPINAS;350950205;CAMPINAS;35095020500;CAMPINAS;3509502000;CAMPINAS (todos os setores);1;245.0;651.0;2.66;1.2;1540.07;532184.05;1559.17;508917.93;1006.02;651839.19;1283.63;474952.43
350950205001477;3;Região Sudeste;35;São Paulo;3507;Campinas;35032;Campinas;22;RM Campinas;3509502;CAMPINAS;350950205;CAMPINAS;35095020500;CAMPINAS;3509502000;CAMPINAS (todos os setores);1;254.0;667.0;2.63;1.11;1336.48;2341410.98;1571.6;2384005.63;1302.72;2033347.28;1611.49;2017672.61
350950205001478;3;Região Sudeste;35;São Paulo;3507;Campinas;35032;Campinas;22;RM Campinas;3509502;CAMPINAS;350950205;CAMPINAS;35095020500;CAMPINAS;3509502000;CAMPINAS (todos os setores);1;95.0;329.0;3.46;2.89;748.42;226566.63;856.63;165900.68;510.18;229056.33;745.03;159159.17
350950205001479;3;Região Sudeste;35;São Paulo;3507;Campinas;35032;Campinas;22;RM Campinas;3509502;CAMPINAS;350950205;CAMPINAS;35095020500;CAMPINAS;3509502000;CAMPINAS (todos os setores);1;80.0;331.0;4.14;1.79;1650.14;10146429.74;1859.31;11056498.53;851.19;4432837.74;1510.72;6887439.98
350950205001480;3;Região Sudeste;35;São Paulo;3507;Campinas;35032;Campinas;22;RM Campinas;3509502;CAMPINAS;350950205;CAMPINAS;35095020500;CAMPINAS;3509502000;CAMPINAS (todos os setores);1;109.0;412.0;3.78;2.67;898.85;1059715.46;942.07;1070052.12;501.12;642163.25;790.5;784904.24
350950205001481;3;Região Sudeste;35;São Paulo;3507;Campinas;35032;Campinas;22;RM Campinas;3509502;CAMPINAS;350950205;CAMPINAS;35095020500;CAMPINAS;3509502000;CAMPINAS (todos os setores);1;179.0;679.0;3.79;2.19;1013.93;2904617.22;1324.77;3386809.79;709.88;1678546.75;1129.17;2197965.63
350950205001482;3;Região Sudeste;35;São Paulo;3507;Campinas;35032;Campinas;22;RM Campinas;3509502;CAMPINAS;350950205;CAMPINAS;35095020500;CAMPINAS;3509502000;CAMPINAS (todos os setores);1;189.0;627.0;3.32;2.62;927.06;508841.93;1024.64;462141.24;572.3;374088.27;865.22;311930.92
350950205001483;3;Região Sudeste;35;São Paulo;3507;Campinas;35032;Campinas;22;RM Campinas;3509502;CAMPINAS;350950205;CAMPINAS;35095020500;CAMPINAS;3509502000;CAMPINAS (todos os setores);1;213.0;732.0;3.44;1.88;1252.79;2074297.43;1347.7;2103682.04;768.56;1563314.45;1166.53;1909400.65
350950205001484;3;Região Sudeste;35;São Paulo;3507;Campinas;35032;Campinas;22;RM Campinas;3509502;CAMPINAS;350950205;CAMPINAS;35095020500;CAMPINAS;3509502000;CAMPINAS (todos os setores);1;113.0;389.0;3.44;2.53;815.22;223894.82;852.96;201864.04;558.63;888367.38;816.26;1088693.26
350950205001485;3;Região Sudeste;35;São Paulo;3507;Campinas;35032;Campinas;22;RM Campinas;3509502;CAMPINAS;350950205;CAMPINAS;35095020500;CAMPINAS;3509502000;CAMPINAS (todos os setores);1;126.0;410.0;3.25;1.77;1250.33;1245274.01;1346.5;1211268.41;795.97;1208861.7;1202.35;1337973.39
350950205001486;3;Região Sudeste;35;São Paulo;3507;Campinas;35032;Campinas;22;RM Campinas;3509502;CAMPINAS;350950205;CAMPINAS;35095020500;CAMPINAS;3509502000;CAMPINAS (todos os setores);1;176.0;602.0;3.42;2.61;856.67;330409.89;948.26;278555.59;512.59;296418.87;837.44;211959.49
350950205001487;3;Região Sudeste;35;São Paulo;3507;Campinas;35032;Campinas;22;RM Campinas;3509502;CAMPINAS;350950205;CAMPINAS;35095020500;CAMPINAS;3509502000;CAMPINAS (todos os setores);1;185.0;666.0;3.6;2.92;902.99;1161671.02;1050.65;1196711.13;518.25;814998.96;909.04;1075144.75
350950205001488;3;Região Sudeste;35;São Paulo;3507;Campinas;35032;Campinas;22;RM Campinas;3509502;CAMPINAS;350950205;CAMPINAS;35095020500;CAMPINAS;3509502000;CAMPINAS (todos os setores);1;255.0;889.0;3.49;2.2;1107.49;1658813.49;1227.87;1691452.1;622.16;901664.35;1043.62;1073014.23
350950205001489;3;Região Sudeste;35;São Paulo;3507;Campinas;35032;Campinas;22;RM Campinas;3509502;CAMPINAS;350950205;CAMPINAS;35095020500;CAMPINAS;3509502000;CAMPINAS (todos os setores);1;173.0;536.0;3.1;1.61;1075.88;586445.58;1193.12;509977.54;714.01;514474.72;1032.31;414941.13
350950205001490;3;Região Sudeste;35;São Paulo;3507;Campinas;35032;Campinas;22;RM Campinas;3509502;CAMPINAS;350950205;CAMPINAS;35095020500;CAMPINAS;3509502000;CAMPINAS (todos os setores);1;295.0;1040.0;3.53;1.96;1008.38;826303.52;1171.15;768827.7;649.69;593266.57;1017.35;554892.41
350950205001491;3;Região Sudeste;35;São Paulo;3507;Campinas;35032;Campinas;22;RM Campinas;3509502;CAMPINAS;350950205;CAMPINAS;35095020500;CAMPINAS;3509502000;CAMPINAS (todos os setores);1;199.0;826.0;4.15;3.91;633.68;464024.95;955.33;391731.89;520.61;378085.23;869.75;327858.15
350950205001492;3;Região Sudeste;35;São Paulo;3507;Campinas;35032;Campinas;22;RM Campinas;3509502;CAMPINAS;350950205;CAMPINAS;35095020500;CAMPINAS;3509502000;CAMPINAS (todos os setores);1;176.0;665.0;3.78;3.52;1046.56;1076453.65;1196.06;1051247.66;588.92;657967.45;974.76;713105.24
350950205001493;3;Região Sudeste;35;São Paulo;3507;Campinas;35032;Campinas;22;RM Campinas;3509502;CAMPINAS;350950205;CAMPINAS;35095020500;CAMPINAS;3509502000;CAMPINAS (todos os setores);1;145.0;519.0;3.58;2.94;1112.54;1814312.22;1203.87;1853595.12;638.56;910766.27;994.36;1065016.78
350950205001494;3;Região Sudeste;35;São Paulo;3507;Campinas;35032;Campinas;22;RM Campinas;3509502;CAMPINAS;350950205;CAMPINAS;35095020500;CAMPINAS;3509502000;CAMPINAS (todos os setores);1;180.0;620.0;3.44;2.19;927.32;1325352.54;1274.18;1379544.34;828.67;943998.99;1174.68;931679.41
350950205001495;3;Região Sudeste;35;São Paulo;3507;Campinas;35032;Campinas;22;RM Campinas;3509502;CAMPINAS;350950205;CAMPINAS;35095020500;CAMPINAS;3509502000;CAMPINAS (todos os setores);1;130.0;452.0;3.48;2.67;858.89;2348814.7;1488.75;3144190.25;758.98;1365827.59;1261.68;1637395.29
350950205001496;3;Região Sudeste;35;São Paulo;3507;Campinas;35032;Campinas;22;RM Campinas;3509502;CAMPINAS;350950205;CAMPINAS;35095020500;CAMPINAS;3509502000;CAMPINAS (todos os setores);1;140.0;435.0;3.11;2.8;976.0;1142907.63;1265.19;1115419.59;842.96;1053057.48;1209.18;1067784.01
350950205001497;3;Região Sudeste;35;São Paulo;3507;Campinas;35032;Campinas;22;RM Campinas;3509502;CAMPINAS;350950205;CAMPINAS;35095020500;CAMPINAS;3509502000;CAMPINAS (todos os setores);2;67.0;231.0;3.45;4.13;899.55;353167.98;941.72;329646.21;487.48;317261.7;822.36;259314.41
350950205001498;3;Região Sudeste;35;São Paulo;3507;Campinas;35032;Campinas;22;RM Campinas;3509502;CAMPINAS;350950205;CAMPINAS;35095020500;CAMPINAS;3509502000;CAMPINAS (todos os setores);1;467.0;1640.0;3.51;2.97;899.97;1382916.96;1040.31;1452744.08;504.96;681233.82;873.9;856766.8
350950205001499;3;Região Sudeste;35;São Paulo;3507;Campinas;35032;Campinas;22;RM Campinas;3509502;CAMPINAS;350950205;CAMPINAS;35095020500;CAMPINAS;3509502000;CAMPINAS (todos os setores);1;403.0;1465.0;3.64;3.09;763.09;550234.77;854.24;538062.57;448.44;640170.34;777.61;854425.88
350950205001500;3;Região Sudeste;35;São Paulo;3507;Campinas;35032;Campinas;22;RM Campinas;3509502;CAMPINAS;350950205;CAMPINAS;35095020500;CAMPINAS;3509502000;CAMPINAS (todos os setores);1;170.0;608.0;3.58;2.36;901.75;643864.43;995.44;617326.78;546.39;435758.14;851.39;419276.74
350950205001504;3;Região Sudeste;35;São Paulo;3507;Campinas;35032;Campinas;22;RM Campinas;3509502;CAMPINAS;350950205;CAMPINAS;35095020500;CAMPINAS;3509502000;CAMPINAS (todos os setores);1;217.0;730.0;3.36;2.31;789.59;323183.29;957.21;230827.7;581.7;436113.35;912.47;382150.29
350950205001505;3;Região Sudeste;35;São Paulo;3507;Campinas;35032;Campinas;22;RM Campinas;3509502;CAMPINAS;350950205;CAMPINAS;35095020500;CAMPINAS;3509502000;CAMPINAS (todos os setores);1;163.0;595.0;3.65;2.48;764.66;503414.08;989.21;428527.56;590.46;707246.71;932.81;798261.2
350950205001506;3;Região Sudeste;35;São Paulo;3507;Campinas;35032;Campinas;22;RM Campinas;3509502;CAMPINAS;350950205;CAMPINAS;35095020500;CAMPINAS;3509502000;CAMPINAS (todos os setores);1;105.0;402.0;3.83;3.3;655.96;176412.77;725.01;144586.54;364.75;171457.09;626.97;130089.53
350950205001507;3;Região Sudeste;35;São Paulo;3507;Campinas;35032;Campinas;22;RM Campinas;3509502;CAMPINAS;350950205;CAMPINAS;35095020500;CAMPINAS;3509502000;CAMPINAS (todos os setores);1;242.0;913.0;3.77;2.85;684.27;182301.37;745.92;152608.1;392.44;178862.95;683.13;112609.84
350950205001508;3;Região Sudeste;35;São Paulo;3507;Campinas;35032;Campinas;22;RM Campinas;3509502;CAMPINAS;350950205;CAMPINAS;35095020500;CAMPINAS;3509502000;CAMPINAS (todos os setores);1;160.0;586.0;3.66;3.14;533.74;136477.69;672.43;78224.61;341.22;132414.15;629.84;62356.18
350950205001509;3;Região Sudeste;35;São Paulo;3507;Campinas;35032;Campinas;22;RM Campinas;3509502;CAMPINAS;350950205;CAMPINAS;35095020500;CAMPINAS;3509502000;CAMPINAS (todos os setores);1;324.0;1149.0;3.55;2.32;723.76;442601.46;849.63;412521.75;430.86;308553.23;739.83;301218.99
350950205001510;3;Região Sudeste;35;São Paulo;3507;Campinas;35032;Campinas;22;RM Campinas;3509502;CAMPINAS;350950205;CAMPINAS;35095020500;CAMPINAS;3509502000;CAMPINAS (todos os setores);1;155.0;576.0;3.72;2.81;889.19;1652502.95;931.24;1691762.63;426.63;861111.8;856.98;1363134.13
350950205001511;3;Região Sudeste;35;São Paulo;3507;Campinas;35032;Campinas;22;RM Campinas;3509502;CAMPINAS;350950205;CAMPINAS;35095020500;CAMPINAS;3509502000;CAMPINAS (todos os setores);1;164.0;587.0;3.58;3.24;684.07;234095.41;801.34;179867.16;406.89;216769.93;723.52;156137.56
350950205001512;3;Região Sudeste;35;São Paulo;3507;Campinas;35032;Campinas;22;RM Campinas;3509502;CAMPINAS;350950205;CAMPINAS;35095020500;CAMPINAS;3509502000;CAMPINAS (todos os setores);1;150.0;515.0;3.43;2.27;1046.47;759144.12;1180.23;697851.05;577.98;503180.85;962.56;467670.96
350950205001513;3;Região Sudeste;35;São Paulo;3507;Campinas;35032;Campinas;22;RM Campinas;3509502;CAMPINAS;350950205;CAMPINAS;35095020500;CAMPINAS;3509502000;CAMPINAS (todos os setores);1;166.0;546.0;3.29;2.13;1348.06;1940634.65;1389.93;1942726.26;783.23;1081126.02;1139.47;1167201.96
350950205001514;3;Região Sudeste;35;São Paulo;3507;Campinas;35032;Campinas;22;RM Campinas;3509502;CAMPINAS;350950205;CAMPINAS;35095020500;CAMPINAS;3509502000;CAMPINAS (todos os setores);1;202.0;675.0;3.34;2.58;873.8;559204.59;1008.61;509220.91;527.71;375925.18;849.07;331865.25
350950205001515;3;Região Sudeste;35;São Paulo;3507;Campinas;35032;Campinas;22;RM Campinas;3509502;CAMPINAS;350950205;CAMPINAS;35095020500;CAMPINAS;3509502000;CAMPINAS (todos os setores);1;260.0;951.0;3.66;2.73;931.99;1367407.88;1058.16;1419239.54;535.48;683957.52;840.06;817394.99
350950205001518;3;Região Sudeste;35;São Paulo;3507;Campinas;35032;Campinas;22;RM Campinas;3509502;CAMPINAS;350950205;CAMPINAS;35095020500;CAMPINAS;3509502000;CAMPINAS (todos os setores);1;185.0;500.0;2.7;1.01;5400.55;25148005.67;6244.38;23799725.46;5323.37;27097563.88;6442.4;25579964.3
350950205001519;3;Região Sudeste;35;São Paulo;3507;Campinas;35032;Campinas;22;RM Campinas;3509502;CAMPINAS;350950205;CAMPINAS;35095020500;CAMPINAS;3509502000;CAMPINAS (todos os setores);1;75.0;278.0;3.71;2.91;747.15;547931.56;862.09;532903.77;502.5;314641.05;759.95;279980.77
350950205001520;3;Região Sudeste;35;São Paulo;3507;Campinas;35032;Campinas;22;RM Campinas;3509502;CAMPINAS;350950205;CAMPINAS;35095020500;CAMPINAS;3509502000;CAMPINAS (todos os setores);1;70.0;256.0;3.66;2.66;625.11;210852.71;653.1;201879.43;385.85;233763.06;598.83;235269.11
350950205001521;3;Região Sudeste;35;São Paulo;3507;Campinas;35032;Campinas;22;RM Campinas;3509502;CAMPINAS;350950205;CAMPINAS;35095020500;CAMPINAS;3509502000;CAMPINAS (todos os setores);1;227.0;803.0;3.54;2.19;473.66;192806.28;808.43;57421.61;401.13;179279.5;773.09;57591.5
350950205001522;3;Região Sudeste;35;São Paulo;3507;Campinas;35032;Campinas;22;RM Campinas;3509502;CAMPINAS;350950205;CAMPINAS;35095020500;CAMPINAS;3509502000;CAMPINAS (todos os setores);1;137.0;509.0;3.72;2.48;476.12;368848.71;869.71;330950.59;436.54;297327.8;849.89;227219.17
350950205001523;3;Região Sudeste;35;São Paulo;3507;Campinas;35032;Campinas;22;RM Campinas;3509502;CAMPINAS;350950205;CAMPINAS;35095020500;CAMPINAS;3509502000;CAMPINAS (todos os setores);4;205.0;828.0;4.04;3.41;648.6;252068.09;777.56;201617.95;382.6;214974.84;734.68;153962.41
350950205001524;3;Região Sudeste;35;São Paulo;3507;Campinas;35032;Campinas;22;RM Campinas;3509502;CAMPINAS;350950205;CAMPINAS;35095020500;CAMPINAS;3509502000;CAMPINAS (todos os setores);4;196.0;805.0;4.11;3.09;662.25;256668.49;837.43;177352.99;325.7;206139.49;758.78;151422.9
350950205001525;3;Região Sudeste;35;São Paulo;3507;Campinas;35032;Campinas;22;RM Campinas;3509502;CAMPINAS;350950205;CAMPINAS;35095020500;CAMPINAS;3509502000;CAMPINAS (todos os setores);8;24.0;75.0;3.13;3.16;1361.67;800553.62;1361.67;800553.62;769.06;629529.27;1070.0;552182.22
350950205001526;3;Região Sudeste;35;São Paulo;3507;Campinas;35032;Campinas;22;RM Campinas;3509502;CAMPINAS;350950205;CAMPINAS;35095020500;CAMPINAS;3509502000;CAMPINAS (todos os setores);7;148.0;523.0;3.53;3.54;642.75;182595.41;792.73;105671.04;402.01;193207.19;726.51;113052.44
350950205001527;3;Região Sudeste;35;São Paulo;3507;Campinas;35032;Campinas;22;RM Campinas;3509502;CAMPINAS;350950205;CAMPINAS;35095020500;CAMPINAS;3509502000;CAMPINAS (todos os setores);7;41.0;119.0;2.9;2.19;1269.02;1306889.02;1445.28;1231574.21;893.02;945081.78;1260.01;870025.57
350950205001528;3;Região Sudeste;35;São Paulo;3507;Campinas;35032;Campinas;22;RM Campinas;3509502;CAMPINAS;350950205;CAMPINAS;35095020500;CAMPINAS;3509502000;CAMPINAS (todos os setores);4;304.0;1109.0;3.65;3.25;835.0;198858.09;893.8;160167.82;476.72;229135.03;799.55;126005.02
350950205001529;3;Região Sudeste;35;São Paulo;3507;Campinas;35032;Campinas;22;RM Campinas;3509502;CAMPINAS;350950205;CAMPINAS;35095020500;CAMPINAS;3509502000;CAMPINAS (todos os setores);4;251.0;830.0;3.31;2.25;834.68;887297.96;1017.01;895730.51;572.09;574838.13;903.43;608503.23
350950205001530;3;Região Sudeste;35;São Paulo;3507;Campinas;35032;Campinas;22;RM Campinas;3509502;CAMPINAS;350950205;CAMPINAS;35095020500;CAMPINAS;3509502000;CAMPINAS (todos os setores);4;272.0;945.0;3.47;1.29;8530.26;90630289.46;9627.52;91728852.83;4175.35;49614593.07;7152.78;63727063.29
350950205001531;3;Região Sudeste;35;São Paulo;3507;Campinas;35032;Campinas;22;RM Campinas;3509502;CAMPINAS;350950205;CAMPINAS;35095020500;CAMPINAS;3509502000;CAMPINAS (todos os setores);4;2.0;5.0;2.5;0.5;6500.0;4500000.0;6500.0;4500000.0;4500.0;11000000.0;6000.0;3000000.0
350950205001532;3;Região Sudeste;35;São Paulo;3507;Campinas;35032;Campinas;22;RM Campinas;3509502;CAMPINAS;350950205;CAMPINAS;35095020500;CAMPINAS;3509502000;CAMPINAS (todos os setores);4;331.0;1074.0;3.24;2.48;834.59;1010656.07;1290.88;974017.49;680.53;762396.35;1154.42;746201.31
350950205001533;3;Região Sudeste;35;São Paulo;3507;Campinas;35032;Campinas;22;RM Campinas;3509502;CAMPINAS;350950205;CAMPINAS;35095020500;CAMPINAS;3509502000;CAMPINAS (todos os setores);4;8.0;25.0;3.13;2.13;8037.5;30211250.0;8037.5;30211250.0;3990.48;23250904.76;5586.67;23661238.1
350950205001534;3;Região Sudeste;35;São Paulo;3507;Campinas;35032;Campinas;22;RM Campinas;3509502;CAMPINAS;350950205;CAMPINAS;35095020500;CAMPINAS;3509502000;CAMPINAS (todos os setores);8;109.0;364.0;3.34;2.65;2664.24;21385958.65;2819.44;22202094.31;1424.66;11224114.02;2038.97;14827853.52
350950205001535;3;Região Sudeste;35;São Paulo;3507;Campinas;35032;Campinas;22;RM Campinas;3509502;CAMPINAS;350950205;CAMPINAS;35095020500;CAMPINAS;3509502000;CAMPINAS (todos os setores);8;103.0;351.0;3.41;3.79;673.56;414221.39;963.57;311701.57;468.75;385644.09;911.99;345802.56
350950205001536;3;Região Sudeste;35;São Paulo;3507;Campinas;35032;Campinas;22;RM Campinas;3509502;CAMPINAS;350950205;CAMPINAS;35095020500;CAMPINAS;3509502000;CAMPINAS (todos os setores);8;85.0;283.0;3.33;1.7;1348.02;3956897.86;1380.51;4008018.42;820.73;3258728.82;1194.67;4302918.14
350950205001537;3;Região Sudeste;35;São Paulo;3507;Campinas;35032;Campinas;22;RM Campinas;3509502;CAMPINAS;350950205;CAMPINAS;35095020500;CAMPINAS;3509502000;CAMPINAS (todos os setores);1;163.0;367.0;2.25;0.83;2931.29;6537553.27;3272.6;6179335.25;2027.47;5147789.35;2852.2;4888398.53
350950205001538;3;Região Sudeste;35;São Paulo;3507;Campinas;35032;Campinas;22;RM Campinas;3509502;CAMPINAS;350950205;CAMPINAS;35095020500;CAMPINAS;3509502000;CAMPINAS (todos os setores);1;163.0;355.0;2.18;0.81;2967.19;7314999.6;3406.0;6899281.49;2395.85;6930006.62;3170.98;6713241.58
350950205001539;3;Região Sudeste;35;São Paulo;3507;Campinas;35032;Campinas;22;RM Campinas;3509502;CAMPINAS;350950205;CAMPINAS;35095020500;CAMPINAS;3509502000;CAMPINAS (todos os setores);1;26.0;52.0;2.0;1.68;3628.85;14934034.62;4102.17;14940563.24;2006.97;8891313.75;2499.25;9860164.8
350950205001540;3;Região Sudeste;35;São Paulo;3507;Campinas;35032;Campinas;22;RM Campinas;3509502;CAMPINAS;350950205;CAMPINAS;35095020500;CAMPINAS;3509502000;CAMPINAS (todos os setores);1;190.0;599.0;3.15;2.15;3685.76;30742535.53;3978.95;32028701.32;1969.9;15395641.28;2911.07;20024374.69
350950205001541;3;Região Sudeste;35;São Paulo;3507;Campinas;35032;Campinas;22;RM Campinas;3509502;CAMPINAS;350950205;CAMPINAS;35095020500;CAMPINAS;3509502000;CAMPINAS (todos os setores);1;338.0;1153.0;3.41;2.08;1124.44;709678.34;1214.25;657140.73;738.97;1043057.58;1106.67;1155323.99
350950205001542;3;Região Sudeste;35;São Paulo;3507;Campinas;35032;Campinas;22;RM Campinas;3509502;CAMPINAS;350950205;CAMPINAS;35095020500;CAMPINAS;3509502000;CAMPINAS (todos os setores);1;243.0;811.0;3.34;2.63;772.77;346707.53;865.36;307946.35;468.26;291172.45;737.14;260089.6
350950205001543;3;Região Sudeste;35;São Paulo;3507;Campinas;35032;Campinas;22;RM Campinas;3509502;CAMPINAS;350950205;CAMPINAS;35095020500;CAMPINAS;3509502000;CAMPINAS (todos os setores);1;254.0;886.0;3.49;2.65;772.27;332182.52;852.85;297969.66;469.63;287461.62;744.2;251110.15
350950205001544;3;Região Sudeste;35;São Paulo;3507;Campinas;35032;Campinas;22;RM Campinas;3509502;CAMPINAS;350950205;CAMPINAS;35095020500;CAMPINAS;3509502000;CAMPINAS (todos os setores);1;344.0;913.0;2.65;1.08;4879.55;16317911.24;5055.92;16015094.55;3732.14;12509247.46;4520.03;11587307.78
350950205001545;3;Região Sudeste;35;São Paulo;3507;Campinas;35032;Campinas;22;RM Campinas;3509502;CAMPINAS;350950205;CAMPINAS;35095020500;CAMPINAS;3509502000;CAMPINAS (todos os setores);1;295.0;1011.0;3.43;2.44;558.57;201955.91;695.27;156146.15;374.54;188638.91;636.09;153926.37
350950205001546;3;Região Sudeste;35;São Paulo;3507;Campinas;35032;Campinas;22;RM Campinas;3509502;CAMPINAS;350950205;CAMPINAS;35095020500;CAMPINAS;3509502000;CAMPINAS (todos os setores);1;172.0;388.0;2.26;1.16;4251.1;9380673.04;4431.45;8976982.02;3086.64;8473909.81;3660.17;7947455.9
350950205001547;3;Região Sudeste;35;São Paulo;3507;Campinas;35032;Campinas;22;RM Campinas;3509502;CAMPINAS;350950205;CAMPINAS;35095020500;CAMPINAS;3509502000;CAMPINAS (todos os setores);1;200.0;463.0;2.32;0.98;3731.13;8222472.22;3906.94;7921455.44;2866.23;7124060.23;3393.35;6644145.03
350950205001548;3;Região Sudeste;35;São Paulo;3507;Campinas;35032;Campinas;22;RM Campinas;3509502;CAMPINAS;350950205;CAMPINAS;35095020500;CAMPINAS;3509502000;CAMPINAS (todos os setores);1;182.0;398.0;2.19;0.99;4087.58;13055821.17;4428.21;12632902.05;3034.16;10877195.13;3611.15;10862003.82
350950205001549;3;Região Sudeste;35;São Paulo;3507;Campinas;35032;Campinas;22;RM Campinas;3509502;CAMPINAS;350950205;CAMPINAS;35095020500;CAMPINAS;3509502000;CAMPINAS (todos os setores);1;142.0;400.0;2.82;1.19;2056.0;3817826.24;2280.88;3721738.54;1543.54;3149980.39;2073.76;3132409.42
350950205001550;3;Região Sudeste;35;São Paulo;3507;Campinas;35032;Campinas;22;RM Campinas;3509502;CAMPINAS;350950205;CAMPINAS;35095020500;CAMPINAS;3509502000;CAMPINAS (todos os setores);1;5.0;19.0;3.8;2.2;2730.0;4039500.0;2730.0;4039500.0;1544.44;3356437.91;2527.27;2973681.82
350950205001551;3;Região Sudeste;35;São Paulo;3507;Campinas;35032;Campinas;22;RM Campinas;3509502;CAMPINAS;350950205;CAMPINAS;35095020500;CAMPINAS;3509502000;CAMPINAS (todos os setores);1;79.0;270.0;3.42;2.58;1627.14;3237612.3;1669.4;3251329.72;940.8;2011005.93;1420.18;2357108.37
350950205001552;3;Região Sudeste;35;São Paulo;3507;Campinas;35032;Campinas;22;RM Campinas;3509502;CAMPINAS;350950205;CAMPINAS;35095020500;CAMPINAS;3509502000;CAMPINAS (todos os setores);1;78.0;255.0;3.27;1.68;1559.56;3053693.89;1713.32;3091859.42;968.94;3273783.04;1503.53;4283198.78
350950205001553;3;Região Sudeste;35;São Paulo;3507;Campinas;35032;Campinas;22;RM Campinas;3509502;CAMPINAS;350950205;CAMPINAS;35095020500;CAMPINAS;3509502000;CAMPINAS (todos os setores);1;2.0;5.0;2.5;0.5;300.0;180000.0;600.0;0.0;527.5;169025.0;703.33;68033.33
350950205001554;3;Região Sudeste;35;São Paulo;3507;Campinas;35032;Campinas;22;RM Campinas;3509502;CAMPINAS;350950205;CAMPINAS;35095020500;CAMPINAS;3509502000;CAMPINAS (todos os setores);1;26.0;96.0;3.69;4.86;1265.0;3617562.0;1495.0;3946397.62;850.69;1559761.23;1215.27;1788801.65
350950205001555;3;Região Sudeste;35;São Paulo;3507;Campinas;35032;Campinas;22;RM Campinas;3509502;CAMPINAS;350950205;CAMPINAS;35095020500;CAMPINAS;3509502000;CAMPINAS (todos os setores);1;8.0;24.0;3.0;0.86;1468.13;329699.55;1468.13;329699.55;655.22;573069.27;1255.83;323294.7
350950205001558;3;Região Sudeste;35;São Paulo;3507;Campinas;35032;Campinas;22;RM Campinas;3509502;CAMPINAS;350950205;CAMPINAS;35095020500;CAMPINAS;3509502000;CAMPINAS (todos os setores);1;116.0;413.0;3.56;1.61;5645.31;38601199.78;6357.83;38946503.13;2772.16;19892143.7;4340.02;24356353.48
350950205001559;3;Região Sudeste;35;São Paulo;3507;Campinas;35032;Campinas;22;RM Campinas;3509502;CAMPINAS;350950205;CAMPINAS;35095020500;CAMPINAS;3509502000;CAMPINAS (todos os setores);1;100.0;248.0;2.48;1.24;3156.3;10234603.34;3546.4;10114739.2;1977.77;6767446.89;2853.99;7268107.78
350950210000001;3;Região Sudeste;35;São Paulo;3507;Campinas;35032;Campinas;22;RM Campinas;3509502;CAMPINAS;350950210;BARÃO DE GERALDO;35095021000;BARÃO DE GERALDO;3509502000;CAMPINAS (todos os setores);1;170.0;426.0;2.51;1.88;2296.79;4679421.76;2502.92;4582843.21;1518.96;3255963.1;2052.94;3304509.68
350950210000002;3;Região Sudeste;35;São Paulo;3507;Campinas;35032;Campinas;22;RM Campinas;3509502;CAMPINAS;350950210;BARÃO DE GERALDO;35095021000;BARÃO DE GERALDO;3509502000;CAMPINAS (todos os setores);1;184.0;473.0;2.57;2.64;4047.16;30577051.6;4160.21;30963007.76;2412.36;16582931.26;3051.95;19034633.93
350950210000003;3;Região Sudeste;35;São Paulo;3507;Campinas;35032;Campinas;22;RM Campinas;3509502;CAMPINAS;350950210;BARÃO DE GERALDO;35095021000;BARÃO DE GERALDO;3509502000;CAMPINAS (todos os setores);1;88.0;213.0;2.42;1.74;3411.36;12468662.49;3450.57;12476772.92;2206.21;7985493.3;2678.96;8432830.27
350950210000004;3;Região Sudeste;35;São Paulo;3507;Campinas;35032;Campinas;22;RM Campinas;3509502;CAMPINAS;350950210;BARÃO DE GERALDO;35095021000;BARÃO DE GERALDO;3509502000;CAMPINAS (todos os setores);1;219.0;513.0;2.34;2.57;2906.6;8129154.03;3060.32;8088450.17;2145.12;6515597.19;2528.54;6711182.25
350950210000005;3;Região Sudeste;35;São Paulo;3507;Campinas;35032;Campinas;22;RM Campinas;3509502;CAMPINAS;350950210;BARÃO DE GERALDO;35095021000;BARÃO DE GERALDO;3509502000;CAMPINAS (todos os setores);1;157.0;459.0;2.92;1.99;2836.48;5515188.76;3008.97;5330308.24;1804.4;3805217.43;2334.8;3685031.53
350950210000006;3;Região Sudeste;35;São Paulo;3507;Campinas;35032;Campinas;22;RM Campinas;3509502;CAMPINAS;350950210;BARÃO DE GERALDO;35095021000;BARÃO DE GERALDO;3509502000;CAMPINAS (todos os setores);1;149.0;458.0;3.07;1.7;1969.45;3825856.48;2347.58;3671483.83;1508.63;3092711.23;2039.71;3098197.28
350950210000007;3;Região Sudeste;35;São Paulo;3507;Campinas;35032;Campinas;22;RM Campinas;3509502;CAMPINAS;350950210;BARÃO DE GERALDO;35095021000;BARÃO DE GERALDO;3509502000;CAMPINAS (todos os setores);1;204.0;609.0;2.99;2.13;2067.89;2695326.08;2185.75;2590793.31;1402.55;2353570.89;1801.03;2304461.36
350950210000008;3;Região Sudeste;35;São Paulo;3507;Campinas;35032;Campinas;22;RM Campinas;3509502;CAMPINAS;350950210;BARÃO DE GERALDO;35095021000;BARÃO DE GERALDO;3509502000;CAMPINAS (todos os setores);1;241.0;580.0;2.41;1.94;2215.85;4480748.75;2405.5;4407717.4;1613.38;3934494.79;2079.8;4102279.83
350950210000009;3;Região Sudeste;35;São Paulo;3507;Campinas;35032;Campinas;22;RM Campinas;3509502;CAMPINAS;350950210;BARÃO DE GERALDO;35095021000;BARÃO DE GERALDO;3509502000;CAMPINAS (todos os setores);1;269.0;786.0;2.92;3.4;2763.3;9714914.76;2870.0;9784071.37;1742.3;5659591.19;2157.7;6113426.09
350950210000010;3;Região Sudeste;35;São Paulo;3507;Campinas;35032;Campinas;22;RM Campinas;3509502;CAMPINAS;350950210;BARÃO DE GERALDO;35095021000;BARÃO DE GERALDO;3509502000;CAMPINAS (todos os setores);1;167.0;478.0;2.86;2.01;6093.06;24628693.45;6320.13;24108184.46;3407.03;19926533.71;4797.44;21392714.19
350950210000011;3;Região Sudeste;35;São Paulo;3507;Campinas;35032;Campinas;22;RM Campinas;3509502;CAMPINAS;350950210;BARÃO DE GERALDO;35095021000;BARÃO DE GERALDO;3509502000;CAMPINAS (todos os setores);1;328.0;974.0;2.97;4.43;4741.54;40685384.59;5913.4;43822936.99;2773.23;22805749.93;4301.53;28809784.87
350950210000012;3;Região Sudeste;35;São Paulo;3507;Campinas;35032;Campinas;22;RM Campinas;3509502;CAMPINAS;350950210;BARÃO DE GERALDO;35095021000;BARÃO DE GERALDO;3509502000;CAMPINAS (todos os setores);1;115.0;293.0;2.55;2.11;4930.96;29521222.76;5202.39;29736138.7;3294.72;19849365.78;4055.04;21353283.47
350950210000013;3;Região Sudeste;35;São Paulo;3507;Campinas;35032;Campinas;22;RM Campinas;3509502;CAMPINAS;350950210;BARÃO DE GERALDO;35095021000;BARÃO DE GERALDO;3509502000;CAMPINAS (todos os setores);2;6.0;17.0;2.83;2.57;1089.5;569041.5;1089.5;569041.5;629.19;444809.23;915.18;379303.36
350950210000014;3;Região Sudeste;35;São Paulo;3507;Campinas;35032;Campinas;22;RM Campinas;3509502;CAMPINAS;350950210;BARÃO DE GERALDO;35095021000;BARÃO DE GERALDO;3509502000;CAMPINAS (todos os setores);1;284.0;874.0;3.08;1.61;2479.28;7398367.38;2761.24;7461447.75;1575.62;5373951.68;2237.2;6151747.43
350950210000015;3;Região Sudeste;35;São Paulo;3507;Campinas;35032;Campinas;22;RM Campinas;3509502;CAMPINAS;350950210;BARÃO DE GERALDO;35095021000;BARÃO DE GERALDO;3509502000;CAMPINAS (todos os setores);1;343.0;1054.0;3.07;1.91;2001.23;3882680.25;2080.07;3871615.94;1251.41;2495976.1;1670.3;2631986.37
350950210000016;3;Região Sudeste;35;São Paulo;3507;Campinas;35032;Campinas;22;RM Campinas;3509502;CAMPINAS;350950210;BARÃO DE GERALDO;35095021000;BARÃO DE GERALDO;3509502000;CAMPINAS (todos os setores);1;330.0;950.0;2.88;2.57;2264.86;3027109.34;2395.52;2888294.75;1448.95;2361388.62;1864.15;2263911.27
350950210000017;3;Região Sudeste;35;São Paulo;3507;Campinas;35032;Campinas;22;RM Campinas;3509502;CAMPINAS;350950210;BARÃO DE GERALDO;35095021000;BARÃO DE GERALDO;3509502000;CAMPINAS (todos os setores);1;170.0;429.0;2.52;1.6;680.28;515843.38;896.5;485725.31;592.94;432995.46;836.26;407113.24
350950210000018;3;Região Sudeste;35;São Paulo;3507;Campinas;35032;Campinas;22;RM Campinas;3509502;CAMPINAS;350950210;BARÃO DE GERALDO;35095021000;BARÃO DE GERALDO;3509502000;CAMPINAS (todos os setores);1;221.0;645.0;2.92;1.54;5617.24;26837117.83;5939.76;26460508.84;3310.81;18806629.84;4503.89;20213446.52
350950210000019;3;Região Sudeste;35;São Paulo;3507;Campinas;35032;Campinas;22;RM Campinas;3509502;CAMPINAS;350950210;BARÃO DE GERALDO;35095021000;BARÃO DE GERALDO;3509502000;CAMPINAS (todos os setores);1;352.0;1129.0;3.21;1.67;6197.87;52563656.7;6992.47;53750184.56;3415.36;28947616.28;5352.82;35007358.68
350950210000020;3;Região Sudeste;35;São Paulo;3507;Campinas;35032;Campinas;22;RM Campinas;3509502;CAMPINAS;350950210;BARÃO DE GERALDO;35095021000;BARÃO DE GERALDO;3509502000;CAMPINAS (todos os setores);1;279.0;850.0;3.05;1.76;6050.48;19772196.42;6206.19;19312978.72;3261.78;15502082.91;4592.17;15715954.4
350950210000021;3;Região Sudeste;35;São Paulo;3507;Campinas;35032;Campinas;22;RM Campinas;3509502;CAMPINAS;350950210;BARÃO DE GERALDO;35095021000;BARÃO DE GERALDO;3509502000;CAMPINAS (todos os setores);1;196.0;588.0;3.0;1.6;5995.06;24699588.41;6283.59;24071965.39;3324.79;20083827.88;4996.42;21834217.67
350950210000022;3;Região Sudeste;35;São Paulo;3507;Campinas;35032;Campinas;22;RM Campinas;3509502;CAMPINAS;350950210;BARÃO DE GERALDO;35095021000;BARÃO DE GERALDO;3509502000;CAMPINAS (todos os setores);1;171.0;444.0;2.6;2.35;3828.92;20859326.16;4143.96;21272714.49;2343.37;12714610.23;3184.95;14606304.18
350950210000023;3;Região Sudeste;35;São Paulo;3507;Campinas;35032;Campinas;22;RM Campinas;3509502;CAMPINAS;350950210;BARÃO DE GERALDO;35095021000;BARÃO DE GERALDO;3509502000;CAMPINAS (todos os setores);1;347.0;1107.0;3.19;1.7;4997.97;23159323.01;5100.87;23111114.25;2850.31;14442355.45;3804.3;15648558.21
350950210000024;3;Região Sudeste;35;São Paulo;3507;Campinas;35032;Campinas;22;RM Campinas;3509502;CAMPINAS;350950210;BARÃO DE GERALDO;35095021000;BARÃO DE GERALDO;3509502000;CAMPINAS (todos os setores);1;250.0;871.0;3.48;1.8;3823.84;13082228.5;4050.67;12938839.69;1888.22;7293403.39;2864.39;8269653.18
350950210000025;3;Região Sudeste;35;São Paulo;3507;Campinas;35032;Campinas;22;RM Campinas;3509502;CAMPINAS;350950210;BARÃO DE GERALDO;35095021000;BARÃO DE GERALDO;3509502000;CAMPINAS (todos os setores);1;295.0;835.0;2.83;1.3;5320.64;32543880.88;5565.92;32679413.56;3128.71;20097441.04;4145.01;22417069.97
350950210000026;3;Região Sudeste;35;São Paulo;3507;Campinas;35032;Campinas;22;RM Campinas;3509502;CAMPINAS;350950210;BARÃO DE GERALDO;35095021000;BARÃO DE GERALDO;3509502000;CAMPINAS (todos os setores);1;395.0;1586.0;4.02;3.51;626.66;235173.4;715.41;204900.2;399.68;186512.71;638.78;145303.17
350950210000027;3;Região Sudeste;35;São Paulo;3507;Campinas;35032;Campinas;22;RM Campinas;3509502;CAMPINAS;350950210;BARÃO DE GERALDO;35095021000;BARÃO DE GERALDO;3509502000;CAMPINAS (todos os setores);1;300.0;1138.0;3.79;2.77;755.61;5046947.93;952.45;6178975.72;437.44;1939436.91;808.38;3286909.89
350950210000028;3;Região Sudeste;35;São Paulo;3507;Campinas;35032;Campinas;22;RM Campinas;3509502;CAMPINAS;350950210;BARÃO DE GERALDO;35095021000;BARÃO DE GERALDO;3509502000;CAMPINAS (todos os setores);1;272.0;1061.0;3.9;2.68;809.73;1206207.15;891.68;1255413.0;497.45;630737.19;759.54;764214.33
350950210000029;3;Região Sudeste;35;São Paulo;3507;Campinas;35032;Campinas;22;RM Campinas;3509502;CAMPINAS;350950210;BARÃO DE GERALDO;35095021000;BARÃO DE GERALDO;3509502000;CAMPINAS (todos os setores);1;281.0;1081.0;3.85;3.09;732.67;347041.74;807.37;322014.68;464.86;252617.67;702.71;214669.32
350950210000030;3;Região Sudeste;35;São Paulo;3507;Campinas;35032;Campinas;22;RM Campinas;3509502;CAMPINAS;350950210;BARÃO DE GERALDO;35095021000;BARÃO DE GERALDO;3509502000;CAMPINAS (todos os setores);1;260.0;776.0;2.98;1.78;2657.53;8249118.0;2720.31;8273302.92;1518.15;5436344.01;2130.36;6326182.65
350950210000031;3;Região Sudeste;35;São Paulo;3507;Campinas;35032;Campinas;22;RM Campinas;3509502;CAMPINAS;350950210;BARÃO DE GERALDO;35095021000;BARÃO DE GERALDO;3509502000;CAMPINAS (todos os setores);1;308.0;961.0;3.12;1.77;2369.99;6107690.62;2664.08;6082016.87;1443.19;3779972.17;2013.25;4125962.57
350950210000032;3;Região Sudeste;35;São Paulo;3507;Campinas;35032;Campinas;22;RM Campinas;3509502;CAMPINAS;350950210;BARÃO DE GERALDO;35095021000;BARÃO DE GERALDO;3509502000;CAMPINAS (todos os setores);1;168.0;625.0;3.72;3.47;1016.32;819101.04;1047.49;811524.5;583.61;505601.76;903.0;493859.63
350950210000033;3;Região Sudeste;35;São Paulo;3507;Campinas;35032;Campinas;22;RM Campinas;3509502;CAMPINAS;350950210;BARÃO DE GERALDO;35095021000;BARÃO DE GERALDO;3509502000;CAMPINAS (todos os setores);1;139.0;417.0;3.0;1.74;2530.27;5041351.33;2664.45;4950487.75;1634.27;3830049.28;2153.0;3929247.68
350950210000034;3;Região Sudeste;35;São Paulo;3507;Campinas;35032;Campinas;22;RM Campinas;3509502;CAMPINAS;350950210;BARÃO DE GERALDO;35095021000;BARÃO DE GERALDO;3509502000;CAMPINAS (todos os setores);1;179.0;500.0;2.79;1.76;2051.04;4706850.12;2109.98;4717809.12;1309.38;2774397.85;1669.09;2936637.15
350950210000035;3;Região Sudeste;35;São Paulo;3507;Campinas;35032;Campinas;22;RM Campinas;3509502;CAMPINAS;350950210;BARÃO DE GERALDO;35095021000;BARÃO DE GERALDO;3509502000;CAMPINAS (todos os setores);1;171.0;553.0;3.23;3.22;2212.43;4855564.2;2349.85;4834106.52;1290.48;2647590.43;1729.73;2789356.24
350950210000036;3;Região Sudeste;35;São Paulo;3507;Campinas;35032;Campinas;22;RM Campinas;3509502;CAMPINAS;350950210;BARÃO DE GERALDO;35095021000;BARÃO DE GERALDO;3509502000;CAMPINAS (todos os setores);1;451.0;1510.0;3.35;1.39;10588.34;47596106.85;11028.5;44713717.02;5351.57;42609597.71;8006.29;42492067.08
350950210000037;3;Região Sudeste;35;São Paulo;3507;Campinas;35032;Campinas;22;RM Campinas;3509502;CAMPINAS;350950210;BARÃO DE GERALDO;35095021000;BARÃO DE GERALDO;3509502000;CAMPINAS (todos os setores);1;307.0;1030.0;3.36;2.23;5726.6;28580551.18;6000.23;28303409.96;3246.23;21057499.1;4684.37;23653737.25
350950210000038;3;Região Sudeste;35;São Paulo;3507;Campinas;35032;Campinas;22;RM Campinas;3509502;CAMPINAS;350950210;BARÃO DE GERALDO;35095021000;BARÃO DE GERALDO;3509502000;CAMPINAS (todos os setores);1;202.0;663.0;3.28;2.48;5881.6;27478525.57;6319.6;26753008.61;3174.02;19193291.2;4679.15;21257136.37
350950210000039;3;Região Sudeste;35;São Paulo;3507;Campinas;35032;Campinas;22;RM Campinas;3509502;CAMPINAS;350950210;BARÃO DE GERALDO;35095021000;BARÃO DE GERALDO;3509502000;CAMPINAS (todos os setores);1;288.0;894.0;3.1;2.37;3920.51;25410778.8;4120.83;25885394.15;2248.95;14323999.2;3140.71;17208038.7
350950210000040;3;Região Sudeste;35;São Paulo;3507;Campinas;35032;Campinas;22;RM Campinas;3509502;CAMPINAS;350950210;BARÃO DE GERALDO;35095021000;BARÃO DE GERALDO;3509502000;CAMPINAS (todos os setores);1;201.0;601.0;2.99;1.82;2100.5;3721852.44;2371.92;3558076.53;1441.59;3100160.69;1941.66;3204855.09
350950210000041;3;Região Sudeste;35;São Paulo;3507;Campinas;35032;Campinas;22;RM Campinas;3509502;CAMPINAS;350950210;BARÃO DE GERALDO;35095021000;BARÃO DE GERALDO;3509502000;CAMPINAS (todos os setores);1;269.0;864.0;3.21;2.01;2169.41;5780642.02;2526.28;5830224.52;1453.1;3778735.33;2035.87;4108339.46
350950210000042;3;Região Sudeste;35;São Paulo;3507;Campinas;35032;Campinas;22;RM Campinas;3509502;CAMPINAS;350950210;BARÃO DE GERALDO;35095021000;BARÃO DE GERALDO;3509502000;CAMPINAS (todos os setores);1;123.0;302.0;2.46;1.17;2745.35;5297948.56;2962.09;5072230.33;1912.9;4246362.94;2511.25;4071180.82
350950210000043;3;Região Sudeste;35;São Paulo;3507;Campinas;35032;Campinas;22;RM Campinas;3509502;CAMPINAS;350950210;BARÃO DE GERALDO;35095021000;BARÃO DE GERALDO;3509502000;CAMPINAS (todos os setores);1;316.0;773.0;2.45;1.24;4043.04;11243075.72;4360.41;10740051.09;2715.08;8824148.82;3656.94;8440179.33
350950210000044;3;Região Sudeste;35;São Paulo;3507;Campinas;35032;Campinas;22;RM Campinas;3509502;CAMPINAS;350950210;BARÃO DE GERALDO;35095021000;BARÃO DE GERALDO;3509502000;CAMPINAS (todos os setores);1;160.0;409.0;2.56;1.34;3334.94;10432658.02;3894.82;10000331.81;2504.41;9708260.84;3428.98;10123473.64
350950210000045;3;Região Sudeste;35;São Paulo;3507;Campinas;35032;Campinas;22;RM Campinas;3509502;CAMPINAS;350950210;BARÃO DE GERALDO;35095021000;BARÃO DE GERALDO;3509502000;CAMPINAS (todos os setores);1;173.0;479.0;2.77;2.27;1521.76;2196405.56;1605.27;2182799.38;1008.07;1483223.51;1347.2;1525456.4
350950210000046;3;Região Sudeste;35;São Paulo;3507;Campinas;35032;Campinas;22;RM Campinas;3509502;CAMPINAS;350950210;BARÃO DE GERALDO;35095021000;BARÃO DE GERALDO;3509502000;CAMPINAS (todos os setores);1;188.0;569.0;3.03;2.23;1479.11;1686205.74;1527.87;1667188.93;964.7;1104901.76;1219.05;1086104.73
350950210000047;3;Região Sudeste;35;São Paulo;3507;Campinas;35032;Campinas;22;RM Campinas;3509502;CAMPINAS;350950210;BARÃO DE GERALDO;35095021000;BARÃO DE GERALDO;3509502000;CAMPINAS (todos os setores);2;263.0;854.0;3.25;2.12;3172.03;22138219.21;3405.07;22974572.65;1662.17;10443157.34;2377.29;13241513.22
350950210000048;3;Região Sudeste;35;São Paulo;3507;Campinas;35032;Campinas;22;RM Campinas;3509502;CAMPINAS;350950210;BARÃO DE GERALDO;35095021000;BARÃO DE GERALDO;3509502000;CAMPINAS (todos os setores);1;140.0;466.0;3.33;2.58;1417.12;2615420.64;1837.01;2619055.92;934.76;1602071.49;1529.92;1711979.13
350950210000049;3;Região Sudeste;35;São Paulo;3507;Campinas;35032;Campinas;22;RM Campinas;3509502;CAMPINAS;350950210;BARÃO DE GERALDO;35095021000;BARÃO DE GERALDO;3509502000;CAMPINAS (todos os setores);1;288.0;942.0;3.27;3.29;1305.79;1152805.49;1362.57;1125470.76;803.15;790066.51;1104.98;753401.85
350950210000050;3;Região Sudeste;35;São Paulo;3507;Campinas;35032;Campinas;22;RM Campinas;3509502;CAMPINAS;350950210;BARÃO DE GERALDO;35095021000;BARÃO DE GERALDO;3509502000;CAMPINAS (todos os setores);1;283.0;897.0;3.17;2.26;1419.38;1771724.22;1498.82;1751742.21;911.72;1178096.86;1238.3;1195721.09
350950210000051;3;Região Sudeste;35;São Paulo;3507;Campinas;35032;Campinas;22;RM Campinas;3509502;CAMPINAS;350950210;BARÃO DE GERALDO;35095021000;BARÃO DE GERALDO;3509502000;CAMPINAS (todos os setores);1;372.0;1104.0;2.97;2.38;1890.53;3669445.38;1942.76;3669350.93;1232.38;2610267.58;1555.88;2792361.13
350950210000052;3;Região Sudeste;35;São Paulo;3507;Campinas;35032;Campinas;22;RM Campinas;3509502;CAMPINAS;350950210;BARÃO DE GERALDO;35095021000;BARÃO DE GERALDO;3509502000;CAMPINAS (todos os setores);1;141.0;425.0;3.01;2.2;1595.44;1992086.55;1678.78;1955964.89;1105.34;1829124.83;1435.13;1901809.79
350950210000053;3;Região Sudeste;35;São Paulo;3507;Campinas;35032;Campinas;22;RM Campinas;3509502;CAMPINAS;350950210;BARÃO DE GERALDO;35095021000;BARÃO DE GERALDO;3509502000;CAMPINAS (todos os setores);1;195.0;596.0;3.06;2.21;926.53;713473.15;1115.27;647913.48;793.91;677122.85;1103.44;599377.71
350950210000055;3;Região Sudeste;35;São Paulo;3507;Campinas;35032;Campinas;22;RM Campinas;3509502;CAMPINAS;350950210;BARÃO DE GERALDO;35095021000;BARÃO DE GERALDO;3509502000;CAMPINAS (todos os setores);1;209.0;583.0;2.79;1.9;5862.16;37195560.98;6448.38;37134651.87;3320.48;24182805.77;4852.33;27916066.23
350950210000056;3;Região Sudeste;35;São Paulo;3507;Campinas;35032;Campinas;22;RM Campinas;3509502;CAMPINAS;350950210;BARÃO DE GERALDO;35095021000;BARÃO DE GERALDO;3509502000;CAMPINAS (todos os setores);1;212.0;650.0;3.07;1.81;3522.67;16681630.44;3810.23;16949073.94;2023.65;8911808.69;2724.15;10090933.23
350950210000057;3;Região Sudeste;35;São Paulo;3507;Campinas;35032;Campinas;22;RM Campinas;3509502;CAMPINAS;350950210;BARÃO DE GERALDO;35095021000;BARÃO DE GERALDO;3509502000;CAMPINAS (todos os setores);1;206.0;484.0;2.35;2.04;1929.39;4131373.75;2208.08;4112652.7;1420.44;2782029.47;1868.14;2822629.54
350950210000058;3;Região Sudeste;35;São Paulo;3507;Campinas;35032;Campinas;22;RM Campinas;3509502;CAMPINAS;350950210;BARÃO DE GERALDO;35095021000;BARÃO DE GERALDO;3509502000;CAMPINAS (todos os setores);1;191.0;575.0;3.01;1.68;2100.51;4747124.36;2216.56;4752192.51;1439.63;3158076.81;1779.97;3299205.8
350950210000059;3;Região Sudeste;35;São Paulo;3507;Campinas;35032;Campinas;22;RM Campinas;3509502;CAMPINAS;350950210;BARÃO DE GERALDO;35095021000;BARÃO DE GERALDO;3509502000;CAMPINAS (todos os setores);1;284.0;872.0;3.07;1.91;5696.48;19899128.9;6059.18;18964970.0;3327.11;16753249.59;4752.18;17157535.86
350950210000060;3;Região Sudeste;35;São Paulo;3507;Campinas;35032;Campinas;22;RM Campinas;3509502;CAMPINAS;350950210;BARÃO DE GERALDO;35095021000;BARÃO DE GERALDO;3509502000;CAMPINAS (todos os setores);1;212.0;659.0;3.11;1.67;2443.43;5259923.3;2712.08;5108850.55;1682.59;3959363.85;2318.32;3981546.09
350950210000061;3;Região Sudeste;35;São Paulo;3507;Campinas;35032;Campinas;22;RM Campinas;3509502;CAMPINAS;350950210;BARÃO DE GERALDO;35095021000;BARÃO DE GERALDO;3509502000;CAMPINAS (todos os setores);1;321.0;917.0;2.86;1.07;4196.96;11065087.68;4388.35;10728693.31;2735.23;8747424.73;3470.41;8546860.68
350950210000062;3;Região Sudeste;35;São Paulo;3507;Campinas;35032;Campinas;22;RM Campinas;3509502;CAMPINAS;350950210;BARÃO DE GERALDO;35095021000;BARÃO DE GERALDO;3509502000;CAMPINAS (todos os setores);8;50.0;170.0;3.4;4.0;896.3;765789.64;974.24;756241.12;517.23;472246.92;857.99;491228.44
350950210000064;3;Região Sudeste;35;São Paulo;3507;Campinas;35032;Campinas;22;RM Campinas;3509502;CAMPINAS;350950210;BARÃO DE GERALDO;35095021000;BARÃO DE GERALDO;3509502000;CAMPINAS (todos os setores);8;55.0;183.0;3.33;2.52;1085.25;779395.6;1147.87;751964.39;772.87;569543.67;1021.98;497943.24
350950210000065;3;Região Sudeste;35;São Paulo;3507;Campinas;35032;Campinas;22;RM Campinas;3509502;CAMPINAS;350950210;BARÃO DE GERALDO;35095021000;BARÃO DE GERALDO;3509502000;CAMPINAS (todos os setores);8;18.0;52.0;2.89;2.34;1414.44;4772779.08;1497.65;4938681.62;760.55;2280626.11;1195.14;3093465.02
350950210000067;3;Região Sudeste;35;São Paulo;3507;Campinas;35032;Campinas;22;RM Campinas;3509502;CAMPINAS;350950210;BARÃO DE GERALDO;35095021000;BARÃO DE GERALDO;3509502000;CAMPINAS (todos os setores);1;256.0;671.0;2.62;1.95;2559.07;7477485.61;2684.93;7507438.67;1730.93;4880634.1;2170.33;5166492.86
350950210000068;3;Região Sudeste;35;São Paulo;3507;Campinas;35032;Campinas;22;RM Campinas;3509502;CAMPINAS;350950210;BARÃO DE GERALDO;35095021000;BARÃO DE GERALDO;3509502000;CAMPINAS (todos os setores);1;166.0;531.0;3.2;2.05;1954.11;3013428.62;2066.13;2954351.21;1203.15;2205203.23;1624.76;2293191.37
350950210000069;3;Região Sudeste;35;São Paulo;3507;Campinas;35032;Campinas;22;RM Campinas;3509502;CAMPINAS;350950210;BARÃO DE GERALDO;35095021000;BARÃO DE GERALDO;3509502000;CAMPINAS (todos os setores);1;154.0;349.0;2.27;2.14;2340.77;11606676.27;3499.8;13313900.75;1579.72;6593452.29;2707.0;8255024.95
350950210000070;3;Região Sudeste;35;São Paulo;3507;Campinas;35032;Campinas;22;RM Campinas;3509502;CAMPINAS;350950210;BARÃO DE GERALDO;35095021000;BARÃO DE GERALDO;3509502000;CAMPINAS (todos os setores);1;221.0;749.0;3.39;2.61;3248.42;12650086.61;3519.12;12752128.12;1927.15;8283240.19;2740.55;9552976.89
350950210000071;3;Região Sudeste;35;São Paulo;3507;Campinas;35032;Campinas;22;RM Campinas;3509502;CAMPINAS;350950210;BARÃO DE GERALDO;35095021000;BARÃO DE GERALDO;3509502000;CAMPINAS (todos os setores);1;299.0;995.0;3.33;1.26;6041.59;65172249.95;6360.68;66589757.4;3060.81;31663810.73;4558.11;40342841.38
350950210000072;3;Região Sudeste;35;São Paulo;3507;Campinas;35032;Campinas;22;RM Campinas;3509502;CAMPINAS;350950210;BARÃO DE GERALDO;35095021000;BARÃO DE GERALDO;3509502000;CAMPINAS (todos os setores);1;158.0;366.0;2.32;0.79;5876.54;21058913.05;6108.51;20469322.25;4529.11;16790497.22;5164.49;15861249.06
350950210000073;3;Região Sudeste;35;São Paulo;3507;Campinas;35032;Campinas;22;RM Campinas;3509502;CAMPINAS;350950210;BARÃO DE GERALDO;35095021000;BARÃO DE GERALDO;3509502000;CAMPINAS (todos os setores);1;109.0;281.0;2.58;0.8;6660.09;24835615.73;7048.06;23535315.8;5068.25;22534521.5;6206.58;20519879.62
350950210000074;3;Região Sudeste;35;São Paulo;3507;Campinas;35032;Campinas;22;RM Campinas;3509502;CAMPINAS;350950210;BARÃO DE GERALDO;35095021000;BARÃO DE GERALDO;3509502000;CAMPINAS (todos os setores);1;97.0;202.0;2.08;0.7;4926.71;14089331.37;5030.43;13861796.21;3876.95;14541675.58;4527.12;14033785.3
350950210000075;3;Região Sudeste;35;São Paulo;3507;Campinas;35032;Campinas;22;RM Campinas;3509502;CAMPINAS;350950210;BARÃO DE GERALDO;35095021000;BARÃO DE GERALDO;3509502000;CAMPINAS (todos os setores);1;86.0;254.0;2.95;0.94;9368.44;67879197.21;9478.66;67630136.89;5560.81;50293097.83;6873.3;53160197.69
350950210000076;3;Região Sudeste;35;São Paulo;3507;Campinas;35032;Campinas;22;RM Campinas;3509502;CAMPINAS;350950210;BARÃO DE GERALDO;35095021000;BARÃO DE GERALDO;3509502000;CAMPINAS (todos os setores);1;201.0;550.0;2.74;1.14;7180.52;36891448.35;7973.95;34628595.0;5733.52;35239603.36;7539.74;32715346.74
350950210000077;3;Região Sudeste;35;São Paulo;3507;Campinas;35032;Campinas;22;RM Campinas;3509502;CAMPINAS;350950210;BARÃO DE GERALDO;35095021000;BARÃO DE GERALDO;3509502000;CAMPINAS (todos os setores);1;66.0;164.0;2.48;1.12;7082.12;21263924.66;7303.44;20296943.55;5119.11;20071954.43;6225.95;17497549.78
350950210000078;3;Região Sudeste;35;São Paulo;3507;Campinas;35032;Campinas;22;RM Campinas;3509502;CAMPINAS;350950210;BARÃO DE GERALDO;35095021000;BARÃO DE GERALDO;3509502000;CAMPINAS (todos os setores);1;99.0;314.0;3.17;0.98;9209.09;63559698.14;9398.97;63080609.34;4881.8;41853317.64;6687.05;45276354.59
350950210000079;3;Região Sudeste;35;São Paulo;3507;Campinas;35032;Campinas;22;RM Campinas;3509502;CAMPINAS;350950210;BARÃO DE GERALDO;35095021000;BARÃO DE GERALDO;3509502000;CAMPINAS (todos os setores);1;204.0;607.0;2.98;1.68;3502.3;13119905.5;3626.75;13134831.23;2034.56;7882175.84;2839.91;8717265.59
350950210000080;3;Região Sudeste;35;São Paulo;3507;Campinas;35032;Campinas;22;RM Campinas;3509502;CAMPINAS;350950210;BARÃO DE GERALDO;35095021000;BARÃO DE GERALDO;3509502000;CAMPINAS (todos os setores);1;144.0;480.0;3.33;2.85;1160.81;1129509.33;1266.34;1098320.78;732.31;777338.47;1066.09;775798.59
350950210000081;3;Região Sudeste;35;São Paulo;3507;Campinas;35032;Campinas;22;RM Campinas;3509502;CAMPINAS;350950210;BARÃO DE GERALDO;35095021000;BARÃO DE GERALDO;3509502000;CAMPINAS (todos os setores);1;231.0;663.0;2.87;1.89;1531.29;5376222.25;1630.09;5562894.0;1037.28;2795740.19;1397.35;3264151.71
350950210000082;3;Região Sudeste;35;São Paulo;3507;Campinas;35032;Campinas;22;RM Campinas;3509502;CAMPINAS;350950210;BARÃO DE GERALDO;35095021000;BARÃO DE GERALDO;3509502000;CAMPINAS (todos os setores);1;212.0;564.0;2.66;1.6;2158.4;4153385.65;2254.09;4121669.47;1425.41;2710081.81;1833.18;2737911.02
350950210000083;3;Região Sudeste;35;São Paulo;3507;Campinas;35032;Campinas;22;RM Campinas;3509502;CAMPINAS;350950210;BARÃO DE GERALDO;35095021000;BARÃO DE GERALDO;3509502000;CAMPINAS (todos os setores);1;167.0;595.0;3.56;2.04;11387.49;92021361.11;12190.45;88700270.12;5681.19;59462721.11;8085.31;65202103.75
350950210000084;3;Região Sudeste;35;São Paulo;3507;Campinas;35032;Campinas;22;RM Campinas;3509502;CAMPINAS;350950210;BARÃO DE GERALDO;35095021000;BARÃO DE GERALDO;3509502000;CAMPINAS (todos os setores);1;139.0;428.0;3.08;1.99;2646.62;7960150.08;2829.85;7992984.47;1460.51;4278737.46;2203.76;4820160.03
350950210000085;3;Região Sudeste;35;São Paulo;3507;Campinas;35032;Campinas;22;RM Campinas;3509502;CAMPINAS;350950210;BARÃO DE GERALDO;35095021000;BARÃO DE GERALDO;3509502000;CAMPINAS (todos os setores);1;151.0;451.0;2.99;1.83;1328.59;1251409.02;1412.8;1211476.05;881.14;924665.82;1194.37;879105.24
350950210000086;3;Região Sudeste;35;São Paulo;3507;Campinas;35032;Campinas;22;RM Campinas;3509502;CAMPINAS;350950210;BARÃO DE GERALDO;35095021000;BARÃO DE GERALDO;3509502000;CAMPINAS (todos os setores);1;131.0;433.0;3.31;2.61;1499.94;1953171.03;1559.46;1937734.06;893.39;1284022.7;1291.57;1342248.93
350950210000087;3;Região Sudeste;35;São Paulo;3507;Campinas;35032;Campinas;22;RM Campinas;3509502;CAMPINAS;350950210;BARÃO DE GERALDO;35095021000;BARÃO DE GERALDO;3509502000;CAMPINAS (todos os setores);2;59.0;205.0;3.47;2.74;2135.76;9715383.46;2291.09;10072580.27;1284.6;5245011.27;1780.24;6395389.63
350950210000088;3;Região Sudeste;35;São Paulo;3507;Campinas;35032;Campinas;22;RM Campinas;3509502;CAMPINAS;350950210;BARÃO DE GERALDO;35095021000;BARÃO DE GERALDO;3509502000;CAMPINAS (todos os setores);7;82.0;279.0;3.4;3.01;1290.32;1495134.79;1511.51;1415969.93;919.5;972603.7;1248.64;909414.61
350950210000089;3;Região Sudeste;35;São Paulo;3507;Campinas;35032;Campinas;22;RM Campinas;3509502;CAMPINAS;350950210;BARÃO DE GERALDO;35095021000;BARÃO DE GERALDO;3509502000;CAMPINAS (todos os setores);1;93.0;271.0;2.91;2.45;5101.72;18305981.79;5157.17;18218020.5;2997.18;14444915.36;3830.54;15273126.67
350950210000090;3;Região Sudeste;35;São Paulo;3507;Campinas;35032;Campinas;22;RM Campinas;3509502;CAMPINAS;350950210;BARÃO DE GERALDO;35095021000;BARÃO DE GERALDO;3509502000;CAMPINAS (todos os setores);1;118.0;321.0;2.72;1.86;4725.45;21340541.41;4806.92;21316640.09;2854.59;14878580.67;3600.28;16085464.52
350950210000091;3;Região Sudeste;35;São Paulo;3507;Campinas;35032;Campinas;22;RM Campinas;3509502;CAMPINAS;350950210;BARÃO DE GERALDO;35095021000;BARÃO DE GERALDO;3509502000;CAMPINAS (todos os setores);1;72.0;197.0;2.74;2.25;4777.0;18039093.63;4844.28;17966207.35;3028.08;13639007.23;3908.58;14167181.42
350950210000092;3;Região Sudeste;35;São Paulo;3507;Campinas;35032;Campinas;22;RM Campinas;3509502;CAMPINAS;350950210;BARÃO DE GERALDO;35095021000;BARÃO DE GERALDO;3509502000;CAMPINAS (todos os setores);1;79.0;170.0;2.15;1.82;3914.3;19287547.91;4236.03;19513085.39;2996.85;18035239.69;3843.28;19890225.3
350950210000093;3;Região Sudeste;35;São Paulo;3507;Campinas;35032;Campinas;22;RM Campinas;3509502;CAMPINAS;350950210;BARÃO DE GERALDO;35095021000;BARÃO DE GERALDO;3509502000;CAMPINAS (todos os setores);1;87.0;199.0;2.29;2.0;5363.49;26662772.49;5363.49;26662772.49;3378.44;20542455.66;4207.51;22104832.0
350950210000094;3;Região Sudeste;35;São Paulo;3507;Campinas;35032;Campinas;22;RM Campinas;3509502;CAMPINAS;350950210;BARÃO DE GERALDO;35095021000;BARÃO DE GERALDO;3509502000;CAMPINAS (todos os setores);1;124.0;284.0;2.29;1.36;5324.3;95557284.44;5691.49;100096699.12;3572.1;49594298.81;4488.02;58237047.56
350950210000095;3;Região Sudeste;35;São Paulo;3507;Campinas;35032;Campinas;22;RM Campinas;3509502;CAMPINAS;350950210;BARÃO DE GERALDO;35095021000;BARÃO DE GERALDO;3509502000;CAMPINAS (todos os setores);1;255.0;688.0;2.7;1.38;4470.33;11587912.39;4749.73;10982582.5;2978.1;9345165.03;3875.43;8681964.95
350950215000001;3;Região Sudeste;35;São Paulo;3507;Campinas;35032;Campinas;22;RM Campinas;3509502;CAMPINAS;350950215;JOAQUIM EGÍDIO;35095021500;JOAQUIM EGÍDIO;3509502000;CAMPINAS (todos os setores);1;135.0;428.0;3.17;2.01;2442.7;14309394.22;2498.22;14497340.42;1432.01;6618487.52;1806.4;7675984.14
350950215000003;3;Região Sudeste;35;São Paulo;3507;Campinas;35032;Campinas;22;RM Campinas;3509502;CAMPINAS;350950215;JOAQUIM EGÍDIO;35095021500;JOAQUIM EGÍDIO;3509502000;CAMPINAS (todos os setores);1;1.0;4.0;4.0;0.0;1000.0;0.0;1000.0;0.0;625.0;562500.0;1250.0;125000.0
350950215000004;3;Região Sudeste;35;São Paulo;3507;Campinas;35032;Campinas;22;RM Campinas;3509502;CAMPINAS;350950215;JOAQUIM EGÍDIO;35095021500;JOAQUIM EGÍDIO;3509502000;CAMPINAS (todos os setores);8;143.0;443.0;3.1;2.62;1800.73;6157911.83;1936.13;6360295.17;1143.01;4031876.15;1532.93;4812185.04
350950215000005;3;Região Sudeste;35;São Paulo;3507;Campinas;35032;Campinas;22;RM Campinas;3509502;CAMPINAS;350950215;JOAQUIM EGÍDIO;35095021500;JOAQUIM EGÍDIO;3509502000;CAMPINAS (todos os setores);8;132.0;440.0;3.33;2.58;2354.86;19901607.56;2372.83;20011714.71;1260.7;9657570.95;1719.99;12396151.9
350950215000006;3;Região Sudeste;35;São Paulo;3507;Campinas;35032;Campinas;22;RM Campinas;3509502;CAMPINAS;350950215;JOAQUIM EGÍDIO;35095021500;JOAQUIM EGÍDIO;3509502000;CAMPINAS (todos os setores);8;51.0;159.0;3.12;1.67;1801.02;6249651.42;1837.04;6309674.0;1006.39;3664629.26;1404.75;4564991.52
350950215000007;3;Região Sudeste;35;São Paulo;3507;Campinas;35032;Campinas;22;RM Campinas;3509502;CAMPINAS;350950215;JOAQUIM EGÍDIO;35095021500;JOAQUIM EGÍDIO;3509502000;CAMPINAS (todos os setores);8;109.0;327.0;3.0;2.2;1599.39;8372220.81;1676.28;8648492.9;990.13;4873897.84;1474.77;6553644.69
350950215000008;3;Região Sudeste;35;São Paulo;3507;Campinas;35032;Campinas;22;RM Campinas;3509502;CAMPINAS;350950215;JOAQUIM EGÍDIO;35095021500;JOAQUIM EGÍDIO;3509502000;CAMPINAS (todos os setores);8;22.0;83.0;3.77;2.76;1880.0;5049361.9;1969.52;5116694.76;1027.59;2132106.57;1318.42;2356333.13
350950215000009;3;Região Sudeste;35;São Paulo;3507;Campinas;35032;Campinas;22;RM Campinas;3509502;CAMPINAS;350950215;JOAQUIM EGÍDIO;35095021500;JOAQUIM EGÍDIO;3509502000;CAMPINAS (todos os setores);1;137.0;376.0;2.74;1.99;2968.84;8764730.14;3228.02;8692679.77;1760.79;7604332.59;2376.74;8805033.13
350950220000001;3;Região Sudeste;35;São Paulo;3507;Campinas;35032;Campinas;22;RM Campinas;3509502;CAMPINAS;350950220;NOVA APARECIDA;35095022000;NOVA APARECIDA;3509502000;CAMPINAS (todos os setores);1;133.0;443.0;3.33;2.22;1548.57;3085237.72;1634.6;3116258.24;880.54;1690962.4;1344.88;1959238.22
350950220000002;3;Região Sudeste;35;São Paulo;3507;Campinas;35032;Campinas;22;RM Campinas;3509502;CAMPINAS;350950220;NOVA APARECIDA;35095022000;NOVA APARECIDA;3509502000;CAMPINAS (todos os setores);1;268.0;858.0;3.2;2.18;668.9;436037.7;924.04;366236.39;646.87;593476.71;963.76;578772.0
350950220000003;3;Região Sudeste;35;São Paulo;3507;Campinas;35032;Campinas;22;RM Campinas;3509502;CAMPINAS;350950220;NOVA APARECIDA;35095022000;NOVA APARECIDA;3509502000;CAMPINAS (todos os setores);1;205.0;639.0;3.12;2.18;826.9;1156107.15;1500.13;1086814.49;683.65;849130.38;1262.97;836976.89
350950220000004;3;Região Sudeste;35;São Paulo;3507;Campinas;35032;Campinas;22;RM Campinas;3509502;CAMPINAS;350950220;NOVA APARECIDA;35095022000;NOVA APARECIDA;3509502000;CAMPINAS (todos os setores);1;182.0;589.0;3.24;2.33;1318.7;1058503.31;1387.31;1018163.32;790.29;748596.42;1162.45;668283.11
350950220000005;3;Região Sudeste;35;São Paulo;3507;Campinas;35032;Campinas;22;RM Campinas;3509502;CAMPINAS;350950220;NOVA APARECIDA;35095022000;NOVA APARECIDA;3509502000;CAMPINAS (todos os setores);1;164.0;546.0;3.33;2.49;1163.95;1151063.87;1334.88;1091513.7;821.1;971352.92;1151.4;981817.35
350950220000006;3;Região Sudeste;35;São Paulo;3507;Campinas;35032;Campinas;22;RM Campinas;3509502;CAMPINAS;350950220;NOVA APARECIDA;35095022000;NOVA APARECIDA;3509502000;CAMPINAS (todos os setores);1;130.0;403.0;3.1;1.92;987.84;700736.66;1211.5;587358.46;814.1;858825.38;1178.39;813677.22
350950220000007;3;Região Sudeste;35;São Paulo;3507;Campinas;35032;Campinas;22;RM Campinas;3509502;CAMPINAS;350950220;NOVA APARECIDA;35095022000;NOVA APARECIDA;3509502000;CAMPINAS (todos os setores);1;156.0;579.0;3.71;2.62;1152.58;1763693.21;1266.21;1793906.14;666.54;875381.73;1031.45;978564.08
350950220000008;3;Região Sudeste;35;São Paulo;3507;Campinas;35032;Campinas;22;RM Campinas;3509502;CAMPINAS;350950220;NOVA APARECIDA;35095022000;NOVA APARECIDA;3509502000;CAMPINAS (todos os setores);2;27.0;101.0;3.74;1.81;936.3;109247.29;972.31;77202.46;625.06;306448.01;911.97;183442.73
350950220000009;3;Região Sudeste;35;São Paulo;3507;Campinas;35032;Campinas;22;RM Campinas;3509502;CAMPINAS;350950220;NOVA APARECIDA;35095022000;NOVA APARECIDA;3509502000;CAMPINAS (todos os setores);1;74.0;288.0;3.89;2.89;617.57;143783.04;725.4;89812.34;371.88;158171.47;683.15;77322.29
350950220000010;3;Região Sudeste;35;São Paulo;3507;Campinas;35032;Campinas;22;RM Campinas;3509502;CAMPINAS;350950220;NOVA APARECIDA;35095022000;NOVA APARECIDA;3509502000;CAMPINAS (todos os setores);1;74.0;295.0;3.99;2.01;806.15;46000.37;806.15;46000.37;448.75;166087.53;742.97;55656.1
350950220000011;3;Região Sudeste;35;São Paulo;3507;Campinas;35032;Campinas;22;RM Campinas;3509502;CAMPINAS;350950220;NOVA APARECIDA;35095022000;NOVA APARECIDA;3509502000;CAMPINAS (todos os setores);1;87.0;417.0;4.79;2.91;884.37;127785.35;894.65;119980.47;452.67;214527.59;788.45;108414.81
350950220000012;3;Região Sudeste;35;São Paulo;3507;Campinas;35032;Campinas;22;RM Campinas;3509502;CAMPINAS;350950220;NOVA APARECIDA;35095022000;NOVA APARECIDA;3509502000;CAMPINAS (todos os setores);1;114.0;436.0;3.82;3.67;610.86;790903.94;859.73;900517.8;513.08;648535.14;912.99;789597.31
350950220000013;3;Região Sudeste;35;São Paulo;3507;Campinas;35032;Campinas;22;RM Campinas;3509502;CAMPINAS;350950220;NOVA APARECIDA;35095022000;NOVA APARECIDA;3509502000;CAMPINAS (todos os setores);1;146.0;637.0;4.36;3.57;737.47;238615.56;889.83;151614.09;409.67;203971.74;747.21;119517.04
350950220000014;3;Região Sudeste;35;São Paulo;3507;Campinas;35032;Campinas;22;RM Campinas;3509502;CAMPINAS;350950220;NOVA APARECIDA;35095022000;NOVA APARECIDA;3509502000;CAMPINAS (todos os setores);1;258.0;919.0;3.56;2.71;757.5;435281.04;888.35;394046.0;488.94;391539.45;790.14;394757.58
350950220000015;3;Região Sudeste;35;São Paulo;3507;Campinas;35032;Campinas;22;RM Campinas;3509502;CAMPINAS;350950220;NOVA APARECIDA;35095022000;NOVA APARECIDA;3509502000;CAMPINAS (todos os setores);1;250.0;907.0;3.63;3.35;882.51;2830841.81;1081.5;3256037.05;511.56;1131914.51;909.32;1651490.97
350950220000016;3;Região Sudeste;35;São Paulo;3507;Campinas;35032;Campinas;22;RM Campinas;3509502;CAMPINAS;350950220;NOVA APARECIDA;35095022000;NOVA APARECIDA;3509502000;CAMPINAS (todos os setores);1;151.0;516.0;3.42;3.56;1208.15;690027.24;1312.45;612147.57;753.31;561061.84;1112.15;428824.49
350950220000017;3;Região Sudeste;35;São Paulo;3507;Campinas;35032;Campinas;22;RM Campinas;3509502;CAMPINAS;350950220;NOVA APARECIDA;35095022000;NOVA APARECIDA;3509502000;CAMPINAS (todos os setores);1;158.0;498.0;3.15;2.61;1318.54;840351.37;1370.59;801934.08;805.13;725345.04;1150.91;638626.53
350950220000018;3;Região Sudeste;35;São Paulo;3507;Campinas;35032;Campinas;22;RM Campinas;3509502;CAMPINAS;350950220;NOVA APARECIDA;35095022000;NOVA APARECIDA;3509502000;CAMPINAS (todos os setores);1;280.0;773.0;2.76;2.02;1081.0;950986.65;1261.17;881976.69;757.04;855801.89;1213.36;817880.74
350950220000019;3;Região Sudeste;35;São Paulo;3507;Campinas;35032;Campinas;22;RM Campinas;3509502;CAMPINAS;350950220;NOVA APARECIDA;35095022000;NOVA APARECIDA;3509502000;CAMPINAS (todos os setores);1;143.0;447.0;3.13;1.79;770.99;945284.46;1361.14;864574.62;648.65;711424.08;1189.2;661236.7
350950220000020;3;Região Sudeste;35;São Paulo;3507;Campinas;35032;Campinas;22;RM Campinas;3509502;CAMPINAS;350950220;NOVA APARECIDA;35095022000;NOVA APARECIDA;3509502000;CAMPINAS (todos os setores);1;456.0;1653.0;3.63;2.78;794.25;588672.51;1006.05;532415.36;570.98;500257.36;946.51;473797.99
350950220000021;3;Região Sudeste;35;São Paulo;3507;Campinas;35032;Campinas;22;RM Campinas;3509502;CAMPINAS;350950220;NOVA APARECIDA;35095022000;NOVA APARECIDA;3509502000;CAMPINAS (todos os setores);1;155.0;431.0;2.78;1.91;1349.52;926575.07;1442.59;855725.28;847.83;783541.03;1220.87;672455.35
350950220000022;3;Região Sudeste;35;São Paulo;3507;Campinas;35032;Campinas;22;RM Campinas;3509502;CAMPINAS;350950220;NOVA APARECIDA;35095022000;NOVA APARECIDA;3509502000;CAMPINAS (todos os setores);1;147.0;411.0;2.8;1.63;1222.59;682109.71;1265.63;651427.61;806.83;606110.76;1122.55;488413.88
350950220000023;3;Região Sudeste;35;São Paulo;3507;Campinas;35032;Campinas;22;RM Campinas;3509502;CAMPINAS;350950220;NOVA APARECIDA;35095022000;NOVA APARECIDA;3509502000;CAMPINAS (todos os setores);1;193.0;632.0;3.27;2.13;1203.3;718571.43;1276.02;668928.01;833.91;645700.9;1142.61;531728.99
350950220000024;3;Região Sudeste;35;São Paulo;3507;Campinas;35032;Campinas;22;RM Campinas;3509502;CAMPINAS;350950220;NOVA APARECIDA;35095022000;NOVA APARECIDA;3509502000;CAMPINAS (todos os setores);1;93.0;318.0;3.42;2.29;1386.1;2010728.54;1674.12;1945516.03;913.25;1317768.69;1324.66;1366677.81
350950220000025;3;Região Sudeste;35;São Paulo;3507;Campinas;35032;Campinas;22;RM Campinas;3509502;CAMPINAS;350950220;NOVA APARECIDA;35095022000;NOVA APARECIDA;3509502000;CAMPINAS (todos os setores);1;275.0;1013.0;3.68;1.93;1089.91;741949.61;1303.16;608644.03;665.36;568282.23;1088.77;468735.23
350950220000026;3;Região Sudeste;35;São Paulo;3507;Campinas;35032;Campinas;22;RM Campinas;3509502;CAMPINAS;350950220;NOVA APARECIDA;35095022000;NOVA APARECIDA;3509502000;CAMPINAS (todos os setores);1;320.0;1113.0;3.48;1.92;703.84;423371.72;970.81;324354.2;585.77;442959.15;951.74;371273.06
350950220000027;3;Região Sudeste;35;São Paulo;3507;Campinas;35032;Campinas;22;RM Campinas;3509502;CAMPINAS;350950220;NOVA APARECIDA;35095022000;NOVA APARECIDA;3509502000;CAMPINAS (todos os setores);1;195.0;596.0;3.06;2.14;680.41;312263.21;867.18;235510.27;579.81;313577.21;831.39;240264.82
350950220000028;3;Região Sudeste;35;São Paulo;3507;Campinas;35032;Campinas;22;RM Campinas;3509502;CAMPINAS;350950220;NOVA APARECIDA;35095022000;NOVA APARECIDA;3509502000;CAMPINAS (todos os setores);1;158.0;498.0;3.15;1.75;692.13;196357.89;834.78;117141.02;520.52;246306.54;811.23;147665.94
350950220000029;3;Região Sudeste;35;São Paulo;3507;Campinas;35032;Campinas;22;RM Campinas;3509502;CAMPINAS;350950220;NOVA APARECIDA;35095022000;NOVA APARECIDA;3509502000;CAMPINAS (todos os setores);1;220.0;659.0;3.0;1.66;795.17;280335.26;925.59;205198.76;515.84;280189.74;848.55;178287.41
350950220000030;3;Região Sudeste;35;São Paulo;3507;Campinas;35032;Campinas;22;RM Campinas;3509502;CAMPINAS;350950220;NOVA APARECIDA;35095022000;NOVA APARECIDA;3509502000;CAMPINAS (todos os setores);1;200.0;588.0;2.94;1.64;1028.77;700056.92;1143.07;646884.21;641.79;544126.88;996.02;491460.52
350950220000031;3;Região Sudeste;35;São Paulo;3507;Campinas;35032;Campinas;22;RM Campinas;3509502;CAMPINAS;350950220;NOVA APARECIDA;35095022000;NOVA APARECIDA;3509502000;CAMPINAS (todos os setores);1;169.0;497.0;2.94;1.52;953.64;409973.96;1088.96;320187.28;631.34;429424.37;1012.53;302253.95
350950220000032;3;Região Sudeste;35;São Paulo;3507;Campinas;35032;Campinas;22;RM Campinas;3509502;CAMPINAS;350950220;NOVA APARECIDA;35095022000;NOVA APARECIDA;3509502000;CAMPINAS (todos os setores);1;200.0;566.0;2.83;1.51;1087.44;510237.6;1201.59;426170.98;690.46;522407.13;1071.56;401986.29
350950220000033;3;Região Sudeste;35;São Paulo;3507;Campinas;35032;Campinas;22;RM Campinas;3509502;CAMPINAS;350950220;NOVA APARECIDA;35095022000;NOVA APARECIDA;3509502000;CAMPINAS (todos os setores);1;169.0;540.0;3.2;2.11;935.63;433518.99;1033.47;377369.07;567.43;399172.26;955.56;300964.08
350950220000034;3;Região Sudeste;35;São Paulo;3507;Campinas;35032;Campinas;22;RM Campinas;3509502;CAMPINAS;350950220;NOVA APARECIDA;35095022000;NOVA APARECIDA;3509502000;CAMPINAS (todos os setores);1;190.0;566.0;2.98;1.62;958.48;446679.44;1064.98;382517.75;670.43;434096.2;1005.65;313653.35
350950220000035;3;Região Sudeste;35;São Paulo;3507;Campinas;35032;Campinas;22;RM Campinas;3509502;CAMPINAS;350950220;NOVA APARECIDA;35095022000;NOVA APARECIDA;3509502000;CAMPINAS (todos os setores);1;190.0;574.0;3.02;1.5;887.75;360392.45;1034.8;267351.4;591.69;401756.47;973.62;288857.25
350950220000036;3;Região Sudeste;35;São Paulo;3507;Campinas;35032;Campinas;22;RM Campinas;3509502;CAMPINAS;350950220;NOVA APARECIDA;35095022000;NOVA APARECIDA;3509502000;CAMPINAS (todos os setores);1;199.0;610.0;3.07;1.61;873.2;396887.97;981.73;339342.53;545.0;342614.7;895.48;248795.57
350950220000037;3;Região Sudeste;35;São Paulo;3507;Campinas;35032;Campinas;22;RM Campinas;3509502;CAMPINAS;350950220;NOVA APARECIDA;35095022000;NOVA APARECIDA;3509502000;CAMPINAS (todos os setores);1;196.0;622.0;3.17;2.02;648.06;212180.84;894.51;71430.61;479.32;211748.23;829.27;75668.57
350950220000038;3;Região Sudeste;35;São Paulo;3507;Campinas;35032;Campinas;22;RM Campinas;3509502;CAMPINAS;350950220;NOVA APARECIDA;35095022000;NOVA APARECIDA;3509502000;CAMPINAS (todos os setores);1;194.0;580.0;2.99;1.67;563.92;384248.53;882.27;319779.47;417.79;262407.09;805.73;193217.95
350950220000039;3;Região Sudeste;35;São Paulo;3507;Campinas;35032;Campinas;22;RM Campinas;3509502;CAMPINAS;350950220;NOVA APARECIDA;35095022000;NOVA APARECIDA;3509502000;CAMPINAS (todos os setores);1;158.0;499.0;3.16;2.16;996.3;638078.23;1100.81;589627.79;619.22;466116.73;947.74;401809.42
350950220000040;3;Região Sudeste;35;São Paulo;3507;Campinas;35032;Campinas;22;RM Campinas;3509502;CAMPINAS;350950220;NOVA APARECIDA;35095022000;NOVA APARECIDA;3509502000;CAMPINAS (todos os setores);1;189.0;581.0;3.07;1.51;913.03;351280.62;1045.83;262950.36;595.83;370159.61;952.54;251598.11
350950220000041;3;Região Sudeste;35;São Paulo;3507;Campinas;35032;Campinas;22;RM Campinas;3509502;CAMPINAS;350950220;NOVA APARECIDA;35095022000;NOVA APARECIDA;3509502000;CAMPINAS (todos os setores);1;196.0;636.0;3.24;1.78;812.82;474508.24;1027.83;378416.33;607.61;459675.95;965.66;384572.12
350950220000042;3;Região Sudeste;35;São Paulo;3507;Campinas;35032;Campinas;22;RM Campinas;3509502;CAMPINAS;350950220;NOVA APARECIDA;35095022000;NOVA APARECIDA;3509502000;CAMPINAS (todos os setores);1;232.0;873.0;3.76;2.55;439.25;197312.25;722.74;119210.55;353.67;196524.7;731.58;129839.99
350950220000043;3;Região Sudeste;35;São Paulo;3507;Campinas;35032;Campinas;22;RM Campinas;3509502;CAMPINAS;350950220;NOVA APARECIDA;35095022000;NOVA APARECIDA;3509502000;CAMPINAS (todos os setores);1;206.0;838.0;4.07;3.48;686.06;242357.88;768.09;208144.33;404.34;233782.01;699.9;197706.7
350950220000044;3;Região Sudeste;35;São Paulo;3507;Campinas;35032;Campinas;22;RM Campinas;3509502;CAMPINAS;350950220;NOVA APARECIDA;35095022000;NOVA APARECIDA;3509502000;CAMPINAS (todos os setores);1;191.0;827.0;4.33;3.8;722.94;149239.39;771.4;121704.38;383.85;173922.0;701.77;94646.98
350950220000045;3;Região Sudeste;35;São Paulo;3507;Campinas;35032;Campinas;22;RM Campinas;3509502;CAMPINAS;350950220;NOVA APARECIDA;35095022000;NOVA APARECIDA;3509502000;CAMPINAS (todos os setores);1;165.0;680.0;4.12;1.73;1500.06;924349.39;1518.47;907640.23;895.82;809953.92;1252.94;685109.5
350950220000046;3;Região Sudeste;35;São Paulo;3507;Campinas;35032;Campinas;22;RM Campinas;3509502;CAMPINAS;350950220;NOVA APARECIDA;35095022000;NOVA APARECIDA;3509502000;CAMPINAS (todos os setores);1;126.0;452.0;3.59;3.09;883.64;413264.76;1012.17;342639.52;549.45;369984.65;911.99;283119.9
350950220000047;3;Região Sudeste;35;São Paulo;3507;Campinas;35032;Campinas;22;RM Campinas;3509502;CAMPINAS;350950220;NOVA APARECIDA;35095022000;NOVA APARECIDA;3509502000;CAMPINAS (todos os setores);1;136.0;498.0;3.66;2.24;1325.03;790088.84;1365.18;758979.92;853.04;676229.22;1122.29;587229.69
350950220000048;3;Região Sudeste;35;São Paulo;3507;Campinas;35032;Campinas;22;RM Campinas;3509502;CAMPINAS;350950220;NOVA APARECIDA;35095022000;NOVA APARECIDA;3509502000;CAMPINAS (todos os setores);1;126.0;442.0;3.51;2.92;1008.72;1206088.17;1176.84;1209281.22;584.12;634531.26;927.43;689311.58
350950220000049;3;Região Sudeste;35;São Paulo;3507;Campinas;35032;Campinas;22;RM Campinas;3509502;CAMPINAS;350950220;NOVA APARECIDA;35095022000;NOVA APARECIDA;3509502000;CAMPINAS (todos os setores);1;106.0;396.0;3.74;3.57;729.29;398329.26;1003.96;270938.38;528.48;294894.94;887.29;176115.95
350950220000050;3;Região Sudeste;35;São Paulo;3507;Campinas;35032;Campinas;22;RM Campinas;3509502;CAMPINAS;350950220;NOVA APARECIDA;35095022000;NOVA APARECIDA;3509502000;CAMPINAS (todos os setores);1;107.0;348.0;3.25;2.44;824.23;713821.8;1102.41;647236.5;661.29;563459.33;1042.13;490693.21
350950220000051;3;Região Sudeste;35;São Paulo;3507;Campinas;35032;Campinas;22;RM Campinas;3509502;CAMPINAS;350950220;NOVA APARECIDA;35095022000;NOVA APARECIDA;3509502000;CAMPINAS (todos os setores);1;181.0;553.0;3.06;2.55;1342.2;826803.97;1404.27;777593.94;971.37;1139075.1;1272.84;1108790.49
350950220000052;3;Região Sudeste;35;São Paulo;3507;Campinas;35032;Campinas;22;RM Campinas;3509502;CAMPINAS;350950220;NOVA APARECIDA;35095022000;NOVA APARECIDA;3509502000;CAMPINAS (todos os setores);1;118.0;377.0;3.19;1.92;1561.61;2652852.94;1616.4;2657407.3;935.35;1438735.21;1295.1;1526537.29
350950220000053;3;Região Sudeste;35;São Paulo;3507;Campinas;35032;Campinas;22;RM Campinas;3509502;CAMPINAS;350950220;NOVA APARECIDA;35095022000;NOVA APARECIDA;3509502000;CAMPINAS (todos os setores);1;185.0;478.0;2.58;1.41;1315.53;1153580.32;1374.99;1123795.85;895.26;829653.5;1160.14;767642.95
350950220000054;3;Região Sudeste;35;São Paulo;3507;Campinas;35032;Campinas;22;RM Campinas;3509502;CAMPINAS;350950220;NOVA APARECIDA;35095022000;NOVA APARECIDA;3509502000;CAMPINAS (todos os setores);1;192.0;632.0;3.29;2.58;1244.53;943973.14;1305.74;910294.44;772.94;671442.92;1100.91;595094.29
350950220000055;3;Região Sudeste;35;São Paulo;3507;Campinas;35032;Campinas;22;RM Campinas;3509502;CAMPINAS;350950220;NOVA APARECIDA;35095022000;NOVA APARECIDA;3509502000;CAMPINAS (todos os setores);1;200.0;657.0;3.29;2.12;783.6;437580.52;921.88;387023.16;515.98;359268.87;840.75;312211.3
350950220000056;3;Região Sudeste;35;São Paulo;3507;Campinas;35032;Campinas;22;RM Campinas;3509502;CAMPINAS;350950220;NOVA APARECIDA;35095022000;NOVA APARECIDA;3509502000;CAMPINAS (todos os setores);1;199.0;601.0;3.02;1.52;813.57;566987.71;1058.17;478042.68;546.17;415067.11;943.39;341946.76
350950220000057;3;Região Sudeste;35;São Paulo;3507;Campinas;35032;Campinas;22;RM Campinas;3509502;CAMPINAS;350950220;NOVA APARECIDA;35095022000;NOVA APARECIDA;3509502000;CAMPINAS (todos os setores);1;193.0;592.0;3.07;1.4;993.79;660709.85;1096.01;616383.6;693.69;749717.11;1049.49;760881.86
350950225000001;3;Região Sudeste;35;São Paulo;3507;Campinas;35032;Campinas;22;RM Campinas;3509502;CAMPINAS;350950225;SOUZAS;35095022500;SOUZAS;3509502000;CAMPINAS (todos os setores);1;289.0;844.0;2.92;1.88;3707.37;20060022.39;3799.4;20208847.14;2110.39;11747007.11;2777.01;13609549.9
350950225000002;3;Região Sudeste;35;São Paulo;3507;Campinas;35032;Campinas;22;RM Campinas;3509502;CAMPINAS;350950225;SOUZAS;35095022500;SOUZAS;3509502000;CAMPINAS (todos os setores);1;485.0;1456.0;3.0;1.48;6211.28;24866773.57;6382.35;24458949.23;3408.42;29929790.34;5168.47;36295457.51
350950225000003;3;Região Sudeste;35;São Paulo;3507;Campinas;35032;Campinas;22;RM Campinas;3509502;CAMPINAS;350950225;SOUZAS;35095022500;SOUZAS;3509502000;CAMPINAS (todos os setores);1;326.0;1011.0;3.1;1.73;6783.18;84605064.75;7133.28;86480470.57;3783.3;47146176.32;5278.35;57901873.66
350950225000004;3;Região Sudeste;35;São Paulo;3507;Campinas;35032;Campinas;22;RM Campinas;3509502;CAMPINAS;350950225;SOUZAS;35095022500;SOUZAS;3509502000;CAMPINAS (todos os setores);1;341.0;1028.0;3.01;1.74;3913.23;204108623.25;4080.77;212188238.93;2091.46;75695141.35;2761.88;98138208.16
350950225000005;3;Região Sudeste;35;São Paulo;3507;Campinas;35032;Campinas;22;RM Campinas;3509502;CAMPINAS;350950225;SOUZAS;35095022500;SOUZAS;3509502000;CAMPINAS (todos os setores);1;176.0;529.0;3.01;2.62;2875.37;39738045.86;2942.24;40469695.54;1919.77;35845139.3;2398.49;43655288.84
350950225000006;3;Região Sudeste;35;São Paulo;3507;Campinas;35032;Campinas;22;RM Campinas;3509502;CAMPINAS;350950225;SOUZAS;35095022500;SOUZAS;3509502000;CAMPINAS (todos os setores);1;;;;;;;;;305.69;123627.9;567.71;73709.9
350950225000007;3;Região Sudeste;35;São Paulo;3507;Campinas;35032;Campinas;22;RM Campinas;3509502;CAMPINAS;350950225;SOUZAS;35095022500;SOUZAS;3509502000;CAMPINAS (todos os setores);1;433.0;1356.0;3.13;1.89;4211.82;34981310.16;4383.94;35657909.15;2129.64;16601703.95;3066.2;21036046.58
350950225000008;3;Região Sudeste;35;São Paulo;3507;Campinas;35032;Campinas;22;RM Campinas;3509502;CAMPINAS;350950225;SOUZAS;35095022500;SOUZAS;3509502000;CAMPINAS (todos os setores);1;263.0;803.0;3.05;2.88;1719.66;3217855.35;1853.57;3220227.83;1170.28;2530127.99;1584.85;2769826.88
350950225000009;3;Região Sudeste;35;São Paulo;3507;Campinas;35032;Campinas;22;RM Campinas;3509502;CAMPINAS;350950225;SOUZAS;35095022500;SOUZAS;3509502000;CAMPINAS (todos os setores);1;146.0;441.0;3.02;2.3;1292.38;1195995.06;1451.44;1111677.52;960.61;1004364.15;1211.08;962775.61
350950225000010;3;Região Sudeste;35;São Paulo;3507;Campinas;35032;Campinas;22;RM Campinas;3509502;CAMPINAS;350950225;SOUZAS;35095022500;SOUZAS;3509502000;CAMPINAS (todos os setores);1;178.0;612.0;3.44;2.54;1334.85;2649688.36;1494.36;2728445.73;851.68;1393031.36;1212.34;1546081.88
350950225000011;3;Região Sudeste;35;São Paulo;3507;Campinas;35032;Campinas;22;RM Campinas;3509502;CAMPINAS;350950225;SOUZAS;35095022500;SOUZAS;3509502000;CAMPINAS (todos os setores);1;126.0;437.0;3.47;2.89;2018.47;7672450.19;2119.39;7843602.73;1165.56;3731969.83;1534.93;4349855.38
350950225000012;3;Região Sudeste;35;São Paulo;3507;Campinas;35032;Campinas;22;RM Campinas;3509502;CAMPINAS;350950225;SOUZAS;35095022500;SOUZAS;3509502000;CAMPINAS (todos os setores);1;264.0;964.0;3.65;2.78;1373.35;2546242.18;1498.2;2590852.19;901.76;1604601.06;1207.01;1779599.23
350950225000013;3;Região Sudeste;35;São Paulo;3507;Campinas;35032;Campinas;22;RM Campinas;3509502;CAMPINAS;350950225;SOUZAS;35095022500;SOUZAS;3509502000;CAMPINAS (todos os setores);1;282.0;1002.0;3.55;2.11;1360.29;1101769.52;1469.74;1029278.01;813.6;877939.08;1172.32;844438.82
350950225000014;3;Região Sudeste;35;São Paulo;3507;Campinas;35032;Campinas;22;RM Campinas;3509502;CAMPINAS;350950225;SOUZAS;35095022500;SOUZAS;3509502000;CAMPINAS (todos os setores);2;175.0;554.0;3.17;1.83;2653.82;6446880.66;2977.04;6268693.13;1749.14;7591582.36;2349.67;8790191.92
350950225000015;3;Região Sudeste;35;São Paulo;3507;Campinas;35032;Campinas;22;RM Campinas;3509502;CAMPINAS;350950225;SOUZAS;35095022500;SOUZAS;3509502000;CAMPINAS (todos os setores);1;352.0;1124.0;3.19;1.3;6134.44;29277810.49;7010.79;27310076.56;3790.6;22058813.59;5623.02;22419138.44
350950225000016;3;Região Sudeste;35;São Paulo;3507;Campinas;35032;Campinas;22;RM Campinas;3509502;CAMPINAS;350950225;SOUZAS;35095022500;SOUZAS;3509502000;CAMPINAS (todos os setores);2;5.0;17.0;3.4;3.8;776.0;308280.0;970.0;160133.33;596.92;234656.41;862.22;94644.44
350950225000017;3;Região Sudeste;35;São Paulo;3507;Campinas;35032;Campinas;22;RM Campinas;3509502;CAMPINAS;350950225;SOUZAS;35095022500;SOUZAS;3509502000;CAMPINAS (todos os setores);1;374.0;1207.0;3.23;1.7;5468.11;20363591.37;6159.86;18673547.3;3091.38;15128267.14;4922.11;15076163.78
350950225000018;3;Região Sudeste;35;São Paulo;3507;Campinas;35032;Campinas;22;RM Campinas;3509502;CAMPINAS;350950225;SOUZAS;35095022500;SOUZAS;3509502000;CAMPINAS (todos os setores);8;102.0;373.0;3.66;1.93;1665.69;8541484.18;4356.41;10671997.3;1090.79;6138028.73;3888.91;11055207.6
350950225000019;3;Região Sudeste;35;São Paulo;3507;Campinas;35032;Campinas;22;RM Campinas;3509502;CAMPINAS;350950225;SOUZAS;35095022500;SOUZAS;3509502000;CAMPINAS (todos os setores);8;4.0;13.0;3.25;2.25;1110.0;381466.67;1110.0;381466.67;734.0;401693.33;917.5;324050.0
350950225000020;3;Região Sudeste;35;São Paulo;3507;Campinas;35032;Campinas;22;RM Campinas;3509502;CAMPINAS;350950225;SOUZAS;35095022500;SOUZAS;3509502000;CAMPINAS (todos os setores);8;42.0;133.0;3.17;1.7;1182.02;1206173.19;1210.85;1200546.08;690.66;728393.33;973.58;751606.03
350950225000021;3;Região Sudeste;35;São Paulo;3507;Campinas;35032;Campinas;22;RM Campinas;3509502;CAMPINAS;350950225;SOUZAS;35095022500;SOUZAS;3509502000;CAMPINAS (todos os setores);1;416.0;1493.0;3.59;3.39;989.43;549309.59;1047.34;520738.18;615.96;484573.71;892.3;455358.16
350950225000022;3;Região Sudeste;35;São Paulo;3507;Campinas;35032;Campinas;22;RM Campinas;3509502;CAMPINAS;350950225;SOUZAS;35095022500;SOUZAS;3509502000;CAMPINAS (todos os setores);1;112.0;314.0;2.8;2.61;1736.19;3345840.73;1783.97;3352744.34;1139.28;2059201.27;1442.44;2170333.34
350950225000023;3;Região Sudeste;35;São Paulo;3507;Campinas;35032;Campinas;22;RM Campinas;3509502;CAMPINAS;350950225;SOUZAS;35095022500;SOUZAS;3509502000;CAMPINAS (todos os setores);1;87.0;304.0;3.49;1.11;17417.24;9394514466.72;32240.43;17075362460.68;7158.8;3165364762.47;20552.69;8873760345.96
350950225000024;3;Região Sudeste;35;São Paulo;3507;Campinas;35032;Campinas;22;RM Campinas;3509502;CAMPINAS;350950225;SOUZAS;35095022500;SOUZAS;3509502000;CAMPINAS (todos os setores);1;168.0;498.0;2.96;2.47;2590.76;18064557.16;2621.98;18201183.13;1380.71;10421045.02;1949.24;13612403.78
350950225000025;3;Região Sudeste;35;São Paulo;3507;Campinas;35032;Campinas;22;RM Campinas;3509502;CAMPINAS;350950225;SOUZAS;35095022500;SOUZAS;3509502000;CAMPINAS (todos os setores);1;224.0;847.0;3.78;2.82;1035.2;813440.49;1165.25;763842.23;711.84;559209.01;993.36;500604.12
350950225000026;3;Região Sudeste;35;São Paulo;3507;Campinas;35032;Campinas;22;RM Campinas;3509502;CAMPINAS;350950225;SOUZAS;35095022500;SOUZAS;3509502000;CAMPINAS (todos os setores);1;46.0;155.0;3.37;0.95;15130.43;244497719.81;15818.18;244737801.27;7266.06;130700254.94;10820.11;156454453.83
350950225000027;3;Região Sudeste;35;São Paulo;3507;Campinas;35032;Campinas;22;RM Campinas;3509502;CAMPINAS;350950225;SOUZAS;35095022500;SOUZAS;3509502000;CAMPINAS (todos os setores);8;48.0;160.0;3.33;3.25;2798.33;13062792.91;2857.87;13172912.77;1362.78;6552311.07;2114.66;8600965.58
350950225000028;3;Região Sudeste;35;São Paulo;3507;Campinas;35032;Campinas;22;RM Campinas;3509502;CAMPINAS;350950225;SOUZAS;35095022500;SOUZAS;3509502000;CAMPINAS (todos os setores);4;89.0;249.0;2.8;1.23;3365.06;42935577.55;3608.31;45188753.22;2072.67;25427555.67;2992.33;34014919.56
